/*
Navicat MySQL Data Transfer

Source Server         : 本地开发虚拟机master数据库
Source Server Version : 50721
Source Host           : 192.168.199.151:3306
Source Database       : ruoyi-nbcio

Target Server Type    : MYSQL
Target Server Version : 50721
File Encoding         : 65001

Date: 2023-09-14 13:18:32
*/

SET FOREIGN_KEY_CHECKS=0;

-- ----------------------------
-- Table structure for act_evt_log
-- ----------------------------
DROP TABLE IF EXISTS `act_evt_log`;
CREATE TABLE `act_evt_log` (
  `LOG_NR_` bigint(20) NOT NULL AUTO_INCREMENT,
  `TYPE_` varchar(64) COLLATE utf8_bin DEFAULT NULL,
  `PROC_DEF_ID_` varchar(64) COLLATE utf8_bin DEFAULT NULL,
  `PROC_INST_ID_` varchar(64) COLLATE utf8_bin DEFAULT NULL,
  `EXECUTION_ID_` varchar(64) COLLATE utf8_bin DEFAULT NULL,
  `TASK_ID_` varchar(64) COLLATE utf8_bin DEFAULT NULL,
  `TIME_STAMP_` timestamp(3) NOT NULL DEFAULT CURRENT_TIMESTAMP(3),
  `USER_ID_` varchar(255) COLLATE utf8_bin DEFAULT NULL,
  `DATA_` longblob,
  `LOCK_OWNER_` varchar(255) COLLATE utf8_bin DEFAULT NULL,
  `LOCK_TIME_` timestamp(3) NULL DEFAULT NULL,
  `IS_PROCESSED_` tinyint(4) DEFAULT '0',
  PRIMARY KEY (`LOG_NR_`)
) ENGINE=InnoDB DEFAULT CHARSET=utf8 COLLATE=utf8_bin;

-- ----------------------------
-- Records of act_evt_log
-- ----------------------------

-- ----------------------------
-- Table structure for act_ge_bytearray
-- ----------------------------
DROP TABLE IF EXISTS `act_ge_bytearray`;
CREATE TABLE `act_ge_bytearray` (
  `ID_` varchar(64) COLLATE utf8_bin NOT NULL,
  `REV_` int(11) DEFAULT NULL,
  `NAME_` varchar(255) COLLATE utf8_bin DEFAULT NULL,
  `DEPLOYMENT_ID_` varchar(64) COLLATE utf8_bin DEFAULT NULL,
  `BYTES_` longblob,
  `GENERATED_` tinyint(4) DEFAULT NULL,
  PRIMARY KEY (`ID_`),
  KEY `ACT_FK_BYTEARR_DEPL` (`DEPLOYMENT_ID_`),
  CONSTRAINT `ACT_FK_BYTEARR_DEPL` FOREIGN KEY (`DEPLOYMENT_ID_`) REFERENCES `act_re_deployment` (`ID_`)
) ENGINE=InnoDB DEFAULT CHARSET=utf8 COLLATE=utf8_bin;

-- ----------------------------
-- Records of act_ge_bytearray
-- ----------------------------
INSERT INTO `act_ge_bytearray` VALUES ('02664866-4611-11ee-bc76-601895569a42', '1', 'hist.var-field102', null, 0xACED0005737200136A6176612E7574696C2E41727261794C6973747881D21D99C7619D03000149000473697A65787000000001770400000001737200176A6176612E7574696C2E4C696E6B6564486173684D617034C04E5C106CC0FB0200015A000B6163636573734F72646572787200116A6176612E7574696C2E486173684D61700507DAC1C31660D103000246000A6C6F6164466163746F724900097468726573686F6C6478703F4000000000000C77080000001000000007740006737461747573740007737563636573737400046E616D657400106469616772616D20283132292E584D4C74000473697A65737200116A6176612E6C616E672E496E746567657212E2A0A4F781873802000149000576616C7565787200106A6176612E6C616E672E4E756D62657286AC951D0B94E08B02000078700000157074000A70657263656E746167657371007E000A000000647400037569647372000E6A6176612E6C616E672E4C6F6E673B8BE490CC8F23DF0200014A000576616C75657871007E000B0000018A3F0B8F1A7400037261777371007E00023F400000000000017708000000020000000171007E000F7371007E00100000018A3F0B8F1A7800740008726573706F6E73657371007E00023F4000000000000C77080000001000000003740004636F64657371007E000A000001F47400036D7367740096E5889BE5BBBA4275636B6574E5A4B1E8B4A52C20E8AFB7E6A0B8E5AFB9E9858DE7BDAEE4BFA1E681AF3A5B556E61626C6520746F2065786563757465204854545020726571756573743A20436F6E6E65637420746F203132372E302E302E313A39303030205B2F3132372E302E302E315D206661696C65643A20436F6E6E656374696F6E20726566757365643A20636F6E6E6563745D74000464617461707800780078, null);
INSERT INTO `act_ge_bytearray` VALUES ('0866fb92-4fd1-11ee-8e54-601895569a42', '1', 'source', null, 0x3C3F786D6C2076657273696F6E3D22312E302220656E636F64696E673D225554462D38223F3E0A3C62706D6E323A646566696E6974696F6E7320786D6C6E733A7873693D22687474703A2F2F7777772E77332E6F72672F323030312F584D4C536368656D612D696E7374616E63652220786D6C6E733A62706D6E323D22687474703A2F2F7777772E6F6D672E6F72672F737065632F42504D4E2F32303130303532342F4D4F44454C2220786D6C6E733A62706D6E64693D22687474703A2F2F7777772E6F6D672E6F72672F737065632F42504D4E2F32303130303532342F44492220786D6C6E733A64633D22687474703A2F2F7777772E6F6D672E6F72672F737065632F44442F32303130303532342F44432220786D6C6E733A64693D22687474703A2F2F7777772E6F6D672E6F72672F737065632F44442F32303130303532342F44492220786D6C6E733A666C6F7761626C653D22687474703A2F2F666C6F7761626C652E6F72672F62706D6E222069643D226469616772616D5F50726F636573735F3136393333313433313133373422207461726765744E616D6573706163653D22687474703A2F2F666C6F7761626C652E6F72672F62706D6E22207873693A736368656D614C6F636174696F6E3D22687474703A2F2F7777772E6F6D672E6F72672F737065632F42504D4E2F32303130303532342F4D4F44454C2042504D4E32302E787364223E0A20203C62706D6E323A70726F636573732069643D2250726F636573735F3136393333313433313133373422206E616D653D22E4B89AE58AA1E6B581E7A88B5FE6B58BE8AF95E58AA8E68081E68C87E5AE9AE5AEA1E689B9E4BABA2220697345786563757461626C653D2274727565223E0A202020203C62706D6E323A73746172744576656E742069643D224576656E745F307861626F6B342220666C6F7761626C653A666F726D4B65793D226B65795F31373030383031343235373731343636373533223E0A2020202020203C62706D6E323A6F7574676F696E673E466C6F775F316932723233653C2F62706D6E323A6F7574676F696E673E0A202020203C2F62706D6E323A73746172744576656E743E0A202020203C62706D6E323A757365725461736B2069643D2241637469766974795F306F6D726C6E712220666C6F7761626C653A64617461547970653D22494E49544941544F522220666C6F7761626C653A61737369676E65653D22247B696E69746961746F727D2220666C6F7761626C653A746578743D22E6B581E7A88BE58F91E8B5B7E4BABA223E0A2020202020203C62706D6E323A696E636F6D696E673E466C6F775F316932723233653C2F62706D6E323A696E636F6D696E673E0A2020202020203C62706D6E323A6F7574676F696E673E466C6F775F306A6E7A6C306A3C2F62706D6E323A6F7574676F696E673E0A202020203C2F62706D6E323A757365725461736B3E0A202020203C62706D6E323A73657175656E6365466C6F772069643D22466C6F775F316932723233652220736F757263655265663D224576656E745F307861626F6B3422207461726765745265663D2241637469766974795F306F6D726C6E7122202F3E0A202020203C62706D6E323A757365725461736B2069643D2241637469766974795F3038716D6D75662220666C6F7761626C653A64617461547970653D22494E49544941544F522220666C6F7761626C653A61737369676E65653D22247B696E69746961746F727D2220666C6F7761626C653A746578743D22E6B581E7A88BE58F91E8B5B7E4BABA223E0A2020202020203C62706D6E323A696E636F6D696E673E466C6F775F306A6E7A6C306A3C2F62706D6E323A696E636F6D696E673E0A2020202020203C62706D6E323A6F7574676F696E673E466C6F775F313934763874723C2F62706D6E323A6F7574676F696E673E0A202020203C2F62706D6E323A757365725461736B3E0A202020203C62706D6E323A73657175656E6365466C6F772069643D22466C6F775F306A6E7A6C306A2220736F757263655265663D2241637469766974795F306F6D726C6E7122207461726765745265663D2241637469766974795F3038716D6D756622202F3E0A202020203C62706D6E323A757365725461736B2069643D2241637469766974795F306D6B646A31362220666C6F7761626C653A64617461547970653D22524F4C45532220666C6F7761626C653A61737369676E65653D22247B61737369676E65657D223E0A2020202020203C62706D6E323A696E636F6D696E673E466C6F775F313934763874723C2F62706D6E323A696E636F6D696E673E0A2020202020203C62706D6E323A6F7574676F696E673E466C6F775F317269716132613C2F62706D6E323A6F7574676F696E673E0A2020202020203C62706D6E323A6D756C7469496E7374616E63654C6F6F7043686172616374657269737469637320666C6F7761626C653A636F6C6C656374696F6E3D22247B6D756C7469496E7374616E636548616E646C65722E6765745573657249647328657865637574696F6E297D2220666C6F7761626C653A656C656D656E745661726961626C653D2261737369676E6565223E0A20202020202020203C62706D6E323A636F6D706C6574696F6E436F6E646974696F6E207873693A747970653D2262706D6E323A74466F726D616C45787072657373696F6E223E247B6E724F66436F6D706C65746564496E7374616E636573202667743B3D206E724F66496E7374616E6365737D3C2F62706D6E323A636F6D706C6574696F6E436F6E646974696F6E3E0A2020202020203C2F62706D6E323A6D756C7469496E7374616E63654C6F6F704368617261637465726973746963733E0A202020203C2F62706D6E323A757365725461736B3E0A202020203C62706D6E323A73657175656E6365466C6F772069643D22466C6F775F313934763874722220736F757263655265663D2241637469766974795F3038716D6D756622207461726765745265663D2241637469766974795F306D6B646A313622202F3E0A202020203C62706D6E323A757365725461736B2069643D2241637469766974795F306834686F30782220666C6F7761626C653A64617461547970653D22494E49544941544F522220666C6F7761626C653A61737369676E65653D22247B696E69746961746F727D2220666C6F7761626C653A746578743D22E6B581E7A88BE58F91E8B5B7E4BABA223E0A2020202020203C62706D6E323A696E636F6D696E673E466C6F775F317269716132613C2F62706D6E323A696E636F6D696E673E0A2020202020203C62706D6E323A6F7574676F696E673E466C6F775F306534343777773C2F62706D6E323A6F7574676F696E673E0A202020203C2F62706D6E323A757365725461736B3E0A202020203C62706D6E323A73657175656E6365466C6F772069643D22466C6F775F317269716132612220736F757263655265663D2241637469766974795F306D6B646A313622207461726765745265663D2241637469766974795F306834686F307822202F3E0A202020203C62706D6E323A656E644576656E742069643D224576656E745F30616B61766F78223E0A2020202020203C62706D6E323A696E636F6D696E673E466C6F775F306534343777773C2F62706D6E323A696E636F6D696E673E0A202020203C2F62706D6E323A656E644576656E743E0A202020203C62706D6E323A73657175656E6365466C6F772069643D22466C6F775F306534343777772220736F757263655265663D2241637469766974795F306834686F307822207461726765745265663D224576656E745F30616B61766F7822202F3E0A20203C2F62706D6E323A70726F636573733E0A20203C62706D6E64693A42504D4E4469616772616D2069643D2242504D4E4469616772616D5F31223E0A202020203C62706D6E64693A42504D4E506C616E652069643D2242504D4E506C616E655F31222062706D6E456C656D656E743D2250726F636573735F31363933333134333131333734223E0A2020202020203C62706D6E64693A42504D4E456467652069643D22466C6F775F306534343777775F6469222062706D6E456C656D656E743D22466C6F775F30653434377777223E0A20202020202020203C64693A776179706F696E7420783D223838302220793D2231383022202F3E0A20202020202020203C64693A776179706F696E7420783D223934322220793D2231383022202F3E0A2020202020203C2F62706D6E64693A42504D4E456467653E0A2020202020203C62706D6E64693A42504D4E456467652069643D22466C6F775F317269716132615F6469222062706D6E456C656D656E743D22466C6F775F31726971613261223E0A20202020202020203C64693A776179706F696E7420783D223732302220793D2231383022202F3E0A20202020202020203C64693A776179706F696E7420783D223738302220793D2231383022202F3E0A2020202020203C2F62706D6E64693A42504D4E456467653E0A2020202020203C62706D6E64693A42504D4E456467652069643D22466C6F775F313934763874725F6469222062706D6E456C656D656E743D22466C6F775F31393476387472223E0A20202020202020203C64693A776179706F696E7420783D223536302220793D2231383022202F3E0A20202020202020203C64693A776179706F696E7420783D223632302220793D2231383022202F3E0A2020202020203C2F62706D6E64693A42504D4E456467653E0A2020202020203C62706D6E64693A42504D4E456467652069643D22466C6F775F306A6E7A6C306A5F6469222062706D6E456C656D656E743D22466C6F775F306A6E7A6C306A223E0A20202020202020203C64693A776179706F696E7420783D223430302220793D2231383022202F3E0A20202020202020203C64693A776179706F696E7420783D223436302220793D2231383022202F3E0A2020202020203C2F62706D6E64693A42504D4E456467653E0A2020202020203C62706D6E64693A42504D4E456467652069643D22466C6F775F316932723233655F6469222062706D6E456C656D656E743D22466C6F775F31693272323365223E0A20202020202020203C64693A776179706F696E7420783D223234382220793D2231383022202F3E0A20202020202020203C64693A776179706F696E7420783D223330302220793D2231383022202F3E0A2020202020203C2F62706D6E64693A42504D4E456467653E0A2020202020203C62706D6E64693A42504D4E53686170652069643D224576656E745F307861626F6B345F6469222062706D6E456C656D656E743D224576656E745F307861626F6B34223E0A20202020202020203C64633A426F756E647320783D223231322220793D22313632222077696474683D22333622206865696768743D22333622202F3E0A2020202020203C2F62706D6E64693A42504D4E53686170653E0A2020202020203C62706D6E64693A42504D4E53686170652069643D2241637469766974795F306F6D726C6E715F6469222062706D6E456C656D656E743D2241637469766974795F306F6D726C6E71223E0A20202020202020203C64633A426F756E647320783D223330302220793D22313430222077696474683D2231303022206865696768743D22383022202F3E0A2020202020203C2F62706D6E64693A42504D4E53686170653E0A2020202020203C62706D6E64693A42504D4E53686170652069643D2241637469766974795F3038716D6D75665F6469222062706D6E456C656D656E743D2241637469766974795F3038716D6D7566223E0A20202020202020203C64633A426F756E647320783D223436302220793D22313430222077696474683D2231303022206865696768743D22383022202F3E0A2020202020203C2F62706D6E64693A42504D4E53686170653E0A2020202020203C62706D6E64693A42504D4E53686170652069643D2241637469766974795F306D6B646A31365F6469222062706D6E456C656D656E743D2241637469766974795F306D6B646A3136223E0A20202020202020203C64633A426F756E647320783D223632302220793D22313430222077696474683D2231303022206865696768743D22383022202F3E0A2020202020203C2F62706D6E64693A42504D4E53686170653E0A2020202020203C62706D6E64693A42504D4E53686170652069643D2241637469766974795F306834686F30785F6469222062706D6E456C656D656E743D2241637469766974795F306834686F3078223E0A20202020202020203C64633A426F756E647320783D223738302220793D22313430222077696474683D2231303022206865696768743D22383022202F3E0A2020202020203C2F62706D6E64693A42504D4E53686170653E0A2020202020203C62706D6E64693A42504D4E53686170652069643D224576656E745F30616B61766F785F6469222062706D6E456C656D656E743D224576656E745F30616B61766F78223E0A20202020202020203C64633A426F756E647320783D223934322220793D22313632222077696474683D22333622206865696768743D22333622202F3E0A2020202020203C2F62706D6E64693A42504D4E53686170653E0A202020203C2F62706D6E64693A42504D4E506C616E653E0A20203C2F62706D6E64693A42504D4E4469616772616D3E0A3C2F62706D6E323A646566696E6974696F6E733E0A, null);
INSERT INTO `act_ge_bytearray` VALUES ('09d0ebd4-4fd1-11ee-8e54-601895569a42', '1', '业务流程_测试动态指定审批人.bpmn', '09d0ebd3-4fd1-11ee-8e54-601895569a42', 0x3C3F786D6C2076657273696F6E3D22312E302220656E636F64696E673D225554462D38223F3E0A3C62706D6E323A646566696E6974696F6E7320786D6C6E733A7873693D22687474703A2F2F7777772E77332E6F72672F323030312F584D4C536368656D612D696E7374616E63652220786D6C6E733A62706D6E323D22687474703A2F2F7777772E6F6D672E6F72672F737065632F42504D4E2F32303130303532342F4D4F44454C2220786D6C6E733A62706D6E64693D22687474703A2F2F7777772E6F6D672E6F72672F737065632F42504D4E2F32303130303532342F44492220786D6C6E733A64633D22687474703A2F2F7777772E6F6D672E6F72672F737065632F44442F32303130303532342F44432220786D6C6E733A64693D22687474703A2F2F7777772E6F6D672E6F72672F737065632F44442F32303130303532342F44492220786D6C6E733A666C6F7761626C653D22687474703A2F2F666C6F7761626C652E6F72672F62706D6E222069643D226469616772616D5F50726F636573735F3136393333313433313133373422207461726765744E616D6573706163653D22687474703A2F2F666C6F7761626C652E6F72672F62706D6E22207873693A736368656D614C6F636174696F6E3D22687474703A2F2F7777772E6F6D672E6F72672F737065632F42504D4E2F32303130303532342F4D4F44454C2042504D4E32302E787364223E0A20203C62706D6E323A70726F636573732069643D2250726F636573735F3136393333313433313133373422206E616D653D22E4B89AE58AA1E6B581E7A88B5FE6B58BE8AF95E58AA8E68081E68C87E5AE9AE5AEA1E689B9E4BABA2220697345786563757461626C653D2274727565223E0A202020203C62706D6E323A73746172744576656E742069643D224576656E745F307861626F6B342220666C6F7761626C653A666F726D4B65793D226B65795F31373030383031343235373731343636373533223E0A2020202020203C62706D6E323A6F7574676F696E673E466C6F775F316932723233653C2F62706D6E323A6F7574676F696E673E0A202020203C2F62706D6E323A73746172744576656E743E0A202020203C62706D6E323A757365725461736B2069643D2241637469766974795F306F6D726C6E712220666C6F7761626C653A64617461547970653D22494E49544941544F522220666C6F7761626C653A61737369676E65653D22247B696E69746961746F727D2220666C6F7761626C653A746578743D22E6B581E7A88BE58F91E8B5B7E4BABA223E0A2020202020203C62706D6E323A696E636F6D696E673E466C6F775F316932723233653C2F62706D6E323A696E636F6D696E673E0A2020202020203C62706D6E323A6F7574676F696E673E466C6F775F306A6E7A6C306A3C2F62706D6E323A6F7574676F696E673E0A202020203C2F62706D6E323A757365725461736B3E0A202020203C62706D6E323A73657175656E6365466C6F772069643D22466C6F775F316932723233652220736F757263655265663D224576656E745F307861626F6B3422207461726765745265663D2241637469766974795F306F6D726C6E7122202F3E0A202020203C62706D6E323A757365725461736B2069643D2241637469766974795F3038716D6D75662220666C6F7761626C653A64617461547970653D22494E49544941544F522220666C6F7761626C653A61737369676E65653D22247B696E69746961746F727D2220666C6F7761626C653A746578743D22E6B581E7A88BE58F91E8B5B7E4BABA223E0A2020202020203C62706D6E323A696E636F6D696E673E466C6F775F306A6E7A6C306A3C2F62706D6E323A696E636F6D696E673E0A2020202020203C62706D6E323A6F7574676F696E673E466C6F775F313934763874723C2F62706D6E323A6F7574676F696E673E0A202020203C2F62706D6E323A757365725461736B3E0A202020203C62706D6E323A73657175656E6365466C6F772069643D22466C6F775F306A6E7A6C306A2220736F757263655265663D2241637469766974795F306F6D726C6E7122207461726765745265663D2241637469766974795F3038716D6D756622202F3E0A202020203C62706D6E323A757365725461736B2069643D2241637469766974795F306D6B646A31362220666C6F7761626C653A64617461547970653D22524F4C45532220666C6F7761626C653A61737369676E65653D22247B61737369676E65657D223E0A2020202020203C62706D6E323A696E636F6D696E673E466C6F775F313934763874723C2F62706D6E323A696E636F6D696E673E0A2020202020203C62706D6E323A6F7574676F696E673E466C6F775F317269716132613C2F62706D6E323A6F7574676F696E673E0A2020202020203C62706D6E323A6D756C7469496E7374616E63654C6F6F7043686172616374657269737469637320666C6F7761626C653A636F6C6C656374696F6E3D22247B6D756C7469496E7374616E636548616E646C65722E6765745573657249647328657865637574696F6E297D2220666C6F7761626C653A656C656D656E745661726961626C653D2261737369676E6565223E0A20202020202020203C62706D6E323A636F6D706C6574696F6E436F6E646974696F6E207873693A747970653D2262706D6E323A74466F726D616C45787072657373696F6E223E247B6E724F66436F6D706C65746564496E7374616E636573202667743B3D206E724F66496E7374616E6365737D3C2F62706D6E323A636F6D706C6574696F6E436F6E646974696F6E3E0A2020202020203C2F62706D6E323A6D756C7469496E7374616E63654C6F6F704368617261637465726973746963733E0A202020203C2F62706D6E323A757365725461736B3E0A202020203C62706D6E323A73657175656E6365466C6F772069643D22466C6F775F313934763874722220736F757263655265663D2241637469766974795F3038716D6D756622207461726765745265663D2241637469766974795F306D6B646A313622202F3E0A202020203C62706D6E323A757365725461736B2069643D2241637469766974795F306834686F30782220666C6F7761626C653A64617461547970653D22494E49544941544F522220666C6F7761626C653A61737369676E65653D22247B696E69746961746F727D2220666C6F7761626C653A746578743D22E6B581E7A88BE58F91E8B5B7E4BABA223E0A2020202020203C62706D6E323A696E636F6D696E673E466C6F775F317269716132613C2F62706D6E323A696E636F6D696E673E0A2020202020203C62706D6E323A6F7574676F696E673E466C6F775F306534343777773C2F62706D6E323A6F7574676F696E673E0A202020203C2F62706D6E323A757365725461736B3E0A202020203C62706D6E323A73657175656E6365466C6F772069643D22466C6F775F317269716132612220736F757263655265663D2241637469766974795F306D6B646A313622207461726765745265663D2241637469766974795F306834686F307822202F3E0A202020203C62706D6E323A656E644576656E742069643D224576656E745F30616B61766F78223E0A2020202020203C62706D6E323A696E636F6D696E673E466C6F775F306534343777773C2F62706D6E323A696E636F6D696E673E0A202020203C2F62706D6E323A656E644576656E743E0A202020203C62706D6E323A73657175656E6365466C6F772069643D22466C6F775F306534343777772220736F757263655265663D2241637469766974795F306834686F307822207461726765745265663D224576656E745F30616B61766F7822202F3E0A20203C2F62706D6E323A70726F636573733E0A20203C62706D6E64693A42504D4E4469616772616D2069643D2242504D4E4469616772616D5F31223E0A202020203C62706D6E64693A42504D4E506C616E652069643D2242504D4E506C616E655F31222062706D6E456C656D656E743D2250726F636573735F31363933333134333131333734223E0A2020202020203C62706D6E64693A42504D4E456467652069643D22466C6F775F306534343777775F6469222062706D6E456C656D656E743D22466C6F775F30653434377777223E0A20202020202020203C64693A776179706F696E7420783D223838302220793D2231383022202F3E0A20202020202020203C64693A776179706F696E7420783D223934322220793D2231383022202F3E0A2020202020203C2F62706D6E64693A42504D4E456467653E0A2020202020203C62706D6E64693A42504D4E456467652069643D22466C6F775F317269716132615F6469222062706D6E456C656D656E743D22466C6F775F31726971613261223E0A20202020202020203C64693A776179706F696E7420783D223732302220793D2231383022202F3E0A20202020202020203C64693A776179706F696E7420783D223738302220793D2231383022202F3E0A2020202020203C2F62706D6E64693A42504D4E456467653E0A2020202020203C62706D6E64693A42504D4E456467652069643D22466C6F775F313934763874725F6469222062706D6E456C656D656E743D22466C6F775F31393476387472223E0A20202020202020203C64693A776179706F696E7420783D223536302220793D2231383022202F3E0A20202020202020203C64693A776179706F696E7420783D223632302220793D2231383022202F3E0A2020202020203C2F62706D6E64693A42504D4E456467653E0A2020202020203C62706D6E64693A42504D4E456467652069643D22466C6F775F306A6E7A6C306A5F6469222062706D6E456C656D656E743D22466C6F775F306A6E7A6C306A223E0A20202020202020203C64693A776179706F696E7420783D223430302220793D2231383022202F3E0A20202020202020203C64693A776179706F696E7420783D223436302220793D2231383022202F3E0A2020202020203C2F62706D6E64693A42504D4E456467653E0A2020202020203C62706D6E64693A42504D4E456467652069643D22466C6F775F316932723233655F6469222062706D6E456C656D656E743D22466C6F775F31693272323365223E0A20202020202020203C64693A776179706F696E7420783D223234382220793D2231383022202F3E0A20202020202020203C64693A776179706F696E7420783D223330302220793D2231383022202F3E0A2020202020203C2F62706D6E64693A42504D4E456467653E0A2020202020203C62706D6E64693A42504D4E53686170652069643D224576656E745F307861626F6B345F6469222062706D6E456C656D656E743D224576656E745F307861626F6B34223E0A20202020202020203C64633A426F756E647320783D223231322220793D22313632222077696474683D22333622206865696768743D22333622202F3E0A2020202020203C2F62706D6E64693A42504D4E53686170653E0A2020202020203C62706D6E64693A42504D4E53686170652069643D2241637469766974795F306F6D726C6E715F6469222062706D6E456C656D656E743D2241637469766974795F306F6D726C6E71223E0A20202020202020203C64633A426F756E647320783D223330302220793D22313430222077696474683D2231303022206865696768743D22383022202F3E0A2020202020203C2F62706D6E64693A42504D4E53686170653E0A2020202020203C62706D6E64693A42504D4E53686170652069643D2241637469766974795F3038716D6D75665F6469222062706D6E456C656D656E743D2241637469766974795F3038716D6D7566223E0A20202020202020203C64633A426F756E647320783D223436302220793D22313430222077696474683D2231303022206865696768743D22383022202F3E0A2020202020203C2F62706D6E64693A42504D4E53686170653E0A2020202020203C62706D6E64693A42504D4E53686170652069643D2241637469766974795F306D6B646A31365F6469222062706D6E456C656D656E743D2241637469766974795F306D6B646A3136223E0A20202020202020203C64633A426F756E647320783D223632302220793D22313430222077696474683D2231303022206865696768743D22383022202F3E0A2020202020203C2F62706D6E64693A42504D4E53686170653E0A2020202020203C62706D6E64693A42504D4E53686170652069643D2241637469766974795F306834686F30785F6469222062706D6E456C656D656E743D2241637469766974795F306834686F3078223E0A20202020202020203C64633A426F756E647320783D223738302220793D22313430222077696474683D2231303022206865696768743D22383022202F3E0A2020202020203C2F62706D6E64693A42504D4E53686170653E0A2020202020203C62706D6E64693A42504D4E53686170652069643D224576656E745F30616B61766F785F6469222062706D6E456C656D656E743D224576656E745F30616B61766F78223E0A20202020202020203C64633A426F756E647320783D223934322220793D22313632222077696474683D22333622206865696768743D22333622202F3E0A2020202020203C2F62706D6E64693A42504D4E53686170653E0A202020203C2F62706D6E64693A42504D4E506C616E653E0A20203C2F62706D6E64693A42504D4E4469616772616D3E0A3C2F62706D6E323A646566696E6974696F6E733E0A, '0');
INSERT INTO `act_ge_bytearray` VALUES ('0b13a505-4fd1-11ee-8e54-601895569a42', '1', '业务流程_测试动态指定审批人.Process_1693314311374.png', '09d0ebd3-4fd1-11ee-8e54-601895569a42', 0x89504E470D0A1A0A0000000D49484452000003DC000000E6080600000027598D4B0000111F4944415478DAEDDD4D6CD4E79DC0710E39F4D0430E39F4D0430E3DF4502939F4B0873D70D8430F48E580E3780C828CE5B049904392062B11CE162B2F4A9638154E144541226D9152CB2BC3AEB5EA8B81185BEE10B18A6830495496942538B318BC64B1A98371F2EFF34C3DE81F630763E379FD7CA49F68EC042CF7CBFCE6F1FC6766CD1A000000000000000000000000000000000000000000000000000000000000000000000000000000000000000000000000000000000000000000000000000000000000000000000000000000000000000000000000000000000000000000000000000000000000000000000000000000000000000000000000000000000000000000000000000000000000000000000000000000000000000000000000000000000000000000000000000000000000000000000000000000000000000000000000000000000000000000000000000000000000000000000000000000000000000000000000000000000000000000000000000000000000000000000000000000000000000000000000000000000000000000000000000000000000000000000000000000000000000000000000000000000000000000000000000000000000000000000000000000000000000000000000000000000000000000000000000000000000000000000000000000000000000000000000000000000000000000000000000000000000000000000000000000000000000000000000000000000000000000000000000000000000000000000000000000000000000000000000000000000000000000000000000000000000000000000000000000000000000000000000000000000000000000000000000000000000000000000000000000000000000000000000000000000000000000000000000000000000000000AA4E9224777DFAE9A7BDC78E1DFBEAF0E1C3C9C0C08029F11C3A7428191A1ABA1466A3FEF4A03FFDE94F7F467F00D488B8EC87878793F1F1F1E4DAB56BA64C73F1E2C5E4E8D1A3FF1F96FF06FD19FDE94F7FFA33FA03A006C49FAC5BF615B3F4AF0D0C0C7CAC3FA33FFDE94F7F467F00D48078199B655B391316FE75FD19FDE94F7FFA33FA03A006C4E73059B415B5F013FD19FDE94F7FFA33FA03A08E16FED417F9E4D3E3FB9253873A0B13FF77FC98256DE1EB4F7FFA33FAD39FFE0060990B7FF2F25832FAFB8EE44FFFF9F437267E2C7ECEA2B6F0F5A73FFD19FDE94F7F00B08C85FFD9A9FFB869D917E7FCA97E8BDAC2D79FFEF467F4A73FFD01C07216FEC7EFBDBCE8C28F9FB3A82D7CFDE94F7F467FFAD31F002C63E18F0EFC7CD1851F3F67515BF8FAD39FFE8CFEF4A73F00B0F02D7CFD19FDE94F7FFA330EDC0054C6C28FAF8ABAD8C28F9FB3A82D7CFDE94F7F467FFAD31F002C63E19F1E797DD1851F3F67515BF8FAD39FFE8CFEF4A73F0058C6C29F18FB3019FDC3BFDC7C395BF858FC9C456DE1EB4F7FFA33FAD39FFE0060190B3FCE5FFEEB57372DFCF8314BDAC2D79FFEF467F4A73FFD01C07217FE975F26A7FFF8E6CD97B3858FC5CF59D416BEFEF4A73FA33FFDE90F006E73E14F5E1E4BFE3CD2BDE873C8E2E7E2BF63595BF8FAD39FFE8CFEF4A73F0058CAC2FFF2CB247FFA4872F277CF2EBAEC8B13FF9DF8EFFA69BB85AF3FFDE9CFE84F7FFA03806F59F8B7FAA9BA9FB65BF8FAD39FFEF4A73FFDE90F0096B1F097F253F56FFB69BBC56DE1EB4F7FFA33FAD39FFE0070E05E60E12F77D917C7E2B6F0F5A73FFD19FDE94F7F0038702FF16D498C85AF3FFDE9CFE84F7FFAAB6F5BB66CB9FBC1071FDC10A63B4C2E4C3E4C929AF8CFB9C6C6C6B79B9A9A3686B9C7770D6ACCF9F3E7EF3B70E0C02FDE78E38DD19D3B774E6EDBB6EDABE6E6E61B3704ADADAD334F3DF5D4C4AE5DBB8676EFDEFDCFE186E33B0EDC16AD85AF3FA33FA33FFDE98F858503F4BA703FBA3F1CA067E71DB06F39E1BF1908B37EEDDAB577F94E42954A92E4AE5C2EB763CF9E3DF970A04E5E7AE9A5A4AFAF2F3971E24432363696CCCECE2645131313C9871F7E981C3C783079FDF5D79370E09E7DFAE9A7FF98CD66EF73E03616BEFEF4A73FA33FFDE98FBF0B07E61F87C3F2B1DB3D642F32C7C3EFF513DF55A832478F1ECDBEF6DA6B938F3EFA68D2DBDB9BE4F3F9E4765CBE7CB97023FBD8638F5D6F6B6B1B093706F75AF8C6C2D79FFEF467F4A73FFDD5ABF86874381CBFB4D023DAEDEDED85FBDC232323C9B973E792E9E9E9C27DEA999999C23F1F3B76ACF0C0574747C76207EFEE7ABFC214AA427C54BBA7A7E764369B4DDE7DF7DD1B7FD9972B3E0A1E1FF5DEB469D3F5969696760BDF58F8FAD39FFE8CFEF4A7BF7AD3DCDCFCFDF98F6A87FBC7C9BE7DFB6EFB81ADB367CF267BF7EE8D5794CE3F749F8C7F8EEF3654A8F097FDDEEEEEEEF1EDDBB717FE22DF49F1F77BE28927A65B5B5BF7D7C34FDF2C7C0B5F7F467F467FFAD39F0377140EDA3FCC64329FA70FC7F1A99AE3E3E32BBA7F1D9FD2D9D9D939FFD0FD59BD5D590A5573D88E9790C7CB54E2E5E0AB213E5AFEC20B2F5C6D6969F96DADBFC083856FE1EBCFE8CFE84F7FFA73E08E8F38A70FDBF151EDC1C1C16FBC16D24A0D0F0F177E5F876EA850F132F2F8C8763C6CAFF412F2A55C62FEFCF3CF5F09370A7B2D7C63E1EB4F7FFA33FAD39FFE6AD5DC73B66F5C461EDFE1E7934F3E5995FBD8F139DEF32E313FD9D0D0F05D271DA800F139DBF132F22B57AE24A5100FF56D6D6D57C28DCE0E0BDF58F8FAD39FFE8CFEF4A7BF5A145F202DFDC8F66A1DB6D387EEF4DBF6C6175273D281321B1A1A6A8D2F9076A79FB3BD94E774871B84E98686861F58F8C6C2D79FFEF467F4A73FFDD592B9B7FEBAF16AE4F132F252889797CF7BBF6E6F1906E5122F257FF5D557A7E2AB9197435F5FDF17E1D0DD67E11B0B5F7FFAD39FD19FFEF4574BD29792C71748BB93CFD9BE95792FA476BCD65F3B092A562E97DB11DF677BB59FB7FD6DCFE7CE66B3173299CCFD16BEB1F0F5A73FFD19FDE94F7FB5A0B1B1715DFA52F295BE1AF9725EBD3CFD7CEE70F85FEFE40365D0D5D595EFEDED4DCAA9BFBF3FBE8AE2AF2D7C63E1EB4F7FFA33FAD39FFE6A41B86FDB5F3CECC6F7D92E87FDFBF7A70FDC034E3E5062E7CF9FBFAFB5B535C9E7F3653D70C7B720CB6432FF576BEFCD6DE15BF8FA33FA33FAD39FFEEAEFC01DEED3DE9D7EEE76B9EE6BC747D5D32FA016BEA67B9C80A0840E1C38F08B575E7925A904CF3CF3CCF178E94D357CDFE24F08C3FCA3856FE1EBCFE84F7FFAD39FA9AF03F7523A0C87DB0DC5436E7B7B7B59EF63C7B7FC4D1DB8373A014109EDD9B3E7545F5F5F451CB8DF79E79D93D5F2B605E94B731A1B1BFFC1C2B7F0F567F4A73FFDE9CFD4C7817B291DC6FBB4C57FAFDC4FDD8CF7F58B5F4BF87ADF76028212DAB973E7E48913272AE2C0FDC1071F9C0E3704B96ABAA14DCD6F17FA49A7856FE1EBCFE8CFE84F7FFAABCD03F7B77518EFD3163F3F323252D6FBD8F17DB9535F6B6E0D503ADBB66DFBAADCCFDF2EBA74E9D254B811C857E90DED8D9F74A66F702D7C0B5F7F467F467FFAD35FCD1FB86FEA30DEA72D7EFCDCB97365BD8F3D363696FE3AF36B80D2892FA250CAF703BC95784350CD37B4E99F74C64B8C2C7C0B5F7F467F467FFAD35F7D1CB8D31DA6FF796666A6ACF7AFE39F9FFE7A9C80A0C4371895640937605535167E654DADF5A53FFDE9CFE84F7FFAABFCA9B4FBD84E4050BF8F704FD6C023DC85575A5FBB76ED5D2E69F31376FD19FDF9FF5D7FFA3375F508F78D0ED31F9F9E9EF60837D4AB471E79E45AA53C87FBC2850BA355FC1CEE6F2CFA220BDFC2D79FD19FD19FFEF457F307EE9B3A4C3F87FBECD9B39EC30DF56AC78E1DFF5B29AF529ECBE506ABF055CA734D4D4DEBE72F7A0BDFC2D79FD19FFEF4A73F53F307EE453BF42AE540416767E71F2AE57DB8BBBABAFAABE87DB817FC89BA856FE1EBCFE84F7FFAD39FA9F903F72D3B4CBF0F774F4F8FF7E1867AF5F2CB2F3FB47BF7EEAF2BE1C0BD75EBD6FE78E3554BDF5F0BDFC2D79FD19FD19FFEF4375077CF1B0E87DB0DC5436E7B7B7B59EF63777474A4DFBA6CA3131094D0962D5BBE93CD6667262626CAFD1EDCF1F9DB17E3D763E11B0B5F7FFAD39FD19FFEF457E5F7B1EF0EF76DAF170FBA67CE9C29CB7DECF1F1F12493C97C9D3A70DFE3040425D6DEDEFE5E7F7F7F590FDCDDDDDDBF0C3702BFB6F08D85AF3FFDE9CFE84F7FFAAB9147B9FB8B07DDB7DE7AAB2CF7B1F7EFDF9F7E747BC0C907CA209BCDDEF7F0C30FCF96EB2D0B6667673F0B3700FF9DC964EEB7F08D85AF3FFDE9CFE84F7FFAAB05F1A992C5C3EEA64D9B0A8F369752BC8275F3E6CDE947B7D73BF940993CFEF8E347CBF5E2692FBEF8E23BE146A0D7C23716BEFEF4A73FA33FFDE9AFC61EE5BEF16AE59D9D9DF181A692DDC78E7F5EFAADCB6EF56283C02A6A6868F8DE430F3D74ADD4EF13F8D1471F1D0D370093E1CFFF81856F2C7CFDE94F7F467FFAD35F2D79E08107FE29FD9EDD83838325B98F3D3C3CFC8DF70A6F6A6AFA89130F9459269369DBBE7DFB5F4B7569F9D5AB574F853FF354B811F899856F2C7CFDE94F7F467FFAD35F2D0AF775FFB578F06D6E6E2E1C8657FB7DB7376EDCF875EAC0DDBD06A80C2D2D2DBFDAB56BD7AA1FBA676767CF66B3D923E106E04D0BDF58F8FAD39FFE8CFEF4A7BF5A152FE54E5F5A1E0FDD232323AB76D8DEBC79F357A9C3F6C9868686EF3AE54005DD208483F0BF3FF7DC735756EBD01D1FD90E07FBF7E2F3B66BED6DC02C7C0B5F7F467FFAD39FFE8C03F77CE190FDFD70DFF774FAD01D2F2FBF93CFE98E8F9CCF7B64FBB330F73AE140051EBA3399CC5B6D6D6D57EEF473BAE373B6E72E237FB3D60FDB16BE85AF3FA33FFFBFEB4F7FC681BB281E7ED387EEE20BA9ADF4D5CBE3AB91CF7B8134876DA8068D8D8DDB9A9B9BA77A7A7A2ECFCCCCACF8ADBFE65E8D7CB2969FB36DE15BF8FA33FAD39FFEF4671CB81733F748772E7D388E6F19B66FDFBE249FCFDFD6FDEB78508FEFB39D7EEBAFE265E40EDB5025E2AB97373535FD5BF88BFC456F6FEF99898989EBB7734370E9D2A5D1EEEEEE5F86DFE393780979F8F58716BEB1F0F5A73FFD19FDE94F7FF52A5E4DDAD8D8F8DABC4372619E7DF6D9A4A7A7A7F01CEF78A569F141AFF8EBD8D858E139DA070F1E4C3A3A3A924C26F3F502BF47B7E76C43150A370A3F0AF376F88B7DE5C9279F3CB177EFDE13EFBFFFFE99CF3FFFFC6AEA7C3D190FD8B95C6EB0ABABAB7FEBD6ADFDE12FFDC570C87E37FC77F7D7E3F7CDC2B7F0F567F467F4A73FFD39702F64EE2DC3720B1DBC9731C7BDF517D480F8BCEBB91B87F8F606F185CFFE12E67AEA2F7B7EEE86A33B1CD0D7D5C3F3B42D7C0B5F7F467FFAD39FFE8CFE56F0C0D6BA70DFB97FDE7DEA254D38640F84591F1F35F79D041CB88D85AF3FFDE9CFE84F7FFA63E107B6EE0E87EF07E30357730F60E5E71DB00B0F6CC5AB4EC3217B637CEAA7EF1AE0C06DD15AF8FA33FA33FAD39FFE00C0C2B7F0F567F4A73FFDE9CFE80F000BDF58F8FAD39FFE8CFEF4A73F001CB88D85AF3FFDE9CFE84F7FFA03000BDFC2D79FD15F9DF4373535958C8E8E167E5DC9C7F5A73FA33F002C7C0B5F7F467FFA4B4D3C3C872FB9F0EB4A3EAE3FFD19FD0160E15BF8FA33FAD39F03B7FE8CFE00B0F08D85AF3FFDE9CF815B7F6EFFDCFE0180856FE1EBCFE8CF815B7FFA330EDC0058F816BEFE8CFEF4E7C0AD3FA33F002C7C63E1EB4F7FFA73E0D69FDB3FB77F0060E15BF8FA33FA73E0D69FFE8C03370016BE85AF3FA33F076E076EFD19FD0160E11B0B5F7FFAD39F03B7FEDCFEB9FD03C081DBA2B5F0F567F4E7C0AD3FFDB9FD03000BDFC2D79FD19F03B703B7FE8CFE00B0F08D85AF3FFDE9CF815B7F6EFFF407407D3A7CF8B0455B39331D16FE75FD19FDE9AF0E0FDCFA33FA03A0F60C0D0DE5C7C7C72DDB0A98B1B1B1DF8485FFB1FE8CFEF4377FA6A6A60A87E7F8EB4A3EAE3FFD19FD015042478E1CF9E9E0E0E017172E5CF8ABA55BBE9FACC7657FE8D0A1FF09B3417F467FFAD39FFE8CFE00A81161C9AC1B1818381E2FA78ACF6132259FF87DFFB85E97BDFEF4A73FFDE94F7FFA03000000000000000000000000000000000000000000000000000000000000000000006EF2371ACD0E86D2785C5A0000000049454E44AE426082, '1');
INSERT INTO `act_ge_bytearray` VALUES ('2a3d4f7b-5079-11ee-9a8a-601895569a42', '1', 'source', null, 0x3C3F786D6C2076657273696F6E3D22312E302220656E636F64696E673D225554462D38223F3E0A3C62706D6E323A646566696E6974696F6E7320786D6C6E733A7873693D22687474703A2F2F7777772E77332E6F72672F323030312F584D4C536368656D612D696E7374616E63652220786D6C6E733A62706D6E323D22687474703A2F2F7777772E6F6D672E6F72672F737065632F42504D4E2F32303130303532342F4D4F44454C2220786D6C6E733A62706D6E64693D22687474703A2F2F7777772E6F6D672E6F72672F737065632F42504D4E2F32303130303532342F44492220786D6C6E733A64633D22687474703A2F2F7777772E6F6D672E6F72672F737065632F44442F32303130303532342F44432220786D6C6E733A64693D22687474703A2F2F7777772E6F6D672E6F72672F737065632F44442F32303130303532342F44492220786D6C6E733A666C6F7761626C653D22687474703A2F2F666C6F7761626C652E6F72672F62706D6E222069643D226469616772616D5F50726F636573735F3136393332373436373635303422207461726765744E616D6573706163653D22687474703A2F2F666C6F7761626C652E6F72672F62706D6E22207873693A736368656D614C6F636174696F6E3D22687474703A2F2F7777772E6F6D672E6F72672F737065632F42504D4E2F32303130303532342F4D4F44454C2042504D4E32302E787364223E0A20203C62706D6E323A70726F636573732069643D2250726F636573735F3136393332373436373635303422206E616D653D22E4B89AE58AA1E6B581E7A88B5FE6B58BE8AF95E4B88AE4BCA0E69687E4BBB6E6B581E7A88B2220697345786563757461626C653D2274727565223E0A202020203C62706D6E323A73746172744576656E742069643D224576656E745F30677437646A732220666C6F7761626C653A666F726D4B65793D226B65795F31373030383031343235373731343636373533223E0A2020202020203C62706D6E323A6F7574676F696E673E466C6F775F317336687370763C2F62706D6E323A6F7574676F696E673E0A202020203C2F62706D6E323A73746172744576656E743E0A202020203C62706D6E323A757365725461736B2069643D2241637469766974795F313379616D68782220666C6F7761626C653A666F726D4B65793D222220666C6F7761626C653A64617461547970653D22494E49544941544F522220666C6F7761626C653A61737369676E65653D22247B696E69746961746F727D2220666C6F7761626C653A746578743D22E6B581E7A88BE58F91E8B5B7E4BABA223E0A2020202020203C62706D6E323A696E636F6D696E673E466C6F775F317336687370763C2F62706D6E323A696E636F6D696E673E0A2020202020203C62706D6E323A6F7574676F696E673E466C6F775F306136393932793C2F62706D6E323A6F7574676F696E673E0A202020203C2F62706D6E323A757365725461736B3E0A202020203C62706D6E323A73657175656E6365466C6F772069643D22466C6F775F317336687370762220736F757263655265663D224576656E745F30677437646A7322207461726765745265663D2241637469766974795F313379616D687822202F3E0A202020203C62706D6E323A757365725461736B2069643D2241637469766974795F31793968356F682220666C6F7761626C653A64617461547970653D2255534552532220666C6F7761626C653A61737369676E65653D22312220666C6F7761626C653A746578743D22E88BA5E4BE9DE7AEA1E79086E59198223E0A2020202020203C62706D6E323A696E636F6D696E673E466C6F775F306136393932793C2F62706D6E323A696E636F6D696E673E0A2020202020203C62706D6E323A6F7574676F696E673E466C6F775F31656C373768333C2F62706D6E323A6F7574676F696E673E0A202020203C2F62706D6E323A757365725461736B3E0A202020203C62706D6E323A73657175656E6365466C6F772069643D22466C6F775F306136393932792220736F757263655265663D2241637469766974795F313379616D687822207461726765745265663D2241637469766974795F31793968356F6822202F3E0A202020203C62706D6E323A757365725461736B2069643D2241637469766974795F31396D676234632220666C6F7761626C653A64617461547970653D2255534552532220666C6F7761626C653A61737369676E65653D22322220666C6F7761626C653A746578743D22E88BA5E4BE9D223E0A2020202020203C62706D6E323A696E636F6D696E673E466C6F775F31656C373768333C2F62706D6E323A696E636F6D696E673E0A2020202020203C62706D6E323A6F7574676F696E673E466C6F775F303172303978753C2F62706D6E323A6F7574676F696E673E0A202020203C2F62706D6E323A757365725461736B3E0A202020203C62706D6E323A73657175656E6365466C6F772069643D22466C6F775F31656C373768332220736F757263655265663D2241637469766974795F31793968356F6822207461726765745265663D2241637469766974795F31396D6762346322202F3E0A202020203C62706D6E323A656E644576656E742069643D224576656E745F317539347A3339223E0A2020202020203C62706D6E323A696E636F6D696E673E466C6F775F303172303978753C2F62706D6E323A696E636F6D696E673E0A202020203C2F62706D6E323A656E644576656E743E0A202020203C62706D6E323A73657175656E6365466C6F772069643D22466C6F775F303172303978752220736F757263655265663D2241637469766974795F31396D6762346322207461726765745265663D224576656E745F317539347A333922202F3E0A20203C2F62706D6E323A70726F636573733E0A20203C62706D6E64693A42504D4E4469616772616D2069643D2242504D4E4469616772616D5F31223E0A202020203C62706D6E64693A42504D4E506C616E652069643D2242504D4E506C616E655F31222062706D6E456C656D656E743D2250726F636573735F31363933323734363736353034223E0A2020202020203C62706D6E64693A42504D4E456467652069643D22466C6F775F303172303978755F6469222062706D6E456C656D656E743D22466C6F775F30317230397875223E0A20202020202020203C64693A776179706F696E7420783D223730302220793D2232313022202F3E0A20202020202020203C64693A776179706F696E7420783D223736322220793D2232313022202F3E0A2020202020203C2F62706D6E64693A42504D4E456467653E0A2020202020203C62706D6E64693A42504D4E456467652069643D22466C6F775F31656C373768335F6469222062706D6E456C656D656E743D22466C6F775F31656C37376833223E0A20202020202020203C64693A776179706F696E7420783D223534302220793D2232313022202F3E0A20202020202020203C64693A776179706F696E7420783D223630302220793D2232313022202F3E0A2020202020203C2F62706D6E64693A42504D4E456467653E0A2020202020203C62706D6E64693A42504D4E456467652069643D22466C6F775F306136393932795F6469222062706D6E456C656D656E743D22466C6F775F30613639393279223E0A20202020202020203C64693A776179706F696E7420783D223338302220793D2232313022202F3E0A20202020202020203C64693A776179706F696E7420783D223434302220793D2232313022202F3E0A2020202020203C2F62706D6E64693A42504D4E456467653E0A2020202020203C62706D6E64693A42504D4E456467652069643D22466C6F775F317336687370765F6469222062706D6E456C656D656E743D22466C6F775F31733668737076223E0A20202020202020203C64693A776179706F696E7420783D223232382220793D2232313022202F3E0A20202020202020203C64693A776179706F696E7420783D223238302220793D2232313022202F3E0A2020202020203C2F62706D6E64693A42504D4E456467653E0A2020202020203C62706D6E64693A42504D4E53686170652069643D224576656E745F30677437646A735F6469222062706D6E456C656D656E743D224576656E745F30677437646A73223E0A20202020202020203C64633A426F756E647320783D223139322220793D22313932222077696474683D22333622206865696768743D22333622202F3E0A2020202020203C2F62706D6E64693A42504D4E53686170653E0A2020202020203C62706D6E64693A42504D4E53686170652069643D2241637469766974795F313379616D68785F6469222062706D6E456C656D656E743D2241637469766974795F313379616D6878223E0A20202020202020203C64633A426F756E647320783D223238302220793D22313730222077696474683D2231303022206865696768743D22383022202F3E0A2020202020203C2F62706D6E64693A42504D4E53686170653E0A2020202020203C62706D6E64693A42504D4E53686170652069643D2241637469766974795F31793968356F685F6469222062706D6E456C656D656E743D2241637469766974795F31793968356F68223E0A20202020202020203C64633A426F756E647320783D223434302220793D22313730222077696474683D2231303022206865696768743D22383022202F3E0A2020202020203C2F62706D6E64693A42504D4E53686170653E0A2020202020203C62706D6E64693A42504D4E53686170652069643D2241637469766974795F31396D676234635F6469222062706D6E456C656D656E743D2241637469766974795F31396D67623463223E0A20202020202020203C64633A426F756E647320783D223630302220793D22313730222077696474683D2231303022206865696768743D22383022202F3E0A2020202020203C2F62706D6E64693A42504D4E53686170653E0A2020202020203C62706D6E64693A42504D4E53686170652069643D224576656E745F317539347A33395F6469222062706D6E456C656D656E743D224576656E745F317539347A3339223E0A20202020202020203C64633A426F756E647320783D223736322220793D22313932222077696474683D22333622206865696768743D22333622202F3E0A2020202020203C2F62706D6E64693A42504D4E53686170653E0A202020203C2F62706D6E64693A42504D4E506C616E653E0A20203C2F62706D6E64693A42504D4E4469616772616D3E0A3C2F62706D6E323A646566696E6974696F6E733E0A, null);
INSERT INTO `act_ge_bytearray` VALUES ('2be5813d-5079-11ee-9a8a-601895569a42', '1', '业务流程_测试上传文件流程.bpmn', '2be5813c-5079-11ee-9a8a-601895569a42', 0x3C3F786D6C2076657273696F6E3D22312E302220656E636F64696E673D225554462D38223F3E0A3C62706D6E323A646566696E6974696F6E7320786D6C6E733A7873693D22687474703A2F2F7777772E77332E6F72672F323030312F584D4C536368656D612D696E7374616E63652220786D6C6E733A62706D6E323D22687474703A2F2F7777772E6F6D672E6F72672F737065632F42504D4E2F32303130303532342F4D4F44454C2220786D6C6E733A62706D6E64693D22687474703A2F2F7777772E6F6D672E6F72672F737065632F42504D4E2F32303130303532342F44492220786D6C6E733A64633D22687474703A2F2F7777772E6F6D672E6F72672F737065632F44442F32303130303532342F44432220786D6C6E733A64693D22687474703A2F2F7777772E6F6D672E6F72672F737065632F44442F32303130303532342F44492220786D6C6E733A666C6F7761626C653D22687474703A2F2F666C6F7761626C652E6F72672F62706D6E222069643D226469616772616D5F50726F636573735F3136393332373436373635303422207461726765744E616D6573706163653D22687474703A2F2F666C6F7761626C652E6F72672F62706D6E22207873693A736368656D614C6F636174696F6E3D22687474703A2F2F7777772E6F6D672E6F72672F737065632F42504D4E2F32303130303532342F4D4F44454C2042504D4E32302E787364223E0A20203C62706D6E323A70726F636573732069643D2250726F636573735F3136393332373436373635303422206E616D653D22E4B89AE58AA1E6B581E7A88B5FE6B58BE8AF95E4B88AE4BCA0E69687E4BBB6E6B581E7A88B2220697345786563757461626C653D2274727565223E0A202020203C62706D6E323A73746172744576656E742069643D224576656E745F30677437646A732220666C6F7761626C653A666F726D4B65793D226B65795F31373030383031343235373731343636373533223E0A2020202020203C62706D6E323A6F7574676F696E673E466C6F775F317336687370763C2F62706D6E323A6F7574676F696E673E0A202020203C2F62706D6E323A73746172744576656E743E0A202020203C62706D6E323A757365725461736B2069643D2241637469766974795F313379616D68782220666C6F7761626C653A666F726D4B65793D222220666C6F7761626C653A64617461547970653D22494E49544941544F522220666C6F7761626C653A61737369676E65653D22247B696E69746961746F727D2220666C6F7761626C653A746578743D22E6B581E7A88BE58F91E8B5B7E4BABA223E0A2020202020203C62706D6E323A696E636F6D696E673E466C6F775F317336687370763C2F62706D6E323A696E636F6D696E673E0A2020202020203C62706D6E323A6F7574676F696E673E466C6F775F306136393932793C2F62706D6E323A6F7574676F696E673E0A202020203C2F62706D6E323A757365725461736B3E0A202020203C62706D6E323A73657175656E6365466C6F772069643D22466C6F775F317336687370762220736F757263655265663D224576656E745F30677437646A7322207461726765745265663D2241637469766974795F313379616D687822202F3E0A202020203C62706D6E323A757365725461736B2069643D2241637469766974795F31793968356F682220666C6F7761626C653A64617461547970653D2255534552532220666C6F7761626C653A61737369676E65653D22312220666C6F7761626C653A746578743D22E88BA5E4BE9DE7AEA1E79086E59198223E0A2020202020203C62706D6E323A696E636F6D696E673E466C6F775F306136393932793C2F62706D6E323A696E636F6D696E673E0A2020202020203C62706D6E323A6F7574676F696E673E466C6F775F31656C373768333C2F62706D6E323A6F7574676F696E673E0A202020203C2F62706D6E323A757365725461736B3E0A202020203C62706D6E323A73657175656E6365466C6F772069643D22466C6F775F306136393932792220736F757263655265663D2241637469766974795F313379616D687822207461726765745265663D2241637469766974795F31793968356F6822202F3E0A202020203C62706D6E323A757365725461736B2069643D2241637469766974795F31396D676234632220666C6F7761626C653A64617461547970653D2255534552532220666C6F7761626C653A61737369676E65653D22322220666C6F7761626C653A746578743D22E88BA5E4BE9D223E0A2020202020203C62706D6E323A696E636F6D696E673E466C6F775F31656C373768333C2F62706D6E323A696E636F6D696E673E0A2020202020203C62706D6E323A6F7574676F696E673E466C6F775F303172303978753C2F62706D6E323A6F7574676F696E673E0A202020203C2F62706D6E323A757365725461736B3E0A202020203C62706D6E323A73657175656E6365466C6F772069643D22466C6F775F31656C373768332220736F757263655265663D2241637469766974795F31793968356F6822207461726765745265663D2241637469766974795F31396D6762346322202F3E0A202020203C62706D6E323A656E644576656E742069643D224576656E745F317539347A3339223E0A2020202020203C62706D6E323A696E636F6D696E673E466C6F775F303172303978753C2F62706D6E323A696E636F6D696E673E0A202020203C2F62706D6E323A656E644576656E743E0A202020203C62706D6E323A73657175656E6365466C6F772069643D22466C6F775F303172303978752220736F757263655265663D2241637469766974795F31396D6762346322207461726765745265663D224576656E745F317539347A333922202F3E0A20203C2F62706D6E323A70726F636573733E0A20203C62706D6E64693A42504D4E4469616772616D2069643D2242504D4E4469616772616D5F31223E0A202020203C62706D6E64693A42504D4E506C616E652069643D2242504D4E506C616E655F31222062706D6E456C656D656E743D2250726F636573735F31363933323734363736353034223E0A2020202020203C62706D6E64693A42504D4E456467652069643D22466C6F775F303172303978755F6469222062706D6E456C656D656E743D22466C6F775F30317230397875223E0A20202020202020203C64693A776179706F696E7420783D223730302220793D2232313022202F3E0A20202020202020203C64693A776179706F696E7420783D223736322220793D2232313022202F3E0A2020202020203C2F62706D6E64693A42504D4E456467653E0A2020202020203C62706D6E64693A42504D4E456467652069643D22466C6F775F31656C373768335F6469222062706D6E456C656D656E743D22466C6F775F31656C37376833223E0A20202020202020203C64693A776179706F696E7420783D223534302220793D2232313022202F3E0A20202020202020203C64693A776179706F696E7420783D223630302220793D2232313022202F3E0A2020202020203C2F62706D6E64693A42504D4E456467653E0A2020202020203C62706D6E64693A42504D4E456467652069643D22466C6F775F306136393932795F6469222062706D6E456C656D656E743D22466C6F775F30613639393279223E0A20202020202020203C64693A776179706F696E7420783D223338302220793D2232313022202F3E0A20202020202020203C64693A776179706F696E7420783D223434302220793D2232313022202F3E0A2020202020203C2F62706D6E64693A42504D4E456467653E0A2020202020203C62706D6E64693A42504D4E456467652069643D22466C6F775F317336687370765F6469222062706D6E456C656D656E743D22466C6F775F31733668737076223E0A20202020202020203C64693A776179706F696E7420783D223232382220793D2232313022202F3E0A20202020202020203C64693A776179706F696E7420783D223238302220793D2232313022202F3E0A2020202020203C2F62706D6E64693A42504D4E456467653E0A2020202020203C62706D6E64693A42504D4E53686170652069643D224576656E745F30677437646A735F6469222062706D6E456C656D656E743D224576656E745F30677437646A73223E0A20202020202020203C64633A426F756E647320783D223139322220793D22313932222077696474683D22333622206865696768743D22333622202F3E0A2020202020203C2F62706D6E64693A42504D4E53686170653E0A2020202020203C62706D6E64693A42504D4E53686170652069643D2241637469766974795F313379616D68785F6469222062706D6E456C656D656E743D2241637469766974795F313379616D6878223E0A20202020202020203C64633A426F756E647320783D223238302220793D22313730222077696474683D2231303022206865696768743D22383022202F3E0A2020202020203C2F62706D6E64693A42504D4E53686170653E0A2020202020203C62706D6E64693A42504D4E53686170652069643D2241637469766974795F31793968356F685F6469222062706D6E456C656D656E743D2241637469766974795F31793968356F68223E0A20202020202020203C64633A426F756E647320783D223434302220793D22313730222077696474683D2231303022206865696768743D22383022202F3E0A2020202020203C2F62706D6E64693A42504D4E53686170653E0A2020202020203C62706D6E64693A42504D4E53686170652069643D2241637469766974795F31396D676234635F6469222062706D6E456C656D656E743D2241637469766974795F31396D67623463223E0A20202020202020203C64633A426F756E647320783D223630302220793D22313730222077696474683D2231303022206865696768743D22383022202F3E0A2020202020203C2F62706D6E64693A42504D4E53686170653E0A2020202020203C62706D6E64693A42504D4E53686170652069643D224576656E745F317539347A33395F6469222062706D6E456C656D656E743D224576656E745F317539347A3339223E0A20202020202020203C64633A426F756E647320783D223736322220793D22313932222077696474683D22333622206865696768743D22333622202F3E0A2020202020203C2F62706D6E64693A42504D4E53686170653E0A202020203C2F62706D6E64693A42504D4E506C616E653E0A20203C2F62706D6E64693A42504D4E4469616772616D3E0A3C2F62706D6E323A646566696E6974696F6E733E0A, '0');
INSERT INTO `act_ge_bytearray` VALUES ('2d221fee-5079-11ee-9a8a-601895569a42', '1', '业务流程_测试上传文件流程.Process_1693274676504.png', '2be5813c-5079-11ee-9a8a-601895569a42', 0x89504E470D0A1A0A0000000D4948445200000328000001040806000000C305109500000F794944415478DAEDDD4F6CD6F51D07700E1E76F0C0C1C30E1E3C78F0B0040F3BECB083871D3C98CC83B5F62904789ACA545251078D06DC68FC131C564335C648025312D7B014B66671B380A54D6D0D8B61026AC65006948E6207E38F48A9FEF6FD367DC88F426981E7797ECFD3BE5EC9274A8BD0D4F7AFEFDFF7F777DE3C0000000000000000000000000000000000000000000000000000000000000000000000000000000000000000000000000000000000000000000000000000000000000000000000000000000000000000000000000000000000000000000000000000000000000000000000000000000000000000000000000000000000000000000000000000000000000000000000000000000000000000000000000000000000000000000000000000000000000000000000000000000000000000000000000000000000000000000000000000000000000000000000000000000000000000000000000000000000000000000000000000000000000000000000000000000000000000000000000000000000000000000000000000000000000000000000000000000000000000000000000000000000000000000000000000000000000000000000000000000000000000000000000000000000000000000000000000000000000000000000000000000000000000000000000000000000000000000000000000000000000000000000000000000000000000000000000000000000000000000000000000000000000000000000000000000000000000000000000000000000000000000000000000000000000000000000000000000000000000000000000000000000000000000000000000000000000000000000000000000000000000000000000000000000000000000000000000000000A8684992DCF6D5575F6D1D1818F87EE7CE9D4957579729F3ECD8B123E9E9E9F926CC42F99307F9933FF903604E8BE5DCDBDB9B0C0F0F27172F5E3419CDC9932793DDBB77FF2F94F543F267E44FFEE40F80392B1E3954CE1553D217BBBABABE903F237FF2277F00CC59F1B206E55839130AFA92FC19F9933FF90360CE8AD7002BC68A2AE844FE8CFCC99FFC01608132CD9C3B3D947CB56753726047CBF8C47F8F1F53AA0A5AFEE44FFE8CFC0150D6823E7B6A30D9FFB735C93FFEB2F28A891F8B9F53AC0A5AFEE44FFE8CFC0150B6823E7AE0CF579573618E1DE854AC0A5AFEE44FFE8CFC0150BE82FEE2A375531674FC9C6255D0F2277FF267E40F80B215F4FEAEDF4E59D0F1738A5541CB9FFCC99F913F0014B482963FF9933FF9933F00E65E41C7A7D64C55D0F1738A5541CB9FFCC99F913F00CA56D007FBDE98B2A0E3E714AB82963FF9933F237F0094ADA047063F4BF67FF89BAB2F6F081F8B9F53AC0A5AFEE44FFE8CFC0150B6828EF3F5DFDFBDAAA0E3C794AA82963FF9933F237F0094B7A0BFFB2E39F8F15B575FDE103E163FA75815B4FCC99FFC19F903A02C051DDF94FCCFBEB629AFC18E9FF33665052D7FF2277F46FE00286D417FF75D32747057B2EFAFCF4D59CE8589BF27FE5E471315B4FCC99FFC19F903A0E8053DDD5143471315B4FCC99FFCC99FFC0150B6829EC951C3EB1D4D54B40A5AFEE44FFE8CFC0150B482BED9722E8CA255D0F2277FF267E40F80A215B451D0F2277FF267E4AF322D59B264FE238F3CF25098B630FD6186C224A989BFEEAFADAD7DA7AEAE6E61983B7CD72063C78E1D5BB06DDBB6D7DF7CF3CDFDAB57AF3EBB7CF9F2EFEBEBEB2F6FB88D8D8DA3CF3CF3CCC8DAB56B7BD6AF5FFFABB0A1FFC80245312A68F933F267E4AF928505C703613FA6332C38C6262D48A69DF0DF748579F0BEFBEEBBCD7712CA244992DBFAFBFB576DD8B061282C4092975F7E39E9E8E848F6EEDD9B0C0E0E2663636349C1C8C848F2D9679F25DBB76F4FDE78E38D242C50C656AE5CF9713E9F5F60816214B4FCC99FFC19F9AB246181F1D3B0B818B8D145C914B327FC59F7FBAE4289EDDEBD3BFFDA6BAF9D7DFCF1C793AD5BB726434343C98D3875EAD4F80FC5279E78E2525353535FD878EF52D04641CB9FFCC99F91BF2CC5B31D6131F1F2B5CE983437378FEFF3F4F5F525478E1C492E5CB830BE4F333A3A3AFEEB818181F103B56BD6AC996AA1D236D7AF2081929D35696F6FDF97CFE793F7DF7FFFF2C679B3E25996785665D1A245971A1A1A9A15B451D0F2277FF267E42F0BF5F5F5774E3E6B12F64F924D9B36DDF081D8C3870F271B376E8C578C4C5EA4EC8B7F8FEF361449D838EF6A6B6B1B5EB162C5F886574CF1CF7BEAA9A72E3436366E990B471714B482963F237F46FE2A475898DC93CBE58EA71713F1D2F5E1E1E15BDABF8997B8B7B4B44C5EA41C9D6B578E40C91627F192AE78DA325E9E550AF16CCC8B2FBE78BEA1A1E183D97E43998256D0F267E4CFC85FE59C39492F4EE25993EEEEEE2BEEA5BD55BDBDBDE37FAE450A1449BCAC2B9E39898B935BBDA46B26977CBDF0C20B67C246BC51411B052D7FF2277F46FE4A69E29E93CB9775C527907EF9E59725D9C789F7A84CBAE46B5F4D4DCDEDF634E126C47B4EE2655D67CE9C49CA212E829A9A9ACE841F12AB14B451D0F2277FF267E4AF54E20DF1E93327A55A9CA41729E9D730C41BE7ED69C20DEAE9E9698C37C417FB9E9399DC931236E00B353535772B68A3A0E54FFEE4CFC85FB14D3C4AF8F2D3BAE2655DE5102FF79AF4BE148F2086998A9776BDFAEAABE7E2D3BAB2D0D1D1713A2C523A14B451D0F2277FF267E4AF04674F06D237C417F39E93E94CBA717E8F9739C20CC59730C6F79C94FABE93EBDD8F92CFE74FE472B97B15B451D0F2277FF267E4AF5826DE107FF9D2AE5B7D5AD7CD3CDD2B7D3F4A7CE3BC3D4F9881D6D6D6A1F842A22C757676C6A75CBCA7A08D82963FF9933F237FC512F62D3A0B8B83F89E932C6CD9B225BD40E9B2E709D33876ECD882C6C6C61B7E3151B1C5471AE772B9FFCEB677A32868052D7F46FE8CFC6523EC53CC4FDF7B92D5BE4E3C6B93BE613E7C4D77D80385EBD8B66DDBEBAFBCF24A52099E7DF6D93DF1546C357CDFE21190303F57D00A5AFE8CFCC99FFC55660EC362E0A1C2A2A0B9B939D37D9CF80A87D40265A13D50B88E0D1B361CE8E8E8A88805CAE6CD9BF755CB63F8D2A76AC3A2EA670A5A41CB9F913FF993BFCACA61DCA728FCBEAC2F658FFB5A85AF257CBDEFD80385EB58BD7AF5D9BD7BF756C402E5D34F3F3D1836DCFE6AFAC1989A0FAE752447412B68F933F267E42F9B1CC67D8AC2E7FBFAFA32DDC789EF45497DADFDF380A92D5FBEFCFBACEF3F29F8E69B6FCE858D76A84A7F305E3E9293FE01A9A015B4FC19F933F2974D0EE33E45E1E3478E1CC9741F67707030FD750ECD03A6166FDA2AE7F3C0A71337DC6AFEC1983E92134F392B68052D7F46FE8CFC6593C3F4AF47474733DDBF897F7FFAEBB1070AD36CE09564063F70AA6A147465CD6CCB97FCC99FFC19F99BD954DA3E8E3D50A89E33286767C11994F1279115DE14ABA01D41943F237F46FEB2C961FAE359BD8CDA1914B8098F3DF6D8C54AB907E5C48913FBABF81E942B8AB940412B68F933F267E42F9B1CA6EF41397CF8B07B50A05AAC5AB5EA3F95F214AFFEFEFEEE2A7C8A577F5D5DDD83938B59412B68F933F2277FF2976D0E3DC50BAA544B4BCB8795F21E94D6D6D6CE2A7A0FCA358F182A68052D7F46FEE44FFE2A2387E9F7A0B4B7B77B0F0A548B75EBD62D5DBF7EFD0F95B04059B66C5967B5BC497EA614B482963F237F46FE325BC478933C54A3254B96FC289FCF8F8E8C8C64FD0E9478FFC9C9F8F52868A3A0E54FFEE4CFC85F11F671E6877D8B4B8585C1A1438732D9C7191E1E4E72B9DC0FA905CA1DF640611ACDCDCD1F75767666BA40696B6BFB7DD868DF53D04641CB9FFCC99F91BF229E45E92C2C0CDE7EFBED4CF671B66CD972C58B24ED79C20CE4F3F9058F3EFAE858568FE01B1B1B3B1A36D87FE572B97B15B451D0F2277FF267E4AF58E2A5E385C5C1A2458BC6CF669453BC4265F1E2C5E9B3270FDAF384197AF2C927776775B3FC4B2FBDB4396CB45B15B451D0F2277FF267E4AF0467512E3FCDABA5A5A5ACEF7F8B7F5FFA51C8D33D5C0248A9A9A9F9F1D2A54B2F96FB39E19F7FFEF9EEB0C19E0D7FFFDD0ADA2868F9933FF933F2576C0F3FFCF02FD2EF4CE9EEEE2ECB3E4E6F6FEF15EF6AA9ABABBBDF1E27DCA05C2ED7B462C58A6FCB75A9D7F9F3E70F84BFF340D8687FADA08D82963FF9933F237F253C8BF2BBC242A1BEBE7E7CF150EAF79E2C5CB8F087D402A56D1E70731A1A1ADE5DBB766DC9172963636387F3F9FCAEB0C1BEA5A08D82963FF9933F237FA5142FAD4A5FEA151729A57A79635C9C2C5EBCF8FBD4E2645F4D4DCDEDF632E11636E0B070F8D3F3CF3F7FA6548B9478E6242C843E8AF79DCCB6C70A2B68052D7F46FEE44FFE2A535894DC19F63D0EA61729F172AF62DE9312CFCC4C3A737234CC5DF630A1088B945C2EF7765353D39962DF9312EF3999B8ACEBADD9BE3851D00A5AFE8CFCF9FF2E7F95252E16D28B94C28DF3B7FA74AFF8B4AE4937C45B9C4029D4D6D62EAFAFAF3FD7DEDE7E6A7474F4961F253CF1B4AEB3B3F99E1305ADA0E5CFC89FFCC95F559C49E94F2F26E22388376DDA940C0D0DDDF04B18E37B4ED28F122E5CD665710225129FEE555757F7C7B0E19DDEBA75EBA19191914B37FA86F8F812C6F0677C192FE90AFFBC47411B052D7FF2277F46FEB214AF16A9ADAD7D6DD2A2627C9E7BEEB9A4BDBD7DFC1E95782549E1206DFCE7E0E0E0F83D26DBB76F4FD6AC5973C51BE2D337C4BBE704CA7336E52761DE091BE299A79F7E7AEFC68D1BF77EF2C927878E1F3F7E3EB51E391B1724FDFDFDDDADADAD9DCB962D8B6F6F3D191625EFCFC697302A68052D7F46FEE44FFEAADBC42388FBAFB550B989D9E351C2908178DFC8C4C61C1FD7176F74FF3ACCA5D4C63934B1A1B7C5B7B7CE85FB4C14B482963F237FF2277F557F2036BE71BE73D23ECD8C262C4ABAE21BE2BD841150D04641CB9FFCC99F91BF621F889D1F162B8FC403AD13075C87262D48C60FC4C6AB4AC2A26461BC14DE770D50D04641CB9FFCC99F913F0014B482963F237FF2277F002868A3A0E54FFEE4CFC81F000A5A41CB9F913FF9933F0014B451D0F2277FF267E40F0005ADA0E5CFC89FFCC91F000ADA2868F9933FF933F207808256D0F267E44FFEE40F000B14A3A0E54FFEE4CFC81F000ADAD84134F2277FF20780058A6254D0F267E4CFC81F000ADAD841943FF9933F638102808256D0F267E44FFEE40F00056D14B4FCC99FFC19F90340412B68F933F2277FF2078082360A5AFEE44FFE8CFC01A0A015B4FC19F9933FF903A01AEDDCB9533156CE5C08057D49FE8CFCC99FFC013067F5F4F40C0D0F0F2BC70A98C1C1C13F8482FE42FE8CFCC99FFC013067EDDAB5EB97DDDDDDA74F9C38F1AD92CCEEC8612CE71D3B76FC3BCC43F267E44FFEE40F80392D94C2035D5D5D7BE2E9F5780DB029FBC4EFFB1773B59CE54FFEE44FFE2C4E00000000000000000000000000000000000000000000000000000000C8CCFF01A9C14C37CAA96B610000000049454E44AE426082, '1');
INSERT INTO `act_ge_bytearray` VALUES ('5130de4f-5129-11ee-b005-601895569a42', '1', 'hist.var-variables', null, 0xACED0005737200176A6176612E7574696C2E4C696E6B6564486173684D617034C04E5C106CC0FB0200015A000B6163636573734F72646572787200116A6176612E7574696C2E486173684D61700507DAC1C31660D103000246000A6C6F6164466163746F724900097468726573686F6C6478703F4000000000000C770800000010000000037400046C697374737200136A6176612E7574696C2E41727261794C6973747881D21D99C7619D03000149000473697A657870000000037704000000037371007E00003F400000000000307708000000400000001F740002696474001066645F313639343333373632363836337400035F696474001066645F31363934333337363236383633740008636F6D7054797065740005696E707574740003656C65740008656C2D696E707574740008636F6D704E616D6574000CE58D95E8A18CE69687E69CAC740008636F6D7049636F6E740005696E707574740008766965775479706574000474657874740006636F6E666967737200116A6176612E6C616E672E426F6F6C65616ECD207280D59CFAEE0200015A000576616C756578700174000973686F774C6162656C71007E00177400056C6162656C74000CE58D95E8A18CE69687E69CAC74000A6C6162656C5769647468737200116A6176612E6C616E672E496E746567657212E2A0A4F781873802000149000576616C7565787200106A6176612E6C616E672E4E756D62657286AC951D0B94E08B02000078700000005074000B706C616365686F6C64657274000FE8AFB7E8BE93E585A5E69687E69CAC74000872657175697265647371007E0016007400096D61784C656E6774687371007E001C000000327400066775747465727371007E001C0000000F7400047370616E7371007E001C00000018740005776964746874000431303025740009636C65617261626C6571007E001774000864697361626C656471007E0022740008726561646F6E6C7971007E00227400067374617475737400066E6F726D616C74000B7072656669782D69636F6E74000074000B7375666669782D69636F6E71007E003174000576616C756571007E003174000572756C65737371007E0004000000007704000000007874000972756C65735479706574000764656661756C7474000770726570656E6471007E0031740006617070656E6471007E003174000A636C6173735374796C657371007E000400000000770400000000787400086373735374796C6571007E00317400066C61796F7574740007636F6C4974656D78007371007E00003F400000000000307708000000400000001E71007E000774001066645F3136393433333736323739343671007E000974001066645F3136393433333736323739343671007E000B7400046461746571007E000D74000E656C2D646174652D7069636B657271007E000F740006E697A5E69C9F71007E00117400046461746571007E00137400047465787471007E001571007E001771007E001871007E001771007E0019740006E697A5E69C9F71007E001B71007E001E71007E001F740009E8AFB7E98089E68BA971007E002171007E002271007E002371007E002471007E002571007E002671007E002771007E002871007E002B71007E001771007E002C71007E002271007E002D71007E002271007E003371007E003171007E00347371007E000400000000770400000000787400047479706574000464617465740006666F726D617474000A797979792D4D4D2D646474000C76616C75652D666F726D617474000A797979792D4D4D2D646474000F72616E67652D736570617261746F727400012D74001173746172742D706C616365686F6C64657274000CE5BC80E5A78BE697A5E69C9F74000F656E642D706C616365686F6C64657274000CE7BB93E69D9FE697A5E69C9F71007E003A7371007E0004000000007704000000007871007E003C71007E003171007E003D740007636F6C4974656D78007371007E00003F400000000000307708000000400000001E71007E000774001066645F3136393434313930333938383771007E000974001066645F3136393434313930333938383771007E000B74000675706C6F616471007E000D740009656C2D75706C6F616471007E000F740006E99984E4BBB671007E001174000361747471007E0013740009636F6D706F6E656E7471007E001571007E001771007E001871007E001771007E001974000CE99984E4BBB6E4B88AE4BCA071007E001B71007E001E71007E002571007E002671007E002771007E002871007E002171007E0022740006616374696F6E740023687474703A2F2F6C6F63616C686F73743A393036302F636F6D6D6F6E2F75706C6F61647400086D756C7469706C6571007E00227400046E616D6574000466696C6574000E73686F772D66696C652D6C69737471007E00177400096C6973742D747970657400047465787471007E003371007E003171007E00297371007E001C0000006474000A627574746F6E5465787474000FE8AFB7E4B88AE4BCA0E99984E4BBB674000773686F7754697071007E002274000474697073740018E782B9E587BBE68C89E992AEE4B88AE4BCA0E99984E4BBB674000661636365707474001E2E7064662C202E646F632C202E646F63782C202E786C732C202E786C737874000866696C6553697A657371007E001C0000000A740007686561646572737371007E00003F400000000000017708000000020000000174000D417574686F72697A6174696F6E74000C42656172657220746F6B656E780071007E003A7371007E0004000000007704000000007871007E003C71007E003171007E003D740007636F6C4974656D78007871007E00157371007E00003F4000000000000C7708000000100000000C74000776657273696F6E740005322E312E36740007666F726D526566740006656C466F726D740009666F726D4D6F64656C740004666F726D71007E003474000572756C657374000473697A657400066D656469756D74000D6C6162656C506F736974696F6E740005726967687471007E001B71007E001E740009666F726D52756C657374000572756C657371007E002571007E002671007E002C71007E002274001364796E616D69635461626C65416C6C6F77656471007E001771007E003A71007E00317800740009666F726D56616C75657371007E00003F4000000000000C7708000000100000000374001066645F3136393433333736323638363374000FE7A59EE9BC8EE9A39EE4B8B9E7A08274001066645F3136393433333736323739343674000A323032332D30392D313274001066645F313639343431393033393838377400835B7B226E616D65223A226572705F676F6F64735F73616C6570726F705F3230323330393132313235353437413030342E786C73222C2275726C223A222F70726F66696C652F75706C6F61642F323032332F30392F31322F6572705F676F6F64735F73616C6570726F705F3230323330393132313235353437413030342E786C73227D5D78007800, null);
INSERT INTO `act_ge_bytearray` VALUES ('5cdd051c-506d-11ee-a346-601895569a42', '1', 'source', null, 0x3C3F786D6C2076657273696F6E3D22312E302220656E636F64696E673D225554462D38223F3E0A3C62706D6E323A646566696E6974696F6E7320786D6C6E733A7873693D22687474703A2F2F7777772E77332E6F72672F323030312F584D4C536368656D612D696E7374616E63652220786D6C6E733A62706D6E323D22687474703A2F2F7777772E6F6D672E6F72672F737065632F42504D4E2F32303130303532342F4D4F44454C2220786D6C6E733A62706D6E64693D22687474703A2F2F7777772E6F6D672E6F72672F737065632F42504D4E2F32303130303532342F44492220786D6C6E733A64633D22687474703A2F2F7777772E6F6D672E6F72672F737065632F44442F32303130303532342F44432220786D6C6E733A64693D22687474703A2F2F7777772E6F6D672E6F72672F737065632F44442F32303130303532342F44492220786D6C6E733A666C6F7761626C653D22687474703A2F2F666C6F7761626C652E6F72672F62706D6E222069643D226469616772616D5F50726F636573735F3136393332373436373635303422207461726765744E616D6573706163653D22687474703A2F2F666C6F7761626C652E6F72672F62706D6E22207873693A736368656D614C6F636174696F6E3D22687474703A2F2F7777772E6F6D672E6F72672F737065632F42504D4E2F32303130303532342F4D4F44454C2042504D4E32302E787364223E0A20203C62706D6E323A70726F636573732069643D2250726F636573735F3136393332373436373635303422206E616D653D22E4B89AE58AA1E6B581E7A88B5FE6B58BE8AF95E4B88AE4BCA0E69687E4BBB6E6B581E7A88B2220697345786563757461626C653D2274727565223E0A202020203C62706D6E323A73746172744576656E742069643D224576656E745F30677437646A732220666C6F7761626C653A666F726D4B65793D226B65795F31373030383031343235373731343636373533223E0A2020202020203C62706D6E323A6F7574676F696E673E466C6F775F317336687370763C2F62706D6E323A6F7574676F696E673E0A202020203C2F62706D6E323A73746172744576656E743E0A202020203C62706D6E323A757365725461736B2069643D2241637469766974795F313379616D68782220666C6F7761626C653A666F726D4B65793D222220666C6F7761626C653A64617461547970653D22494E49544941544F522220666C6F7761626C653A61737369676E65653D22247B696E69746961746F727D2220666C6F7761626C653A746578743D22E6B581E7A88BE58F91E8B5B7E4BABA223E0A2020202020203C62706D6E323A696E636F6D696E673E466C6F775F317336687370763C2F62706D6E323A696E636F6D696E673E0A2020202020203C62706D6E323A6F7574676F696E673E466C6F775F306136393932793C2F62706D6E323A6F7574676F696E673E0A202020203C2F62706D6E323A757365725461736B3E0A202020203C62706D6E323A73657175656E6365466C6F772069643D22466C6F775F317336687370762220736F757263655265663D224576656E745F30677437646A7322207461726765745265663D2241637469766974795F313379616D687822202F3E0A202020203C62706D6E323A757365725461736B2069643D2241637469766974795F31793968356F682220666C6F7761626C653A64617461547970653D2255534552532220666C6F7761626C653A61737369676E65653D22312220666C6F7761626C653A746578743D22E88BA5E4BE9DE7AEA1E79086E59198223E0A2020202020203C62706D6E323A696E636F6D696E673E466C6F775F306136393932793C2F62706D6E323A696E636F6D696E673E0A2020202020203C62706D6E323A6F7574676F696E673E466C6F775F31656C373768333C2F62706D6E323A6F7574676F696E673E0A202020203C2F62706D6E323A757365725461736B3E0A202020203C62706D6E323A73657175656E6365466C6F772069643D22466C6F775F306136393932792220736F757263655265663D2241637469766974795F313379616D687822207461726765745265663D2241637469766974795F31793968356F6822202F3E0A202020203C62706D6E323A757365725461736B2069643D2241637469766974795F31396D676234632220666C6F7761626C653A64617461547970653D2255534552532220666C6F7761626C653A61737369676E65653D22322220666C6F7761626C653A746578743D22E88BA5E4BE9D223E0A2020202020203C62706D6E323A696E636F6D696E673E466C6F775F31656C373768333C2F62706D6E323A696E636F6D696E673E0A2020202020203C62706D6E323A6F7574676F696E673E466C6F775F303172303978753C2F62706D6E323A6F7574676F696E673E0A202020203C2F62706D6E323A757365725461736B3E0A202020203C62706D6E323A73657175656E6365466C6F772069643D22466C6F775F31656C373768332220736F757263655265663D2241637469766974795F31793968356F6822207461726765745265663D2241637469766974795F31396D6762346322202F3E0A202020203C62706D6E323A656E644576656E742069643D224576656E745F317539347A3339223E0A2020202020203C62706D6E323A696E636F6D696E673E466C6F775F303172303978753C2F62706D6E323A696E636F6D696E673E0A202020203C2F62706D6E323A656E644576656E743E0A202020203C62706D6E323A73657175656E6365466C6F772069643D22466C6F775F303172303978752220736F757263655265663D2241637469766974795F31396D6762346322207461726765745265663D224576656E745F317539347A333922202F3E0A20203C2F62706D6E323A70726F636573733E0A20203C62706D6E64693A42504D4E4469616772616D2069643D2242504D4E4469616772616D5F31223E0A202020203C62706D6E64693A42504D4E506C616E652069643D2242504D4E506C616E655F31222062706D6E456C656D656E743D2250726F636573735F31363933323734363736353034223E0A2020202020203C62706D6E64693A42504D4E456467652069643D22466C6F775F303172303978755F6469222062706D6E456C656D656E743D22466C6F775F30317230397875223E0A20202020202020203C64693A776179706F696E7420783D223730302220793D2232313022202F3E0A20202020202020203C64693A776179706F696E7420783D223736322220793D2232313022202F3E0A2020202020203C2F62706D6E64693A42504D4E456467653E0A2020202020203C62706D6E64693A42504D4E456467652069643D22466C6F775F31656C373768335F6469222062706D6E456C656D656E743D22466C6F775F31656C37376833223E0A20202020202020203C64693A776179706F696E7420783D223534302220793D2232313022202F3E0A20202020202020203C64693A776179706F696E7420783D223630302220793D2232313022202F3E0A2020202020203C2F62706D6E64693A42504D4E456467653E0A2020202020203C62706D6E64693A42504D4E456467652069643D22466C6F775F306136393932795F6469222062706D6E456C656D656E743D22466C6F775F30613639393279223E0A20202020202020203C64693A776179706F696E7420783D223338302220793D2232313022202F3E0A20202020202020203C64693A776179706F696E7420783D223434302220793D2232313022202F3E0A2020202020203C2F62706D6E64693A42504D4E456467653E0A2020202020203C62706D6E64693A42504D4E456467652069643D22466C6F775F317336687370765F6469222062706D6E456C656D656E743D22466C6F775F31733668737076223E0A20202020202020203C64693A776179706F696E7420783D223232382220793D2232313022202F3E0A20202020202020203C64693A776179706F696E7420783D223238302220793D2232313022202F3E0A2020202020203C2F62706D6E64693A42504D4E456467653E0A2020202020203C62706D6E64693A42504D4E53686170652069643D224576656E745F30677437646A735F6469222062706D6E456C656D656E743D224576656E745F30677437646A73223E0A20202020202020203C64633A426F756E647320783D223139322220793D22313932222077696474683D22333622206865696768743D22333622202F3E0A2020202020203C2F62706D6E64693A42504D4E53686170653E0A2020202020203C62706D6E64693A42504D4E53686170652069643D2241637469766974795F313379616D68785F6469222062706D6E456C656D656E743D2241637469766974795F313379616D6878223E0A20202020202020203C64633A426F756E647320783D223238302220793D22313730222077696474683D2231303022206865696768743D22383022202F3E0A2020202020203C2F62706D6E64693A42504D4E53686170653E0A2020202020203C62706D6E64693A42504D4E53686170652069643D2241637469766974795F31793968356F685F6469222062706D6E456C656D656E743D2241637469766974795F31793968356F68223E0A20202020202020203C64633A426F756E647320783D223434302220793D22313730222077696474683D2231303022206865696768743D22383022202F3E0A2020202020203C2F62706D6E64693A42504D4E53686170653E0A2020202020203C62706D6E64693A42504D4E53686170652069643D2241637469766974795F31396D676234635F6469222062706D6E456C656D656E743D2241637469766974795F31396D67623463223E0A20202020202020203C64633A426F756E647320783D223630302220793D22313730222077696474683D2231303022206865696768743D22383022202F3E0A2020202020203C2F62706D6E64693A42504D4E53686170653E0A2020202020203C62706D6E64693A42504D4E53686170652069643D224576656E745F317539347A33395F6469222062706D6E456C656D656E743D224576656E745F317539347A3339223E0A20202020202020203C64633A426F756E647320783D223736322220793D22313932222077696474683D22333622206865696768743D22333622202F3E0A2020202020203C2F62706D6E64693A42504D4E53686170653E0A202020203C2F62706D6E64693A42504D4E506C616E653E0A20203C2F62706D6E64693A42504D4E4469616772616D3E0A3C2F62706D6E323A646566696E6974696F6E733E0A, null);
INSERT INTO `act_ge_bytearray` VALUES ('5f23c0ce-506d-11ee-a346-601895569a42', '1', '业务流程_测试上传文件流程.bpmn', '5f23c0cd-506d-11ee-a346-601895569a42', 0x3C3F786D6C2076657273696F6E3D22312E302220656E636F64696E673D225554462D38223F3E0A3C62706D6E323A646566696E6974696F6E7320786D6C6E733A7873693D22687474703A2F2F7777772E77332E6F72672F323030312F584D4C536368656D612D696E7374616E63652220786D6C6E733A62706D6E323D22687474703A2F2F7777772E6F6D672E6F72672F737065632F42504D4E2F32303130303532342F4D4F44454C2220786D6C6E733A62706D6E64693D22687474703A2F2F7777772E6F6D672E6F72672F737065632F42504D4E2F32303130303532342F44492220786D6C6E733A64633D22687474703A2F2F7777772E6F6D672E6F72672F737065632F44442F32303130303532342F44432220786D6C6E733A64693D22687474703A2F2F7777772E6F6D672E6F72672F737065632F44442F32303130303532342F44492220786D6C6E733A666C6F7761626C653D22687474703A2F2F666C6F7761626C652E6F72672F62706D6E222069643D226469616772616D5F50726F636573735F3136393332373436373635303422207461726765744E616D6573706163653D22687474703A2F2F666C6F7761626C652E6F72672F62706D6E22207873693A736368656D614C6F636174696F6E3D22687474703A2F2F7777772E6F6D672E6F72672F737065632F42504D4E2F32303130303532342F4D4F44454C2042504D4E32302E787364223E0A20203C62706D6E323A70726F636573732069643D2250726F636573735F3136393332373436373635303422206E616D653D22E4B89AE58AA1E6B581E7A88B5FE6B58BE8AF95E4B88AE4BCA0E69687E4BBB6E6B581E7A88B2220697345786563757461626C653D2274727565223E0A202020203C62706D6E323A73746172744576656E742069643D224576656E745F30677437646A732220666C6F7761626C653A666F726D4B65793D226B65795F31373030383031343235373731343636373533223E0A2020202020203C62706D6E323A6F7574676F696E673E466C6F775F317336687370763C2F62706D6E323A6F7574676F696E673E0A202020203C2F62706D6E323A73746172744576656E743E0A202020203C62706D6E323A757365725461736B2069643D2241637469766974795F313379616D68782220666C6F7761626C653A666F726D4B65793D222220666C6F7761626C653A64617461547970653D22494E49544941544F522220666C6F7761626C653A61737369676E65653D22247B696E69746961746F727D2220666C6F7761626C653A746578743D22E6B581E7A88BE58F91E8B5B7E4BABA223E0A2020202020203C62706D6E323A696E636F6D696E673E466C6F775F317336687370763C2F62706D6E323A696E636F6D696E673E0A2020202020203C62706D6E323A6F7574676F696E673E466C6F775F306136393932793C2F62706D6E323A6F7574676F696E673E0A202020203C2F62706D6E323A757365725461736B3E0A202020203C62706D6E323A73657175656E6365466C6F772069643D22466C6F775F317336687370762220736F757263655265663D224576656E745F30677437646A7322207461726765745265663D2241637469766974795F313379616D687822202F3E0A202020203C62706D6E323A757365725461736B2069643D2241637469766974795F31793968356F682220666C6F7761626C653A64617461547970653D2255534552532220666C6F7761626C653A61737369676E65653D22312220666C6F7761626C653A746578743D22E88BA5E4BE9DE7AEA1E79086E59198223E0A2020202020203C62706D6E323A696E636F6D696E673E466C6F775F306136393932793C2F62706D6E323A696E636F6D696E673E0A2020202020203C62706D6E323A6F7574676F696E673E466C6F775F31656C373768333C2F62706D6E323A6F7574676F696E673E0A202020203C2F62706D6E323A757365725461736B3E0A202020203C62706D6E323A73657175656E6365466C6F772069643D22466C6F775F306136393932792220736F757263655265663D2241637469766974795F313379616D687822207461726765745265663D2241637469766974795F31793968356F6822202F3E0A202020203C62706D6E323A757365725461736B2069643D2241637469766974795F31396D676234632220666C6F7761626C653A64617461547970653D2255534552532220666C6F7761626C653A61737369676E65653D22322220666C6F7761626C653A746578743D22E88BA5E4BE9D223E0A2020202020203C62706D6E323A696E636F6D696E673E466C6F775F31656C373768333C2F62706D6E323A696E636F6D696E673E0A2020202020203C62706D6E323A6F7574676F696E673E466C6F775F303172303978753C2F62706D6E323A6F7574676F696E673E0A202020203C2F62706D6E323A757365725461736B3E0A202020203C62706D6E323A73657175656E6365466C6F772069643D22466C6F775F31656C373768332220736F757263655265663D2241637469766974795F31793968356F6822207461726765745265663D2241637469766974795F31396D6762346322202F3E0A202020203C62706D6E323A656E644576656E742069643D224576656E745F317539347A3339223E0A2020202020203C62706D6E323A696E636F6D696E673E466C6F775F303172303978753C2F62706D6E323A696E636F6D696E673E0A202020203C2F62706D6E323A656E644576656E743E0A202020203C62706D6E323A73657175656E6365466C6F772069643D22466C6F775F303172303978752220736F757263655265663D2241637469766974795F31396D6762346322207461726765745265663D224576656E745F317539347A333922202F3E0A20203C2F62706D6E323A70726F636573733E0A20203C62706D6E64693A42504D4E4469616772616D2069643D2242504D4E4469616772616D5F31223E0A202020203C62706D6E64693A42504D4E506C616E652069643D2242504D4E506C616E655F31222062706D6E456C656D656E743D2250726F636573735F31363933323734363736353034223E0A2020202020203C62706D6E64693A42504D4E456467652069643D22466C6F775F303172303978755F6469222062706D6E456C656D656E743D22466C6F775F30317230397875223E0A20202020202020203C64693A776179706F696E7420783D223730302220793D2232313022202F3E0A20202020202020203C64693A776179706F696E7420783D223736322220793D2232313022202F3E0A2020202020203C2F62706D6E64693A42504D4E456467653E0A2020202020203C62706D6E64693A42504D4E456467652069643D22466C6F775F31656C373768335F6469222062706D6E456C656D656E743D22466C6F775F31656C37376833223E0A20202020202020203C64693A776179706F696E7420783D223534302220793D2232313022202F3E0A20202020202020203C64693A776179706F696E7420783D223630302220793D2232313022202F3E0A2020202020203C2F62706D6E64693A42504D4E456467653E0A2020202020203C62706D6E64693A42504D4E456467652069643D22466C6F775F306136393932795F6469222062706D6E456C656D656E743D22466C6F775F30613639393279223E0A20202020202020203C64693A776179706F696E7420783D223338302220793D2232313022202F3E0A20202020202020203C64693A776179706F696E7420783D223434302220793D2232313022202F3E0A2020202020203C2F62706D6E64693A42504D4E456467653E0A2020202020203C62706D6E64693A42504D4E456467652069643D22466C6F775F317336687370765F6469222062706D6E456C656D656E743D22466C6F775F31733668737076223E0A20202020202020203C64693A776179706F696E7420783D223232382220793D2232313022202F3E0A20202020202020203C64693A776179706F696E7420783D223238302220793D2232313022202F3E0A2020202020203C2F62706D6E64693A42504D4E456467653E0A2020202020203C62706D6E64693A42504D4E53686170652069643D224576656E745F30677437646A735F6469222062706D6E456C656D656E743D224576656E745F30677437646A73223E0A20202020202020203C64633A426F756E647320783D223139322220793D22313932222077696474683D22333622206865696768743D22333622202F3E0A2020202020203C2F62706D6E64693A42504D4E53686170653E0A2020202020203C62706D6E64693A42504D4E53686170652069643D2241637469766974795F313379616D68785F6469222062706D6E456C656D656E743D2241637469766974795F313379616D6878223E0A20202020202020203C64633A426F756E647320783D223238302220793D22313730222077696474683D2231303022206865696768743D22383022202F3E0A2020202020203C2F62706D6E64693A42504D4E53686170653E0A2020202020203C62706D6E64693A42504D4E53686170652069643D2241637469766974795F31793968356F685F6469222062706D6E456C656D656E743D2241637469766974795F31793968356F68223E0A20202020202020203C64633A426F756E647320783D223434302220793D22313730222077696474683D2231303022206865696768743D22383022202F3E0A2020202020203C2F62706D6E64693A42504D4E53686170653E0A2020202020203C62706D6E64693A42504D4E53686170652069643D2241637469766974795F31396D676234635F6469222062706D6E456C656D656E743D2241637469766974795F31396D67623463223E0A20202020202020203C64633A426F756E647320783D223630302220793D22313730222077696474683D2231303022206865696768743D22383022202F3E0A2020202020203C2F62706D6E64693A42504D4E53686170653E0A2020202020203C62706D6E64693A42504D4E53686170652069643D224576656E745F317539347A33395F6469222062706D6E456C656D656E743D224576656E745F317539347A3339223E0A20202020202020203C64633A426F756E647320783D223736322220793D22313932222077696474683D22333622206865696768743D22333622202F3E0A2020202020203C2F62706D6E64693A42504D4E53686170653E0A202020203C2F62706D6E64693A42504D4E506C616E653E0A20203C2F62706D6E64693A42504D4E4469616772616D3E0A3C2F62706D6E323A646566696E6974696F6E733E0A, '0');
INSERT INTO `act_ge_bytearray` VALUES ('603aaf0f-506d-11ee-a346-601895569a42', '1', '业务流程_测试上传文件流程.Process_1693274676504.png', '5f23c0cd-506d-11ee-a346-601895569a42', 0x89504E470D0A1A0A0000000D4948445200000328000001040806000000C305109500000F794944415478DAEDDD4F6CD6F51D07700E1E76F0C0C1C30E1E3C78F0B0040F3BECB083871D3C98CC83B5F62904789ACA545251078D06DC68FC131C564335C648025312D7B014B66671B380A54D6D0D8B61026AC65006948E6207E38F48A9FEF6FD367DC88F426981E7797ECFD3BE5EC9274A8BD0D4F7AFEFDFF7F777DE3C0000000000000000000000000000000000000000000000000000000000000000000000000000000000000000000000000000000000000000000000000000000000000000000000000000000000000000000000000000000000000000000000000000000000000000000000000000000000000000000000000000000000000000000000000000000000000000000000000000000000000000000000000000000000000000000000000000000000000000000000000000000000000000000000000000000000000000000000000000000000000000000000000000000000000000000000000000000000000000000000000000000000000000000000000000000000000000000000000000000000000000000000000000000000000000000000000000000000000000000000000000000000000000000000000000000000000000000000000000000000000000000000000000000000000000000000000000000000000000000000000000000000000000000000000000000000000000000000000000000000000000000000000000000000000000000000000000000000000000000000000000000000000000000000000000000000000000000000000000000000000000000000000000000000000000000000000000000000000000000000000000000000000000000000000000000000000000000000000000000000000000000000000000000000000000000000000000000000A8684992DCF6D5575F6D1D1818F87EE7CE9D4957579729F3ECD8B123E9E9E9F926CC42F99307F9933FF903604E8BE5DCDBDB9B0C0F0F27172F5E3419CDC9932793DDBB77FF2F94F543F267E44FFEE40F80392B1E3954CE1553D217BBBABABE903F237FF2277F00CC59F1B206E55839130AFA92FC19F9933FF90360CE8AD7002BC68A2AE844FE8CFCC99FFC01608132CD9C3B3D947CB56753726047CBF8C47F8F1F53AA0A5AFEE44FFE8CFC0150D6823E7B6A30D9FFB735C93FFEB2F28A891F8B9F53AC0A5AFEE44FFE8CFC0150B6823E7AE0CF579573618E1DE854AC0A5AFEE44FFE8CFC0150BE82FEE2A375531674FC9C6255D0F2277FF267E40F80B215F4FEAEDF4E59D0F1738A5541CB9FFCC99F913F0014B482963FF9933FF9933F00E65E41C7A7D64C55D0F1738A5541CB9FFCC99F913F00CA56D007FBDE98B2A0E3E714AB82963FF9933F237F0094ADA047063F4BF67FF89BAB2F6F081F8B9F53AC0A5AFEE44FFE8CFC0150B6828EF3F5DFDFBDAAA0E3C794AA82963FF9933F237F0094B7A0BFFB2E39F8F15B575FDE103E163FA75815B4FCC99FFC19F903A02C051DDF94FCCFBEB629AFC18E9FF33665052D7FF2277F46FE00286D417FF75D32747057B2EFAFCF4D59CE8589BF27FE5E471315B4FCC99FFC19F903A0E8053DDD5143471315B4FCC99FFCC99FFC0150B6829EC951C3EB1D4D54B40A5AFEE44FFE8CFC0150B482BED9722E8CA255D0F2277FF267E40F80A215B451D0F2277FF267E4AF322D59B264FE238F3CF25098B630FD6186C224A989BFEEAFADAD7DA7AEAE6E61983B7CD72063C78E1D5BB06DDBB6D7DF7CF3CDFDAB57AF3EBB7CF9F2EFEBEBEB2F6FB88D8D8DA3CF3CF3CCC8DAB56B7BD6AF5FFFABB0A1FFC80245312A68F933F267E4AF928505C703613FA6332C38C6262D48A69DF0DF748579F0BEFBEEBBCD7712CA244992DBFAFBFB576DD8B061282C4092975F7E39E9E8E848F6EEDD9B0C0E0E2663636349C1C8C848F2D9679F25DBB76F4FDE78E38D242C50C656AE5CF9713E9F5F60816214B4FCC99FFC19F9AB246181F1D3B0B818B8D145C914B327FC59F7FBAE4289EDDEBD3BFFDA6BAF9D7DFCF1C793AD5BB726434343C98D3875EAD4F80FC5279E78E2525353535FD878EF52D04641CB9FFCC99F91BF2CC5B31D6131F1F2B5CE983437378FEFF3F4F5F525478E1C492E5CB830BE4F333A3A3AFEEB818181F103B56BD6AC996AA1D236D7AF2081929D35696F6FDF97CFE793F7DF7FFFF2C679B3E25996785665D1A245971A1A1A9A15B451D0F2277FF267E42F0BF5F5F5774E3E6B12F64F924D9B36DDF081D8C3870F271B376E8C578C4C5EA4EC8B7F8FEF361449D838EF6A6B6B1B5EB162C5F886574CF1CF7BEAA9A72E3436366E990B471714B482963F237F46FE2A475898DC93CBE58EA71713F1D2F5E1E1E15BDABF8997B8B7B4B44C5EA41C9D6B578E40C91627F192AE78DA325E9E550AF16CCC8B2FBE78BEA1A1E183D97E43998256D0F267E4CFC85FE59C39492F4EE25993EEEEEE2BEEA5BD55BDBDBDE37FAE450A1449BCAC2B9E39898B935BBDA46B26977CBDF0C20B67C246BC51411B052D7FF2277F46FE4A69E29E93CB9775C527907EF9E59725D9C789F7A84CBAE46B5F4D4DCDEDF634E126C47B4EE2655D67CE9C49CA212E829A9A9ACE841F12AB14B451D0F2277FF267E4AF54E20DF1E93327A55A9CA41729E9D730C41BE7ED69C20DEAE9E9698C37C417FB9E9399DC931236E00B353535772B68A3A0E54FFEE4CFC85FB14D3C4AF8F2D3BAE2655DE5102FF79AF4BE148F2086998A9776BDFAEAABE7E2D3BAB2D0D1D1713A2C523A14B451D0F2277FF267E4AF04674F06D237C417F39E93E94CBA717E8F9739C20CC59730C6F79C94FABE93EBDD8F92CFE74FE472B97B15B451D0F2277FF267E4AF5826DE107FF9D2AE5B7D5AD7CD3CDD2B7D3F4A7CE3BC3D4F9881D6D6D6A1F842A22C757676C6A75CBCA7A08D82963FF9933F237FC512F62D3A0B8B83F89E932C6CD9B225BD40E9B2E709D33876ECD882C6C6C61B7E3151B1C5471AE772B9FFCEB677A32868052D7F46FE8CFC6523EC53CC4FDF7B92D5BE4E3C6B93BE613E7C4D77D80385EBD8B66DDBEBAFBCF24A52099E7DF6D93DF1546C357CDFE21190303F57D00A5AFE8CFCC99FFC55660EC362E0A1C2A2A0B9B939D37D9CF80A87D40265A13D50B88E0D1B361CE8E8E8A88805CAE6CD9BF755CB63F8D2A76AC3A2EA670A5A41CB9F913FF993BFCACA61DCA728FCBEAC2F658FFB5A85AF257CBDEFD80385EB58BD7AF5D9BD7BF756C402E5D34F3F3D1836DCFE6AFAC1989A0FAE752447412B68F933F267E42F9B1CC67D8AC2E7FBFAFA32DDC789EF45497DADFDF380A92D5FBEFCFBACEF3F29F8E69B6FCE858D76A84A7F305E3E9293FE01A9A015B4FC19F933F2974D0EE33E45E1E3478E1CC9741F67707030FD750ECD03A6166FDA2AE7F3C0A71337DC6AFEC1983E92134F392B68052D7F46FE8CFC6593C3F4AF47474733DDBF897F7FFAEBB1070AD36CE09564063F70AA6A147465CD6CCB97FCC99FFC19F99BD954DA3E8E3D50A89E33286767C11994F1279115DE14ABA01D41943F237F46FEB2C961FAE359BD8CDA1914B8098F3DF6D8C54AB907E5C48913FBABF81E942B8AB940412B68F933F267E42F9B1CA6EF41397CF8B07B50A05AAC5AB5EA3F95F214AFFEFEFEEE2A7C8A577F5D5DDD83938B59412B68F933F2277FF2976D0E3DC50BAA544B4BCB8795F21E94D6D6D6CE2A7A0FCA358F182A68052D7F46FEE44FFE2A2387E9F7A0B4B7B77B0F0A548B75EBD62D5DBF7EFD0F95B04059B66C5967B5BC497EA614B482963F237F46FE325BC478933C54A3254B96FC289FCF8F8E8C8C64FD0E9478FFC9C9F8F52868A3A0E54FFEE4CFC85F11F671E6877D8B4B8585C1A1438732D9C7191E1E4E72B9DC0FA905CA1DF640611ACDCDCD1F75767666BA40696B6BFB7DD868DF53D04641CB9FFCC99F91BF229E45E92C2C0CDE7EFBED4CF671B66CD972C58B24ED79C20CE4F3F9058F3EFAE858568FE01B1B1B3B1A36D87FE572B97B15B451D0F2277FF267E4AF58E2A5E385C5C1A2458BC6CF669453BC4265F1E2C5E9B3270FDAF384197AF2C927776775B3FC4B2FBDB4396CB45B15B451D0F2277FF267E4AF0467512E3FCDABA5A5A5ACEF7F8B7F5FFA51C8D33D5C0248A9A9A9F9F1D2A54B2F96FB39E19F7FFEF9EEB0C19E0D7FFFDD0ADA2868F9933FF933F2576C0F3FFCF02FD2EF4CE9EEEE2ECB3E4E6F6FEF15EF6AA9ABABBBDF1E27DCA05C2ED7B462C58A6FCB75A9D7F9F3E70F84BFF340D8687FADA08D82963FF9933F237F253C8BF2BBC242A1BEBE7E7CF150EAF79E2C5CB8F087D402A56D1E70731A1A1ADE5DBB766DC9172963636387F3F9FCAEB0C1BEA5A08D82963FF9933F237FA5142FAD4A5FEA151729A57A79635C9C2C5EBCF8FBD4E2645F4D4DCDEDF632E11636E0B070F8D3F3CF3F7FA6548B9478E6242C843E8AF79DCCB6C70A2B68052D7F46FEE44FFE2A535894DC19F63D0EA61729F172AF62DE9312CFCC4C3A737234CC5DF630A1088B945C2EF7765353D39962DF9312EF3999B8ACEBADD9BE3851D00A5AFE8CFCF9FF2E7F95252E16D28B94C28DF3B7FA74AFF8B4AE4937C45B9C4029D4D6D62EAFAFAF3FD7DEDE7E6A7474F4961F253CF1B4AEB3B3F99E1305ADA0E5CFC89FFCC95F559C49E94F2F26E22388376DDA940C0D0DDDF04B18E37B4ED28F122E5CD665710225129FEE555757F7C7B0E19DDEBA75EBA19191914B37FA86F8F812C6F0677C192FE90AFFBC47411B052D7FF2277F46FEB214AF16A9ADAD7D6DD2A2627C9E7BEEB9A4BDBD7DFC1E95782549E1206DFCE7E0E0E0F83D26DBB76F4FD6AC5973C51BE2D337C4BBE704CA7336E52761DE091BE299A79F7E7AEFC68D1BF77EF2C927878E1F3F7E3EB51E391B1724FDFDFDDDADADAD9DCB962D8B6F6F3D191625EFCFC697302A68052D7F46FEE44FFEAADBC42388FBAFB550B989D9E351C2908178DFC8C4C61C1FD7176F74FF3ACCA5D4C63934B1A1B7C5B7B7CE85FB4C14B482963F237FF2277F557F2036BE71BE73D23ECD8C262C4ABAE21BE2BD841150D04641CB9FFCC99F91BF621F889D1F162B8FC403AD13075C87262D48C60FC4C6AB4AC2A26461BC14DE770D50D04641CB9FFCC99F913F0014B482963F237FF2277F002868A3A0E54FFEE4CFC81F000A5A41CB9F913FF9933F0014B451D0F2277FF267E40F0005ADA0E5CFC89FFCC91F000ADA2868F9933FF933F207808256D0F267E44FFEE40F000B14A3A0E54FFEE4CFC81F000ADAD84134F2277FF20780058A6254D0F267E4CFC81F000ADAD841943FF9933F638102808256D0F267E44FFEE40F00056D14B4FCC99FFC19F90340412B68F933F2277FF2078082360A5AFEE44FFE8CFC01A0A015B4FC19F9933FF903A01AEDDCB9533156CE5C08057D49FE8CFCC99FFC013067F5F4F40C0D0F0F2BC70A98C1C1C13F8482FE42FE8CFCC99FFC013067EDDAB5EB97DDDDDDA74F9C38F1AD92CCEEC8612CE71D3B76FC3BCC43F267E44FFEE40F80392D94C2035D5D5D7BE2E9F5780DB029FBC4EFFB1773B59CE54FFEE44FFE2C4E00000000000000000000000000000000000000000000000000000000C8CCFF01A9C14C37CAA96B610000000049454E44AE426082, '1');
INSERT INTO `act_ge_bytearray` VALUES ('a4d975ec-4610-11ee-bc76-601895569a42', '1', 'source', null, 0x3C3F786D6C2076657273696F6E3D22312E302220656E636F64696E673D225554462D38223F3E0A3C62706D6E323A646566696E6974696F6E7320786D6C6E733A7873693D22687474703A2F2F7777772E77332E6F72672F323030312F584D4C536368656D612D696E7374616E63652220786D6C6E733A62706D6E323D22687474703A2F2F7777772E6F6D672E6F72672F737065632F42504D4E2F32303130303532342F4D4F44454C2220786D6C6E733A62706D6E64693D22687474703A2F2F7777772E6F6D672E6F72672F737065632F42504D4E2F32303130303532342F44492220786D6C6E733A64633D22687474703A2F2F7777772E6F6D672E6F72672F737065632F44442F32303130303532342F44432220786D6C6E733A64693D22687474703A2F2F7777772E6F6D672E6F72672F737065632F44442F32303130303532342F44492220786D6C6E733A666C6F7761626C653D22687474703A2F2F666C6F7761626C652E6F72672F62706D6E222069643D226469616772616D5F50726F636573735F3136393332373436373635303422207461726765744E616D6573706163653D22687474703A2F2F666C6F7761626C652E6F72672F62706D6E22207873693A736368656D614C6F636174696F6E3D22687474703A2F2F7777772E6F6D672E6F72672F737065632F42504D4E2F32303130303532342F4D4F44454C2042504D4E32302E787364223E0A20203C62706D6E323A70726F636573732069643D2250726F636573735F3136393332373436373635303422206E616D653D22E4B89AE58AA1E6B581E7A88B5FE6B58BE8AF95E4B88AE4BCA0E69687E4BBB6E6B581E7A88B2220697345786563757461626C653D2274727565223E0A202020203C62706D6E323A73746172744576656E742069643D224576656E745F30677437646A732220666C6F7761626C653A666F726D4B65793D226B65795F31363936333432373133313238323932333534223E0A2020202020203C62706D6E323A6F7574676F696E673E466C6F775F317336687370763C2F62706D6E323A6F7574676F696E673E0A202020203C2F62706D6E323A73746172744576656E743E0A202020203C62706D6E323A757365725461736B2069643D2241637469766974795F313379616D68782220666C6F7761626C653A666F726D4B65793D222220666C6F7761626C653A64617461547970653D22494E49544941544F522220666C6F7761626C653A61737369676E65653D22247B696E69746961746F727D2220666C6F7761626C653A746578743D22E6B581E7A88BE58F91E8B5B7E4BABA223E0A2020202020203C62706D6E323A696E636F6D696E673E466C6F775F317336687370763C2F62706D6E323A696E636F6D696E673E0A2020202020203C62706D6E323A6F7574676F696E673E466C6F775F306136393932793C2F62706D6E323A6F7574676F696E673E0A202020203C2F62706D6E323A757365725461736B3E0A202020203C62706D6E323A73657175656E6365466C6F772069643D22466C6F775F317336687370762220736F757263655265663D224576656E745F30677437646A7322207461726765745265663D2241637469766974795F313379616D687822202F3E0A202020203C62706D6E323A757365725461736B2069643D2241637469766974795F31793968356F682220666C6F7761626C653A64617461547970653D2255534552532220666C6F7761626C653A61737369676E65653D22312220666C6F7761626C653A746578743D22E88BA5E4BE9DE7AEA1E79086E59198223E0A2020202020203C62706D6E323A696E636F6D696E673E466C6F775F306136393932793C2F62706D6E323A696E636F6D696E673E0A2020202020203C62706D6E323A6F7574676F696E673E466C6F775F31656C373768333C2F62706D6E323A6F7574676F696E673E0A202020203C2F62706D6E323A757365725461736B3E0A202020203C62706D6E323A73657175656E6365466C6F772069643D22466C6F775F306136393932792220736F757263655265663D2241637469766974795F313379616D687822207461726765745265663D2241637469766974795F31793968356F6822202F3E0A202020203C62706D6E323A757365725461736B2069643D2241637469766974795F31396D676234632220666C6F7761626C653A64617461547970653D2255534552532220666C6F7761626C653A61737369676E65653D22322220666C6F7761626C653A746578743D22E88BA5E4BE9D223E0A2020202020203C62706D6E323A696E636F6D696E673E466C6F775F31656C373768333C2F62706D6E323A696E636F6D696E673E0A2020202020203C62706D6E323A6F7574676F696E673E466C6F775F303172303978753C2F62706D6E323A6F7574676F696E673E0A202020203C2F62706D6E323A757365725461736B3E0A202020203C62706D6E323A73657175656E6365466C6F772069643D22466C6F775F31656C373768332220736F757263655265663D2241637469766974795F31793968356F6822207461726765745265663D2241637469766974795F31396D6762346322202F3E0A202020203C62706D6E323A656E644576656E742069643D224576656E745F317539347A3339223E0A2020202020203C62706D6E323A696E636F6D696E673E466C6F775F303172303978753C2F62706D6E323A696E636F6D696E673E0A202020203C2F62706D6E323A656E644576656E743E0A202020203C62706D6E323A73657175656E6365466C6F772069643D22466C6F775F303172303978752220736F757263655265663D2241637469766974795F31396D6762346322207461726765745265663D224576656E745F317539347A333922202F3E0A20203C2F62706D6E323A70726F636573733E0A20203C62706D6E64693A42504D4E4469616772616D2069643D2242504D4E4469616772616D5F31223E0A202020203C62706D6E64693A42504D4E506C616E652069643D2242504D4E506C616E655F31222062706D6E456C656D656E743D2250726F636573735F31363933323734363736353034223E0A2020202020203C62706D6E64693A42504D4E456467652069643D22466C6F775F317336687370765F6469222062706D6E456C656D656E743D22466C6F775F31733668737076223E0A20202020202020203C64693A776179706F696E7420783D223232382220793D2232313022202F3E0A20202020202020203C64693A776179706F696E7420783D223238302220793D2232313022202F3E0A2020202020203C2F62706D6E64693A42504D4E456467653E0A2020202020203C62706D6E64693A42504D4E456467652069643D22466C6F775F306136393932795F6469222062706D6E456C656D656E743D22466C6F775F30613639393279223E0A20202020202020203C64693A776179706F696E7420783D223338302220793D2232313022202F3E0A20202020202020203C64693A776179706F696E7420783D223434302220793D2232313022202F3E0A2020202020203C2F62706D6E64693A42504D4E456467653E0A2020202020203C62706D6E64693A42504D4E456467652069643D22466C6F775F31656C373768335F6469222062706D6E456C656D656E743D22466C6F775F31656C37376833223E0A20202020202020203C64693A776179706F696E7420783D223534302220793D2232313022202F3E0A20202020202020203C64693A776179706F696E7420783D223630302220793D2232313022202F3E0A2020202020203C2F62706D6E64693A42504D4E456467653E0A2020202020203C62706D6E64693A42504D4E456467652069643D22466C6F775F303172303978755F6469222062706D6E456C656D656E743D22466C6F775F30317230397875223E0A20202020202020203C64693A776179706F696E7420783D223730302220793D2232313022202F3E0A20202020202020203C64693A776179706F696E7420783D223736322220793D2232313022202F3E0A2020202020203C2F62706D6E64693A42504D4E456467653E0A2020202020203C62706D6E64693A42504D4E53686170652069643D224576656E745F30677437646A735F6469222062706D6E456C656D656E743D224576656E745F30677437646A73223E0A20202020202020203C64633A426F756E647320783D223139322220793D22313932222077696474683D22333622206865696768743D22333622202F3E0A2020202020203C2F62706D6E64693A42504D4E53686170653E0A2020202020203C62706D6E64693A42504D4E53686170652069643D2241637469766974795F313379616D68785F6469222062706D6E456C656D656E743D2241637469766974795F313379616D6878223E0A20202020202020203C64633A426F756E647320783D223238302220793D22313730222077696474683D2231303022206865696768743D22383022202F3E0A2020202020203C2F62706D6E64693A42504D4E53686170653E0A2020202020203C62706D6E64693A42504D4E53686170652069643D2241637469766974795F31793968356F685F6469222062706D6E456C656D656E743D2241637469766974795F31793968356F68223E0A20202020202020203C64633A426F756E647320783D223434302220793D22313730222077696474683D2231303022206865696768743D22383022202F3E0A2020202020203C2F62706D6E64693A42504D4E53686170653E0A2020202020203C62706D6E64693A42504D4E53686170652069643D2241637469766974795F31396D676234635F6469222062706D6E456C656D656E743D2241637469766974795F31396D67623463223E0A20202020202020203C64633A426F756E647320783D223630302220793D22313730222077696474683D2231303022206865696768743D22383022202F3E0A2020202020203C2F62706D6E64693A42504D4E53686170653E0A2020202020203C62706D6E64693A42504D4E53686170652069643D224576656E745F317539347A33395F6469222062706D6E456C656D656E743D224576656E745F317539347A3339223E0A20202020202020203C64633A426F756E647320783D223736322220793D22313932222077696474683D22333622206865696768743D22333622202F3E0A2020202020203C2F62706D6E64693A42504D4E53686170653E0A202020203C2F62706D6E64693A42504D4E506C616E653E0A20203C2F62706D6E64693A42504D4E4469616772616D3E0A3C2F62706D6E323A646566696E6974696F6E733E0A, null);
INSERT INTO `act_ge_bytearray` VALUES ('a692e5be-4610-11ee-bc76-601895569a42', '1', '业务流程_测试上传文件流程.bpmn', 'a692bead-4610-11ee-bc76-601895569a42', 0x3C3F786D6C2076657273696F6E3D22312E302220656E636F64696E673D225554462D38223F3E0A3C62706D6E323A646566696E6974696F6E7320786D6C6E733A7873693D22687474703A2F2F7777772E77332E6F72672F323030312F584D4C536368656D612D696E7374616E63652220786D6C6E733A62706D6E323D22687474703A2F2F7777772E6F6D672E6F72672F737065632F42504D4E2F32303130303532342F4D4F44454C2220786D6C6E733A62706D6E64693D22687474703A2F2F7777772E6F6D672E6F72672F737065632F42504D4E2F32303130303532342F44492220786D6C6E733A64633D22687474703A2F2F7777772E6F6D672E6F72672F737065632F44442F32303130303532342F44432220786D6C6E733A64693D22687474703A2F2F7777772E6F6D672E6F72672F737065632F44442F32303130303532342F44492220786D6C6E733A666C6F7761626C653D22687474703A2F2F666C6F7761626C652E6F72672F62706D6E222069643D226469616772616D5F50726F636573735F3136393332373436373635303422207461726765744E616D6573706163653D22687474703A2F2F666C6F7761626C652E6F72672F62706D6E22207873693A736368656D614C6F636174696F6E3D22687474703A2F2F7777772E6F6D672E6F72672F737065632F42504D4E2F32303130303532342F4D4F44454C2042504D4E32302E787364223E0A20203C62706D6E323A70726F636573732069643D2250726F636573735F3136393332373436373635303422206E616D653D22E4B89AE58AA1E6B581E7A88B5FE6B58BE8AF95E4B88AE4BCA0E69687E4BBB6E6B581E7A88B2220697345786563757461626C653D2274727565223E0A202020203C62706D6E323A73746172744576656E742069643D224576656E745F30677437646A732220666C6F7761626C653A666F726D4B65793D226B65795F31363936333432373133313238323932333534223E0A2020202020203C62706D6E323A6F7574676F696E673E466C6F775F317336687370763C2F62706D6E323A6F7574676F696E673E0A202020203C2F62706D6E323A73746172744576656E743E0A202020203C62706D6E323A757365725461736B2069643D2241637469766974795F313379616D68782220666C6F7761626C653A666F726D4B65793D222220666C6F7761626C653A64617461547970653D22494E49544941544F522220666C6F7761626C653A61737369676E65653D22247B696E69746961746F727D2220666C6F7761626C653A746578743D22E6B581E7A88BE58F91E8B5B7E4BABA223E0A2020202020203C62706D6E323A696E636F6D696E673E466C6F775F317336687370763C2F62706D6E323A696E636F6D696E673E0A2020202020203C62706D6E323A6F7574676F696E673E466C6F775F306136393932793C2F62706D6E323A6F7574676F696E673E0A202020203C2F62706D6E323A757365725461736B3E0A202020203C62706D6E323A73657175656E6365466C6F772069643D22466C6F775F317336687370762220736F757263655265663D224576656E745F30677437646A7322207461726765745265663D2241637469766974795F313379616D687822202F3E0A202020203C62706D6E323A757365725461736B2069643D2241637469766974795F31793968356F682220666C6F7761626C653A64617461547970653D2255534552532220666C6F7761626C653A61737369676E65653D22312220666C6F7761626C653A746578743D22E88BA5E4BE9DE7AEA1E79086E59198223E0A2020202020203C62706D6E323A696E636F6D696E673E466C6F775F306136393932793C2F62706D6E323A696E636F6D696E673E0A2020202020203C62706D6E323A6F7574676F696E673E466C6F775F31656C373768333C2F62706D6E323A6F7574676F696E673E0A202020203C2F62706D6E323A757365725461736B3E0A202020203C62706D6E323A73657175656E6365466C6F772069643D22466C6F775F306136393932792220736F757263655265663D2241637469766974795F313379616D687822207461726765745265663D2241637469766974795F31793968356F6822202F3E0A202020203C62706D6E323A757365725461736B2069643D2241637469766974795F31396D676234632220666C6F7761626C653A64617461547970653D2255534552532220666C6F7761626C653A61737369676E65653D22322220666C6F7761626C653A746578743D22E88BA5E4BE9D223E0A2020202020203C62706D6E323A696E636F6D696E673E466C6F775F31656C373768333C2F62706D6E323A696E636F6D696E673E0A2020202020203C62706D6E323A6F7574676F696E673E466C6F775F303172303978753C2F62706D6E323A6F7574676F696E673E0A202020203C2F62706D6E323A757365725461736B3E0A202020203C62706D6E323A73657175656E6365466C6F772069643D22466C6F775F31656C373768332220736F757263655265663D2241637469766974795F31793968356F6822207461726765745265663D2241637469766974795F31396D6762346322202F3E0A202020203C62706D6E323A656E644576656E742069643D224576656E745F317539347A3339223E0A2020202020203C62706D6E323A696E636F6D696E673E466C6F775F303172303978753C2F62706D6E323A696E636F6D696E673E0A202020203C2F62706D6E323A656E644576656E743E0A202020203C62706D6E323A73657175656E6365466C6F772069643D22466C6F775F303172303978752220736F757263655265663D2241637469766974795F31396D6762346322207461726765745265663D224576656E745F317539347A333922202F3E0A20203C2F62706D6E323A70726F636573733E0A20203C62706D6E64693A42504D4E4469616772616D2069643D2242504D4E4469616772616D5F31223E0A202020203C62706D6E64693A42504D4E506C616E652069643D2242504D4E506C616E655F31222062706D6E456C656D656E743D2250726F636573735F31363933323734363736353034223E0A2020202020203C62706D6E64693A42504D4E456467652069643D22466C6F775F317336687370765F6469222062706D6E456C656D656E743D22466C6F775F31733668737076223E0A20202020202020203C64693A776179706F696E7420783D223232382220793D2232313022202F3E0A20202020202020203C64693A776179706F696E7420783D223238302220793D2232313022202F3E0A2020202020203C2F62706D6E64693A42504D4E456467653E0A2020202020203C62706D6E64693A42504D4E456467652069643D22466C6F775F306136393932795F6469222062706D6E456C656D656E743D22466C6F775F30613639393279223E0A20202020202020203C64693A776179706F696E7420783D223338302220793D2232313022202F3E0A20202020202020203C64693A776179706F696E7420783D223434302220793D2232313022202F3E0A2020202020203C2F62706D6E64693A42504D4E456467653E0A2020202020203C62706D6E64693A42504D4E456467652069643D22466C6F775F31656C373768335F6469222062706D6E456C656D656E743D22466C6F775F31656C37376833223E0A20202020202020203C64693A776179706F696E7420783D223534302220793D2232313022202F3E0A20202020202020203C64693A776179706F696E7420783D223630302220793D2232313022202F3E0A2020202020203C2F62706D6E64693A42504D4E456467653E0A2020202020203C62706D6E64693A42504D4E456467652069643D22466C6F775F303172303978755F6469222062706D6E456C656D656E743D22466C6F775F30317230397875223E0A20202020202020203C64693A776179706F696E7420783D223730302220793D2232313022202F3E0A20202020202020203C64693A776179706F696E7420783D223736322220793D2232313022202F3E0A2020202020203C2F62706D6E64693A42504D4E456467653E0A2020202020203C62706D6E64693A42504D4E53686170652069643D224576656E745F30677437646A735F6469222062706D6E456C656D656E743D224576656E745F30677437646A73223E0A20202020202020203C64633A426F756E647320783D223139322220793D22313932222077696474683D22333622206865696768743D22333622202F3E0A2020202020203C2F62706D6E64693A42504D4E53686170653E0A2020202020203C62706D6E64693A42504D4E53686170652069643D2241637469766974795F313379616D68785F6469222062706D6E456C656D656E743D2241637469766974795F313379616D6878223E0A20202020202020203C64633A426F756E647320783D223238302220793D22313730222077696474683D2231303022206865696768743D22383022202F3E0A2020202020203C2F62706D6E64693A42504D4E53686170653E0A2020202020203C62706D6E64693A42504D4E53686170652069643D2241637469766974795F31793968356F685F6469222062706D6E456C656D656E743D2241637469766974795F31793968356F68223E0A20202020202020203C64633A426F756E647320783D223434302220793D22313730222077696474683D2231303022206865696768743D22383022202F3E0A2020202020203C2F62706D6E64693A42504D4E53686170653E0A2020202020203C62706D6E64693A42504D4E53686170652069643D2241637469766974795F31396D676234635F6469222062706D6E456C656D656E743D2241637469766974795F31396D67623463223E0A20202020202020203C64633A426F756E647320783D223630302220793D22313730222077696474683D2231303022206865696768743D22383022202F3E0A2020202020203C2F62706D6E64693A42504D4E53686170653E0A2020202020203C62706D6E64693A42504D4E53686170652069643D224576656E745F317539347A33395F6469222062706D6E456C656D656E743D224576656E745F317539347A3339223E0A20202020202020203C64633A426F756E647320783D223736322220793D22313932222077696474683D22333622206865696768743D22333622202F3E0A2020202020203C2F62706D6E64693A42504D4E53686170653E0A202020203C2F62706D6E64693A42504D4E506C616E653E0A20203C2F62706D6E64693A42504D4E4469616772616D3E0A3C2F62706D6E323A646566696E6974696F6E733E0A, '0');
INSERT INTO `act_ge_bytearray` VALUES ('a7f275bf-4610-11ee-bc76-601895569a42', '1', '业务流程_测试上传文件流程.Process_1693274676504.png', 'a692bead-4610-11ee-bc76-601895569a42', 0x89504E470D0A1A0A0000000D4948445200000328000001040806000000C305109500000F794944415478DAEDDD4F6CD6F51D07700E1E76F0C0C1C30E1E3C78F0B0040F3BECB083871D3C98CC83B5F62904789ACA545251078D06DC68FC131C564335C648025312D7B014B66671B380A54D6D0D8B61026AC65006948E6207E38F48A9FEF6FD367DC88F426981E7797ECFD3BE5EC9274A8BD0D4F7AFEFDFF7F777DE3C0000000000000000000000000000000000000000000000000000000000000000000000000000000000000000000000000000000000000000000000000000000000000000000000000000000000000000000000000000000000000000000000000000000000000000000000000000000000000000000000000000000000000000000000000000000000000000000000000000000000000000000000000000000000000000000000000000000000000000000000000000000000000000000000000000000000000000000000000000000000000000000000000000000000000000000000000000000000000000000000000000000000000000000000000000000000000000000000000000000000000000000000000000000000000000000000000000000000000000000000000000000000000000000000000000000000000000000000000000000000000000000000000000000000000000000000000000000000000000000000000000000000000000000000000000000000000000000000000000000000000000000000000000000000000000000000000000000000000000000000000000000000000000000000000000000000000000000000000000000000000000000000000000000000000000000000000000000000000000000000000000000000000000000000000000000000000000000000000000000000000000000000000000000000000000000000000000000000A8684992DCF6D5575F6D1D1818F87EE7CE9D4957579729F3ECD8B123E9E9E9F926CC42F99307F9933FF903604E8BE5DCDBDB9B0C0F0F27172F5E3419CDC9932793DDBB77FF2F94F543F267E44FFEE40F80392B1E3954CE1553D217BBBABABE903F237FF2277F00CC59F1B206E55839130AFA92FC19F9933FF90360CE8AD7002BC68A2AE844FE8CFCC99FFC01608132CD9C3B3D947CB56753726047CBF8C47F8F1F53AA0A5AFEE44FFE8CFC0150D6823E7B6A30D9FFB735C93FFEB2F28A891F8B9F53AC0A5AFEE44FFE8CFC0150B6823E7AE0CF579573618E1DE854AC0A5AFEE44FFE8CFC0150BE82FEE2A375531674FC9C6255D0F2277FF267E40F80B215F4FEAEDF4E59D0F1738A5541CB9FFCC99F913F0014B482963FF9933FF9933F00E65E41C7A7D64C55D0F1738A5541CB9FFCC99F913F00CA56D007FBDE98B2A0E3E714AB82963FF9933F237F0094ADA047063F4BF67FF89BAB2F6F081F8B9F53AC0A5AFEE44FFE8CFC0150B6828EF3F5DFDFBDAAA0E3C794AA82963FF9933F237F0094B7A0BFFB2E39F8F15B575FDE103E163FA75815B4FCC99FFC19F903A02C051DDF94FCCFBEB629AFC18E9FF33665052D7FF2277F46FE00286D417FF75D32747057B2EFAFCF4D59CE8589BF27FE5E471315B4FCC99FFC19F903A0E8053DDD5143471315B4FCC99FFCC99FFC0150B6829EC951C3EB1D4D54B40A5AFEE44FFE8CFC0150B482BED9722E8CA255D0F2277FF267E40F80A215B451D0F2277FF267E4AF322D59B264FE238F3CF25098B630FD6186C224A989BFEEAFADAD7DA7AEAE6E61983B7CD72063C78E1D5BB06DDBB6D7DF7CF3CDFDAB57AF3EBB7CF9F2EFEBEBEB2F6FB88D8D8DA3CF3CF3CCC8DAB56B7BD6AF5FFFABB0A1FFC80245312A68F933F267E4AF928505C703613FA6332C38C6262D48A69DF0DF748579F0BEFBEEBBCD7712CA244992DBFAFBFB576DD8B061282C4092975F7E39E9E8E848F6EEDD9B0C0E0E2663636349C1C8C848F2D9679F25DBB76F4FDE78E38D242C50C656AE5CF9713E9F5F60816214B4FCC99FFC19F9AB246181F1D3B0B818B8D145C914B327FC59F7FBAE4289EDDEBD3BFFDA6BAF9D7DFCF1C793AD5BB726434343C98D3875EAD4F80FC5279E78E2525353535FD878EF52D04641CB9FFCC99F91BF2CC5B31D6131F1F2B5CE983437378FEFF3F4F5F525478E1C492E5CB830BE4F333A3A3AFEEB818181F103B56BD6AC996AA1D236D7AF2081929D35696F6FDF97CFE793F7DF7FFFF2C679B3E25996785665D1A245971A1A1A9A15B451D0F2277FF267E42F0BF5F5F5774E3E6B12F64F924D9B36DDF081D8C3870F271B376E8C578C4C5EA4EC8B7F8FEF361449D838EF6A6B6B1B5EB162C5F886574CF1CF7BEAA9A72E3436366E990B471714B482963F237F46FE2A475898DC93CBE58EA71713F1D2F5E1E1E15BDABF8997B8B7B4B44C5EA41C9D6B578E40C91627F192AE78DA325E9E550AF16CCC8B2FBE78BEA1A1E183D97E43998256D0F267E4CFC85FE59C39492F4EE25993EEEEEE2BEEA5BD55BDBDBDE37FAE450A1449BCAC2B9E39898B935BBDA46B26977CBDF0C20B67C246BC51411B052D7FF2277F46FE4A69E29E93CB9775C527907EF9E59725D9C789F7A84CBAE46B5F4D4DCDEDF634E126C47B4EE2655D67CE9C49CA212E829A9A9ACE841F12AB14B451D0F2277FF267E4AF54E20DF1E93327A55A9CA41729E9D730C41BE7ED69C20DEAE9E9698C37C417FB9E9399DC931236E00B353535772B68A3A0E54FFEE4CFC85FB14D3C4AF8F2D3BAE2655DE5102FF79AF4BE148F2086998A9776BDFAEAABE7E2D3BAB2D0D1D1713A2C523A14B451D0F2277FF267E4AF04674F06D237C417F39E93E94CBA717E8F9739C20CC59730C6F79C94FABE93EBDD8F92CFE74FE472B97B15B451D0F2277FF267E4AF5826DE107FF9D2AE5B7D5AD7CD3CDD2B7D3F4A7CE3BC3D4F9881D6D6D6A1F842A22C757676C6A75CBCA7A08D82963FF9933F237FC512F62D3A0B8B83F89E932C6CD9B225BD40E9B2E709D33876ECD882C6C6C61B7E3151B1C5471AE772B9FFCEB677A32868052D7F46FE8CFC6523EC53CC4FDF7B92D5BE4E3C6B93BE613E7C4D77D80385EBD8B66DDBEBAFBCF24A52099E7DF6D93DF1546C357CDFE21190303F57D00A5AFE8CFCC99FFC55660EC362E0A1C2A2A0B9B939D37D9CF80A87D40265A13D50B88E0D1B361CE8E8E8A88805CAE6CD9BF755CB63F8D2A76AC3A2EA670A5A41CB9F913FF993BFCACA61DCA728FCBEAC2F658FFB5A85AF257CBDEFD80385EB58BD7AF5D9BD7BF756C402E5D34F3F3D1836DCFE6AFAC1989A0FAE752447412B68F933F267E42F9B1CC67D8AC2E7FBFAFA32DDC789EF45497DADFDF380A92D5FBEFCFBACEF3F29F8E69B6FCE858D76A84A7F305E3E9293FE01A9A015B4FC19F933F2974D0EE33E45E1E3478E1CC9741F67707030FD750ECD03A6166FDA2AE7F3C0A71337DC6AFEC1983E92134F392B68052D7F46FE8CFC6593C3F4AF47474733DDBF897F7FFAEBB1070AD36CE09564063F70AA6A147465CD6CCB97FCC99FFC19F99BD954DA3E8E3D50A89E33286767C11994F1279115DE14ABA01D41943F237F46FEB2C961FAE359BD8CDA1914B8098F3DF6D8C54AB907E5C48913FBABF81E942B8AB940412B68F933F267E42F9B1CA6EF41397CF8B07B50A05AAC5AB5EA3F95F214AFFEFEFEEE2A7C8A577F5D5DDD83938B59412B68F933F2277FF2976D0E3DC50BAA544B4BCB8795F21E94D6D6D6CE2A7A0FCA358F182A68052D7F46FEE44FFE2A2387E9F7A0B4B7B77B0F0A548B75EBD62D5DBF7EFD0F95B04059B66C5967B5BC497EA614B482963F237F46FE325BC478933C54A3254B96FC289FCF8F8E8C8C64FD0E9478FFC9C9F8F52868A3A0E54FFEE4CFC85F11F671E6877D8B4B8585C1A1438732D9C7191E1E4E72B9DC0FA905CA1DF640611ACDCDCD1F75767666BA40696B6BFB7DD868DF53D04641CB9FFCC99F91BF229E45E92C2C0CDE7EFBED4CF671B66CD972C58B24ED79C20CE4F3F9058F3EFAE858568FE01B1B1B3B1A36D87FE572B97B15B451D0F2277FF267E4AF58E2A5E385C5C1A2458BC6CF669453BC4265F1E2C5E9B3270FDAF384197AF2C927776775B3FC4B2FBDB4396CB45B15B451D0F2277FF267E4AF0467512E3FCDABA5A5A5ACEF7F8B7F5FFA51C8D33D5C0248A9A9A9F9F1D2A54B2F96FB39E19F7FFEF9EEB0C19E0D7FFFDD0ADA2868F9933FF933F2576C0F3FFCF02FD2EF4CE9EEEE2ECB3E4E6F6FEF15EF6AA9ABABBBDF1E27DCA05C2ED7B462C58A6FCB75A9D7F9F3E70F84BFF340D8687FADA08D82963FF9933F237F253C8BF2BBC242A1BEBE7E7CF150EAF79E2C5CB8F087D402A56D1E70731A1A1ADE5DBB766DC9172963636387F3F9FCAEB0C1BEA5A08D82963FF9933F237FA5142FAD4A5FEA151729A57A79635C9C2C5EBCF8FBD4E2645F4D4DCDEDF632E11636E0B070F8D3F3CF3F7FA6548B9478E6242C843E8AF79DCCB6C70A2B68052D7F46FEE44FFE2A535894DC19F63D0EA61729F172AF62DE9312CFCC4C3A737234CC5DF630A1088B945C2EF7765353D39962DF9312EF3999B8ACEBADD9BE3851D00A5AFE8CFCF9FF2E7F95252E16D28B94C28DF3B7FA74AFF8B4AE4937C45B9C4029D4D6D62EAFAFAF3FD7DEDE7E6A7474F4961F253CF1B4AEB3B3F99E1305ADA0E5CFC89FFCC95F559C49E94F2F26E22388376DDA940C0D0DDDF04B18E37B4ED28F122E5CD665710225129FEE555757F7C7B0E19DDEBA75EBA19191914B37FA86F8F812C6F0677C192FE90AFFBC47411B052D7FF2277F46FEB214AF16A9ADAD7D6DD2A2627C9E7BEEB9A4BDBD7DFC1E95782549E1206DFCE7E0E0E0F83D26DBB76F4FD6AC5973C51BE2D337C4BBE704CA7336E52761DE091BE299A79F7E7AEFC68D1BF77EF2C927878E1F3F7E3EB51E391B1724FDFDFDDDADADAD9DCB962D8B6F6F3D191625EFCFC697302A68052D7F46FEE44FFEAADBC42388FBAFB550B989D9E351C2908178DFC8C4C61C1FD7176F74FF3ACCA5D4C63934B1A1B7C5B7B7CE85FB4C14B482963F237FF2277F557F2036BE71BE73D23ECD8C262C4ABAE21BE2BD841150D04641CB9FFCC99F91BF621F889D1F162B8FC403AD13075C87262D48C60FC4C6AB4AC2A26461BC14DE770D50D04641CB9FFCC99F913F0014B482963F237FF2277F002868A3A0E54FFEE4CFC81F000A5A41CB9F913FF9933F0014B451D0F2277FF267E40F0005ADA0E5CFC89FFCC91F000ADA2868F9933FF933F207808256D0F267E44FFEE40F000B14A3A0E54FFEE4CFC81F000ADAD84134F2277FF20780058A6254D0F267E4CFC81F000ADAD841943FF9933F638102808256D0F267E44FFEE40F00056D14B4FCC99FFC19F90340412B68F933F2277FF2078082360A5AFEE44FFE8CFC01A0A015B4FC19F9933FF903A01AEDDCB9533156CE5C08057D49FE8CFCC99FFC013067F5F4F40C0D0F0F2BC70A98C1C1C13F8482FE42FE8CFCC99FFC013067EDDAB5EB97DDDDDDA74F9C38F1AD92CCEEC8612CE71D3B76FC3BCC43F267E44FFEE40F80392D94C2035D5D5D7BE2E9F5780DB029FBC4EFFB1773B59CE54FFEE44FFE2C4E00000000000000000000000000000000000000000000000000000000C8CCFF01A9C14C37CAA96B610000000049454E44AE426082, '1');
INSERT INTO `act_ge_bytearray` VALUES ('e6fee0d8-462d-11ee-b58f-601895569a42', '1', 'source', null, 0x3C3F786D6C2076657273696F6E3D22312E302220656E636F64696E673D225554462D38223F3E0A3C62706D6E323A646566696E6974696F6E7320786D6C6E733A7873693D22687474703A2F2F7777772E77332E6F72672F323030312F584D4C536368656D612D696E7374616E63652220786D6C6E733A62706D6E323D22687474703A2F2F7777772E6F6D672E6F72672F737065632F42504D4E2F32303130303532342F4D4F44454C2220786D6C6E733A62706D6E64693D22687474703A2F2F7777772E6F6D672E6F72672F737065632F42504D4E2F32303130303532342F44492220786D6C6E733A64633D22687474703A2F2F7777772E6F6D672E6F72672F737065632F44442F32303130303532342F44432220786D6C6E733A64693D22687474703A2F2F7777772E6F6D672E6F72672F737065632F44442F32303130303532342F44492220786D6C6E733A666C6F7761626C653D22687474703A2F2F666C6F7761626C652E6F72672F62706D6E222069643D226469616772616D5F50726F636573735F3136393332373436373635303422207461726765744E616D6573706163653D22687474703A2F2F666C6F7761626C652E6F72672F62706D6E22207873693A736368656D614C6F636174696F6E3D22687474703A2F2F7777772E6F6D672E6F72672F737065632F42504D4E2F32303130303532342F4D4F44454C2042504D4E32302E787364223E0A20203C62706D6E323A70726F636573732069643D2250726F636573735F3136393332373436373635303422206E616D653D22E4B89AE58AA1E6B581E7A88B5FE6B58BE8AF95E4B88AE4BCA0E69687E4BBB6E6B581E7A88B2220697345786563757461626C653D2274727565223E0A202020203C62706D6E323A73746172744576656E742069643D224576656E745F30677437646A732220666C6F7761626C653A666F726D4B65793D226B65795F31363936333432373133313238323932333534223E0A2020202020203C62706D6E323A6F7574676F696E673E466C6F775F317336687370763C2F62706D6E323A6F7574676F696E673E0A202020203C2F62706D6E323A73746172744576656E743E0A202020203C62706D6E323A757365725461736B2069643D2241637469766974795F313379616D68782220666C6F7761626C653A666F726D4B65793D222220666C6F7761626C653A64617461547970653D22494E49544941544F522220666C6F7761626C653A61737369676E65653D22247B696E69746961746F727D2220666C6F7761626C653A746578743D22E6B581E7A88BE58F91E8B5B7E4BABA223E0A2020202020203C62706D6E323A696E636F6D696E673E466C6F775F317336687370763C2F62706D6E323A696E636F6D696E673E0A2020202020203C62706D6E323A6F7574676F696E673E466C6F775F306136393932793C2F62706D6E323A6F7574676F696E673E0A202020203C2F62706D6E323A757365725461736B3E0A202020203C62706D6E323A73657175656E6365466C6F772069643D22466C6F775F317336687370762220736F757263655265663D224576656E745F30677437646A7322207461726765745265663D2241637469766974795F313379616D687822202F3E0A202020203C62706D6E323A757365725461736B2069643D2241637469766974795F31793968356F682220666C6F7761626C653A64617461547970653D2255534552532220666C6F7761626C653A61737369676E65653D22312220666C6F7761626C653A746578743D22E88BA5E4BE9DE7AEA1E79086E59198223E0A2020202020203C62706D6E323A696E636F6D696E673E466C6F775F306136393932793C2F62706D6E323A696E636F6D696E673E0A2020202020203C62706D6E323A6F7574676F696E673E466C6F775F31656C373768333C2F62706D6E323A6F7574676F696E673E0A202020203C2F62706D6E323A757365725461736B3E0A202020203C62706D6E323A73657175656E6365466C6F772069643D22466C6F775F306136393932792220736F757263655265663D2241637469766974795F313379616D687822207461726765745265663D2241637469766974795F31793968356F6822202F3E0A202020203C62706D6E323A757365725461736B2069643D2241637469766974795F31396D676234632220666C6F7761626C653A64617461547970653D2255534552532220666C6F7761626C653A61737369676E65653D22322220666C6F7761626C653A746578743D22E88BA5E4BE9D223E0A2020202020203C62706D6E323A696E636F6D696E673E466C6F775F31656C373768333C2F62706D6E323A696E636F6D696E673E0A2020202020203C62706D6E323A6F7574676F696E673E466C6F775F303172303978753C2F62706D6E323A6F7574676F696E673E0A202020203C2F62706D6E323A757365725461736B3E0A202020203C62706D6E323A73657175656E6365466C6F772069643D22466C6F775F31656C373768332220736F757263655265663D2241637469766974795F31793968356F6822207461726765745265663D2241637469766974795F31396D6762346322202F3E0A202020203C62706D6E323A656E644576656E742069643D224576656E745F317539347A3339223E0A2020202020203C62706D6E323A696E636F6D696E673E466C6F775F303172303978753C2F62706D6E323A696E636F6D696E673E0A202020203C2F62706D6E323A656E644576656E743E0A202020203C62706D6E323A73657175656E6365466C6F772069643D22466C6F775F303172303978752220736F757263655265663D2241637469766974795F31396D6762346322207461726765745265663D224576656E745F317539347A333922202F3E0A20203C2F62706D6E323A70726F636573733E0A20203C62706D6E64693A42504D4E4469616772616D2069643D2242504D4E4469616772616D5F31223E0A202020203C62706D6E64693A42504D4E506C616E652069643D2242504D4E506C616E655F31222062706D6E456C656D656E743D2250726F636573735F31363933323734363736353034223E0A2020202020203C62706D6E64693A42504D4E456467652069643D22466C6F775F303172303978755F6469222062706D6E456C656D656E743D22466C6F775F30317230397875223E0A20202020202020203C64693A776179706F696E7420783D223730302220793D2232313022202F3E0A20202020202020203C64693A776179706F696E7420783D223736322220793D2232313022202F3E0A2020202020203C2F62706D6E64693A42504D4E456467653E0A2020202020203C62706D6E64693A42504D4E456467652069643D22466C6F775F31656C373768335F6469222062706D6E456C656D656E743D22466C6F775F31656C37376833223E0A20202020202020203C64693A776179706F696E7420783D223534302220793D2232313022202F3E0A20202020202020203C64693A776179706F696E7420783D223630302220793D2232313022202F3E0A2020202020203C2F62706D6E64693A42504D4E456467653E0A2020202020203C62706D6E64693A42504D4E456467652069643D22466C6F775F306136393932795F6469222062706D6E456C656D656E743D22466C6F775F30613639393279223E0A20202020202020203C64693A776179706F696E7420783D223338302220793D2232313022202F3E0A20202020202020203C64693A776179706F696E7420783D223434302220793D2232313022202F3E0A2020202020203C2F62706D6E64693A42504D4E456467653E0A2020202020203C62706D6E64693A42504D4E456467652069643D22466C6F775F317336687370765F6469222062706D6E456C656D656E743D22466C6F775F31733668737076223E0A20202020202020203C64693A776179706F696E7420783D223232382220793D2232313022202F3E0A20202020202020203C64693A776179706F696E7420783D223238302220793D2232313022202F3E0A2020202020203C2F62706D6E64693A42504D4E456467653E0A2020202020203C62706D6E64693A42504D4E53686170652069643D224576656E745F30677437646A735F6469222062706D6E456C656D656E743D224576656E745F30677437646A73223E0A20202020202020203C64633A426F756E647320783D223139322220793D22313932222077696474683D22333622206865696768743D22333622202F3E0A2020202020203C2F62706D6E64693A42504D4E53686170653E0A2020202020203C62706D6E64693A42504D4E53686170652069643D2241637469766974795F313379616D68785F6469222062706D6E456C656D656E743D2241637469766974795F313379616D6878223E0A20202020202020203C64633A426F756E647320783D223238302220793D22313730222077696474683D2231303022206865696768743D22383022202F3E0A2020202020203C2F62706D6E64693A42504D4E53686170653E0A2020202020203C62706D6E64693A42504D4E53686170652069643D2241637469766974795F31793968356F685F6469222062706D6E456C656D656E743D2241637469766974795F31793968356F68223E0A20202020202020203C64633A426F756E647320783D223434302220793D22313730222077696474683D2231303022206865696768743D22383022202F3E0A2020202020203C2F62706D6E64693A42504D4E53686170653E0A2020202020203C62706D6E64693A42504D4E53686170652069643D2241637469766974795F31396D676234635F6469222062706D6E456C656D656E743D2241637469766974795F31396D67623463223E0A20202020202020203C64633A426F756E647320783D223630302220793D22313730222077696474683D2231303022206865696768743D22383022202F3E0A2020202020203C2F62706D6E64693A42504D4E53686170653E0A2020202020203C62706D6E64693A42504D4E53686170652069643D224576656E745F317539347A33395F6469222062706D6E456C656D656E743D224576656E745F317539347A3339223E0A20202020202020203C64633A426F756E647320783D223736322220793D22313932222077696474683D22333622206865696768743D22333622202F3E0A2020202020203C2F62706D6E64693A42504D4E53686170653E0A202020203C2F62706D6E64693A42504D4E506C616E653E0A20203C2F62706D6E64693A42504D4E4469616772616D3E0A3C2F62706D6E323A646566696E6974696F6E733E0A, null);
INSERT INTO `act_ge_bytearray` VALUES ('e82e391a-462d-11ee-b58f-601895569a42', '1', '业务流程_测试上传文件流程.bpmn', 'e82e3919-462d-11ee-b58f-601895569a42', 0x3C3F786D6C2076657273696F6E3D22312E302220656E636F64696E673D225554462D38223F3E0A3C62706D6E323A646566696E6974696F6E7320786D6C6E733A7873693D22687474703A2F2F7777772E77332E6F72672F323030312F584D4C536368656D612D696E7374616E63652220786D6C6E733A62706D6E323D22687474703A2F2F7777772E6F6D672E6F72672F737065632F42504D4E2F32303130303532342F4D4F44454C2220786D6C6E733A62706D6E64693D22687474703A2F2F7777772E6F6D672E6F72672F737065632F42504D4E2F32303130303532342F44492220786D6C6E733A64633D22687474703A2F2F7777772E6F6D672E6F72672F737065632F44442F32303130303532342F44432220786D6C6E733A64693D22687474703A2F2F7777772E6F6D672E6F72672F737065632F44442F32303130303532342F44492220786D6C6E733A666C6F7761626C653D22687474703A2F2F666C6F7761626C652E6F72672F62706D6E222069643D226469616772616D5F50726F636573735F3136393332373436373635303422207461726765744E616D6573706163653D22687474703A2F2F666C6F7761626C652E6F72672F62706D6E22207873693A736368656D614C6F636174696F6E3D22687474703A2F2F7777772E6F6D672E6F72672F737065632F42504D4E2F32303130303532342F4D4F44454C2042504D4E32302E787364223E0A20203C62706D6E323A70726F636573732069643D2250726F636573735F3136393332373436373635303422206E616D653D22E4B89AE58AA1E6B581E7A88B5FE6B58BE8AF95E4B88AE4BCA0E69687E4BBB6E6B581E7A88B2220697345786563757461626C653D2274727565223E0A202020203C62706D6E323A73746172744576656E742069643D224576656E745F30677437646A732220666C6F7761626C653A666F726D4B65793D226B65795F31363936333432373133313238323932333534223E0A2020202020203C62706D6E323A6F7574676F696E673E466C6F775F317336687370763C2F62706D6E323A6F7574676F696E673E0A202020203C2F62706D6E323A73746172744576656E743E0A202020203C62706D6E323A757365725461736B2069643D2241637469766974795F313379616D68782220666C6F7761626C653A666F726D4B65793D222220666C6F7761626C653A64617461547970653D22494E49544941544F522220666C6F7761626C653A61737369676E65653D22247B696E69746961746F727D2220666C6F7761626C653A746578743D22E6B581E7A88BE58F91E8B5B7E4BABA223E0A2020202020203C62706D6E323A696E636F6D696E673E466C6F775F317336687370763C2F62706D6E323A696E636F6D696E673E0A2020202020203C62706D6E323A6F7574676F696E673E466C6F775F306136393932793C2F62706D6E323A6F7574676F696E673E0A202020203C2F62706D6E323A757365725461736B3E0A202020203C62706D6E323A73657175656E6365466C6F772069643D22466C6F775F317336687370762220736F757263655265663D224576656E745F30677437646A7322207461726765745265663D2241637469766974795F313379616D687822202F3E0A202020203C62706D6E323A757365725461736B2069643D2241637469766974795F31793968356F682220666C6F7761626C653A64617461547970653D2255534552532220666C6F7761626C653A61737369676E65653D22312220666C6F7761626C653A746578743D22E88BA5E4BE9DE7AEA1E79086E59198223E0A2020202020203C62706D6E323A696E636F6D696E673E466C6F775F306136393932793C2F62706D6E323A696E636F6D696E673E0A2020202020203C62706D6E323A6F7574676F696E673E466C6F775F31656C373768333C2F62706D6E323A6F7574676F696E673E0A202020203C2F62706D6E323A757365725461736B3E0A202020203C62706D6E323A73657175656E6365466C6F772069643D22466C6F775F306136393932792220736F757263655265663D2241637469766974795F313379616D687822207461726765745265663D2241637469766974795F31793968356F6822202F3E0A202020203C62706D6E323A757365725461736B2069643D2241637469766974795F31396D676234632220666C6F7761626C653A64617461547970653D2255534552532220666C6F7761626C653A61737369676E65653D22322220666C6F7761626C653A746578743D22E88BA5E4BE9D223E0A2020202020203C62706D6E323A696E636F6D696E673E466C6F775F31656C373768333C2F62706D6E323A696E636F6D696E673E0A2020202020203C62706D6E323A6F7574676F696E673E466C6F775F303172303978753C2F62706D6E323A6F7574676F696E673E0A202020203C2F62706D6E323A757365725461736B3E0A202020203C62706D6E323A73657175656E6365466C6F772069643D22466C6F775F31656C373768332220736F757263655265663D2241637469766974795F31793968356F6822207461726765745265663D2241637469766974795F31396D6762346322202F3E0A202020203C62706D6E323A656E644576656E742069643D224576656E745F317539347A3339223E0A2020202020203C62706D6E323A696E636F6D696E673E466C6F775F303172303978753C2F62706D6E323A696E636F6D696E673E0A202020203C2F62706D6E323A656E644576656E743E0A202020203C62706D6E323A73657175656E6365466C6F772069643D22466C6F775F303172303978752220736F757263655265663D2241637469766974795F31396D6762346322207461726765745265663D224576656E745F317539347A333922202F3E0A20203C2F62706D6E323A70726F636573733E0A20203C62706D6E64693A42504D4E4469616772616D2069643D2242504D4E4469616772616D5F31223E0A202020203C62706D6E64693A42504D4E506C616E652069643D2242504D4E506C616E655F31222062706D6E456C656D656E743D2250726F636573735F31363933323734363736353034223E0A2020202020203C62706D6E64693A42504D4E456467652069643D22466C6F775F303172303978755F6469222062706D6E456C656D656E743D22466C6F775F30317230397875223E0A20202020202020203C64693A776179706F696E7420783D223730302220793D2232313022202F3E0A20202020202020203C64693A776179706F696E7420783D223736322220793D2232313022202F3E0A2020202020203C2F62706D6E64693A42504D4E456467653E0A2020202020203C62706D6E64693A42504D4E456467652069643D22466C6F775F31656C373768335F6469222062706D6E456C656D656E743D22466C6F775F31656C37376833223E0A20202020202020203C64693A776179706F696E7420783D223534302220793D2232313022202F3E0A20202020202020203C64693A776179706F696E7420783D223630302220793D2232313022202F3E0A2020202020203C2F62706D6E64693A42504D4E456467653E0A2020202020203C62706D6E64693A42504D4E456467652069643D22466C6F775F306136393932795F6469222062706D6E456C656D656E743D22466C6F775F30613639393279223E0A20202020202020203C64693A776179706F696E7420783D223338302220793D2232313022202F3E0A20202020202020203C64693A776179706F696E7420783D223434302220793D2232313022202F3E0A2020202020203C2F62706D6E64693A42504D4E456467653E0A2020202020203C62706D6E64693A42504D4E456467652069643D22466C6F775F317336687370765F6469222062706D6E456C656D656E743D22466C6F775F31733668737076223E0A20202020202020203C64693A776179706F696E7420783D223232382220793D2232313022202F3E0A20202020202020203C64693A776179706F696E7420783D223238302220793D2232313022202F3E0A2020202020203C2F62706D6E64693A42504D4E456467653E0A2020202020203C62706D6E64693A42504D4E53686170652069643D224576656E745F30677437646A735F6469222062706D6E456C656D656E743D224576656E745F30677437646A73223E0A20202020202020203C64633A426F756E647320783D223139322220793D22313932222077696474683D22333622206865696768743D22333622202F3E0A2020202020203C2F62706D6E64693A42504D4E53686170653E0A2020202020203C62706D6E64693A42504D4E53686170652069643D2241637469766974795F313379616D68785F6469222062706D6E456C656D656E743D2241637469766974795F313379616D6878223E0A20202020202020203C64633A426F756E647320783D223238302220793D22313730222077696474683D2231303022206865696768743D22383022202F3E0A2020202020203C2F62706D6E64693A42504D4E53686170653E0A2020202020203C62706D6E64693A42504D4E53686170652069643D2241637469766974795F31793968356F685F6469222062706D6E456C656D656E743D2241637469766974795F31793968356F68223E0A20202020202020203C64633A426F756E647320783D223434302220793D22313730222077696474683D2231303022206865696768743D22383022202F3E0A2020202020203C2F62706D6E64693A42504D4E53686170653E0A2020202020203C62706D6E64693A42504D4E53686170652069643D2241637469766974795F31396D676234635F6469222062706D6E456C656D656E743D2241637469766974795F31396D67623463223E0A20202020202020203C64633A426F756E647320783D223630302220793D22313730222077696474683D2231303022206865696768743D22383022202F3E0A2020202020203C2F62706D6E64693A42504D4E53686170653E0A2020202020203C62706D6E64693A42504D4E53686170652069643D224576656E745F317539347A33395F6469222062706D6E456C656D656E743D224576656E745F317539347A3339223E0A20202020202020203C64633A426F756E647320783D223736322220793D22313932222077696474683D22333622206865696768743D22333622202F3E0A2020202020203C2F62706D6E64693A42504D4E53686170653E0A202020203C2F62706D6E64693A42504D4E506C616E653E0A20203C2F62706D6E64693A42504D4E4469616772616D3E0A3C2F62706D6E323A646566696E6974696F6E733E0A, '0');
INSERT INTO `act_ge_bytearray` VALUES ('e96d48cb-462d-11ee-b58f-601895569a42', '1', '业务流程_测试上传文件流程.Process_1693274676504.png', 'e82e3919-462d-11ee-b58f-601895569a42', 0x89504E470D0A1A0A0000000D4948445200000328000001040806000000C305109500000F794944415478DAEDDD4F6CD6F51D07700E1E76F0C0C1C30E1E3C78F0B0040F3BECB083871D3C98CC83B5F62904789ACA545251078D06DC68FC131C564335C648025312D7B014B66671B380A54D6D0D8B61026AC65006948E6207E38F48A9FEF6FD367DC88F426981E7797ECFD3BE5EC9274A8BD0D4F7AFEFDFF7F777DE3C0000000000000000000000000000000000000000000000000000000000000000000000000000000000000000000000000000000000000000000000000000000000000000000000000000000000000000000000000000000000000000000000000000000000000000000000000000000000000000000000000000000000000000000000000000000000000000000000000000000000000000000000000000000000000000000000000000000000000000000000000000000000000000000000000000000000000000000000000000000000000000000000000000000000000000000000000000000000000000000000000000000000000000000000000000000000000000000000000000000000000000000000000000000000000000000000000000000000000000000000000000000000000000000000000000000000000000000000000000000000000000000000000000000000000000000000000000000000000000000000000000000000000000000000000000000000000000000000000000000000000000000000000000000000000000000000000000000000000000000000000000000000000000000000000000000000000000000000000000000000000000000000000000000000000000000000000000000000000000000000000000000000000000000000000000000000000000000000000000000000000000000000000000000000000000000000000000000000A8684992DCF6D5575F6D1D1818F87EE7CE9D4957579729F3ECD8B123E9E9E9F926CC42F99307F9933FF903604E8BE5DCDBDB9B0C0F0F27172F5E3419CDC9932793DDBB77FF2F94F543F267E44FFEE40F80392B1E3954CE1553D217BBBABABE903F237FF2277F00CC59F1B206E55839130AFA92FC19F9933FF90360CE8AD7002BC68A2AE844FE8CFCC99FFC01608132CD9C3B3D947CB56753726047CBF8C47F8F1F53AA0A5AFEE44FFE8CFC0150D6823E7B6A30D9FFB735C93FFEB2F28A891F8B9F53AC0A5AFEE44FFE8CFC0150B6823E7AE0CF579573618E1DE854AC0A5AFEE44FFE8CFC0150BE82FEE2A375531674FC9C6255D0F2277FF267E40F80B215F4FEAEDF4E59D0F1738A5541CB9FFCC99F913F0014B482963FF9933FF9933F00E65E41C7A7D64C55D0F1738A5541CB9FFCC99F913F00CA56D007FBDE98B2A0E3E714AB82963FF9933F237F0094ADA047063F4BF67FF89BAB2F6F081F8B9F53AC0A5AFEE44FFE8CFC0150B6828EF3F5DFDFBDAAA0E3C794AA82963FF9933F237F0094B7A0BFFB2E39F8F15B575FDE103E163FA75815B4FCC99FFC19F903A02C051DDF94FCCFBEB629AFC18E9FF33665052D7FF2277F46FE00286D417FF75D32747057B2EFAFCF4D59CE8589BF27FE5E471315B4FCC99FFC19F903A0E8053DDD5143471315B4FCC99FFCC99FFC0150B6829EC951C3EB1D4D54B40A5AFEE44FFE8CFC0150B482BED9722E8CA255D0F2277FF267E40F80A215B451D0F2277FF267E4AF322D59B264FE238F3CF25098B630FD6186C224A989BFEEAFADAD7DA7AEAE6E61983B7CD72063C78E1D5BB06DDBB6D7DF7CF3CDFDAB57AF3EBB7CF9F2EFEBEBEB2F6FB88D8D8DA3CF3CF3CCC8DAB56B7BD6AF5FFFABB0A1FFC80245312A68F933F267E4AF928505C703613FA6332C38C6262D48A69DF0DF748579F0BEFBEEBBCD7712CA244992DBFAFBFB576DD8B061282C4092975F7E39E9E8E848F6EEDD9B0C0E0E2663636349C1C8C848F2D9679F25DBB76F4FDE78E38D242C50C656AE5CF9713E9F5F60816214B4FCC99FFC19F9AB246181F1D3B0B818B8D145C914B327FC59F7FBAE4289EDDEBD3BFFDA6BAF9D7DFCF1C793AD5BB726434343C98D3875EAD4F80FC5279E78E2525353535FD878EF52D04641CB9FFCC99F91BF2CC5B31D6131F1F2B5CE983437378FEFF3F4F5F525478E1C492E5CB830BE4F333A3A3AFEEB818181F103B56BD6AC996AA1D236D7AF2081929D35696F6FDF97CFE793F7DF7FFFF2C679B3E25996785665D1A245971A1A1A9A15B451D0F2277FF267E42F0BF5F5F5774E3E6B12F64F924D9B36DDF081D8C3870F271B376E8C578C4C5EA4EC8B7F8FEF361449D838EF6A6B6B1B5EB162C5F886574CF1CF7BEAA9A72E3436366E990B471714B482963F237F46FE2A475898DC93CBE58EA71713F1D2F5E1E1E15BDABF8997B8B7B4B44C5EA41C9D6B578E40C91627F192AE78DA325E9E550AF16CCC8B2FBE78BEA1A1E183D97E43998256D0F267E4CFC85FE59C39492F4EE25993EEEEEE2BEEA5BD55BDBDBDE37FAE450A1449BCAC2B9E39898B935BBDA46B26977CBDF0C20B67C246BC51411B052D7FF2277F46FE4A69E29E93CB9775C527907EF9E59725D9C789F7A84CBAE46B5F4D4DCDEDF634E126C47B4EE2655D67CE9C49CA212E829A9A9ACE841F12AB14B451D0F2277FF267E4AF54E20DF1E93327A55A9CA41729E9D730C41BE7ED69C20DEAE9E9698C37C417FB9E9399DC931236E00B353535772B68A3A0E54FFEE4CFC85FB14D3C4AF8F2D3BAE2655DE5102FF79AF4BE148F2086998A9776BDFAEAABE7E2D3BAB2D0D1D1713A2C523A14B451D0F2277FF267E4AF04674F06D237C417F39E93E94CBA717E8F9739C20CC59730C6F79C94FABE93EBDD8F92CFE74FE472B97B15B451D0F2277FF267E4AF5826DE107FF9D2AE5B7D5AD7CD3CDD2B7D3F4A7CE3BC3D4F9881D6D6D6A1F842A22C757676C6A75CBCA7A08D82963FF9933F237FC512F62D3A0B8B83F89E932C6CD9B225BD40E9B2E709D33876ECD882C6C6C61B7E3151B1C5471AE772B9FFCEB677A32868052D7F46FE8CFC6523EC53CC4FDF7B92D5BE4E3C6B93BE613E7C4D77D80385EBD8B66DDBEBAFBCF24A52099E7DF6D93DF1546C357CDFE21190303F57D00A5AFE8CFCC99FFC55660EC362E0A1C2A2A0B9B939D37D9CF80A87D40265A13D50B88E0D1B361CE8E8E8A88805CAE6CD9BF755CB63F8D2A76AC3A2EA670A5A41CB9F913FF993BFCACA61DCA728FCBEAC2F658FFB5A85AF257CBDEFD80385EB58BD7AF5D9BD7BF756C402E5D34F3F3D1836DCFE6AFAC1989A0FAE752447412B68F933F267E42F9B1CC67D8AC2E7FBFAFA32DDC789EF45497DADFDF380A92D5FBEFCFBACEF3F29F8E69B6FCE858D76A84A7F305E3E9293FE01A9A015B4FC19F933F2974D0EE33E45E1E3478E1CC9741F67707030FD750ECD03A6166FDA2AE7F3C0A71337DC6AFEC1983E92134F392B68052D7F46FE8CFC6593C3F4AF47474733DDBF897F7FFAEBB1070AD36CE09564063F70AA6A147465CD6CCB97FCC99FFC19F99BD954DA3E8E3D50A89E33286767C11994F1279115DE14ABA01D41943F237F46FEB2C961FAE359BD8CDA1914B8098F3DF6D8C54AB907E5C48913FBABF81E942B8AB940412B68F933F267E42F9B1CA6EF41397CF8B07B50A05AAC5AB5EA3F95F214AFFEFEFEEE2A7C8A577F5D5DDD83938B59412B68F933F2277FF2976D0E3DC50BAA544B4BCB8795F21E94D6D6D6CE2A7A0FCA358F182A68052D7F46FEE44FFE2A2387E9F7A0B4B7B77B0F0A548B75EBD62D5DBF7EFD0F95B04059B66C5967B5BC497EA614B482963F237F46FE325BC478933C54A3254B96FC289FCF8F8E8C8C64FD0E9478FFC9C9F8F52868A3A0E54FFEE4CFC85F11F671E6877D8B4B8585C1A1438732D9C7191E1E4E72B9DC0FA905CA1DF640611ACDCDCD1F75767666BA40696B6BFB7DD868DF53D04641CB9FFCC99F91BF229E45E92C2C0CDE7EFBED4CF671B66CD972C58B24ED79C20CE4F3F9058F3EFAE858568FE01B1B1B3B1A36D87FE572B97B15B451D0F2277FF267E4AF58E2A5E385C5C1A2458BC6CF669453BC4265F1E2C5E9B3270FDAF384197AF2C927776775B3FC4B2FBDB4396CB45B15B451D0F2277FF267E4AF0467512E3FCDABA5A5A5ACEF7F8B7F5FFA51C8D33D5C0248A9A9A9F9F1D2A54B2F96FB39E19F7FFEF9EEB0C19E0D7FFFDD0ADA2868F9933FF933F2576C0F3FFCF02FD2EF4CE9EEEE2ECB3E4E6F6FEF15EF6AA9ABABBBDF1E27DCA05C2ED7B462C58A6FCB75A9D7F9F3E70F84BFF340D8687FADA08D82963FF9933F237F253C8BF2BBC242A1BEBE7E7CF150EAF79E2C5CB8F087D402A56D1E70731A1A1ADE5DBB766DC9172963636387F3F9FCAEB0C1BEA5A08D82963FF9933F237FA5142FAD4A5FEA151729A57A79635C9C2C5EBCF8FBD4E2645F4D4DCDEDF632E11636E0B070F8D3F3CF3F7FA6548B9478E6242C843E8AF79DCCB6C70A2B68052D7F46FEE44FFE2A535894DC19F63D0EA61729F172AF62DE9312CFCC4C3A737234CC5DF630A1088B945C2EF7765353D39962DF9312EF3999B8ACEBADD9BE3851D00A5AFE8CFCF9FF2E7F95252E16D28B94C28DF3B7FA74AFF8B4AE4937C45B9C4029D4D6D62EAFAFAF3FD7DEDE7E6A7474F4961F253CF1B4AEB3B3F99E1305ADA0E5CFC89FFCC95F559C49E94F2F26E22388376DDA940C0D0DDDF04B18E37B4ED28F122E5CD665710225129FEE555757F7C7B0E19DDEBA75EBA19191914B37FA86F8F812C6F0677C192FE90AFFBC47411B052D7FF2277F46FEB214AF16A9ADAD7D6DD2A2627C9E7BEEB9A4BDBD7DFC1E95782549E1206DFCE7E0E0E0F83D26DBB76F4FD6AC5973C51BE2D337C4BBE704CA7336E52761DE091BE299A79F7E7AEFC68D1BF77EF2C927878E1F3F7E3EB51E391B1724FDFDFDDDADADAD9DCB962D8B6F6F3D191625EFCFC697302A68052D7F46FEE44FFEAADBC42388FBAFB550B989D9E351C2908178DFC8C4C61C1FD7176F74FF3ACCA5D4C63934B1A1B7C5B7B7CE85FB4C14B482963F237FF2277F557F2036BE71BE73D23ECD8C262C4ABAE21BE2BD841150D04641CB9FFCC99F91BF621F889D1F162B8FC403AD13075C87262D48C60FC4C6AB4AC2A26461BC14DE770D50D04641CB9FFCC99F913F0014B482963F237FF2277F002868A3A0E54FFEE4CFC81F000A5A41CB9F913FF9933F0014B451D0F2277FF267E40F0005ADA0E5CFC89FFCC91F000ADA2868F9933FF933F207808256D0F267E44FFEE40F000B14A3A0E54FFEE4CFC81F000ADAD84134F2277FF20780058A6254D0F267E4CFC81F000ADAD841943FF9933F638102808256D0F267E44FFEE40F00056D14B4FCC99FFC19F90340412B68F933F2277FF2078082360A5AFEE44FFE8CFC01A0A015B4FC19F9933FF903A01AEDDCB9533156CE5C08057D49FE8CFCC99FFC013067F5F4F40C0D0F0F2BC70A98C1C1C13F8482FE42FE8CFCC99FFC013067EDDAB5EB97DDDDDDA74F9C38F1AD92CCEEC8612CE71D3B76FC3BCC43F267E44FFEE40F80392D94C2035D5D5D7BE2E9F5780DB029FBC4EFFB1773B59CE54FFEE44FFE2C4E00000000000000000000000000000000000000000000000000000000C8CCFF01A9C14C37CAA96B610000000049454E44AE426082, '1');
INSERT INTO `act_ge_bytearray` VALUES ('f4ed792c-466c-11ee-a6f0-601895569a42', '1', 'source', null, 0x3C3F786D6C2076657273696F6E3D22312E302220656E636F64696E673D225554462D38223F3E0A3C62706D6E323A646566696E6974696F6E7320786D6C6E733A7873693D22687474703A2F2F7777772E77332E6F72672F323030312F584D4C536368656D612D696E7374616E63652220786D6C6E733A62706D6E323D22687474703A2F2F7777772E6F6D672E6F72672F737065632F42504D4E2F32303130303532342F4D4F44454C2220786D6C6E733A62706D6E64693D22687474703A2F2F7777772E6F6D672E6F72672F737065632F42504D4E2F32303130303532342F44492220786D6C6E733A64633D22687474703A2F2F7777772E6F6D672E6F72672F737065632F44442F32303130303532342F44432220786D6C6E733A64693D22687474703A2F2F7777772E6F6D672E6F72672F737065632F44442F32303130303532342F44492220786D6C6E733A666C6F7761626C653D22687474703A2F2F666C6F7761626C652E6F72672F62706D6E222069643D226469616772616D5F50726F636573735F3136393333313433313133373422207461726765744E616D6573706163653D22687474703A2F2F666C6F7761626C652E6F72672F62706D6E22207873693A736368656D614C6F636174696F6E3D22687474703A2F2F7777772E6F6D672E6F72672F737065632F42504D4E2F32303130303532342F4D4F44454C2042504D4E32302E787364223E0A20203C62706D6E323A70726F636573732069643D2250726F636573735F3136393333313433313133373422206E616D653D22E4B89AE58AA1E6B581E7A88B5FE6B58BE8AF95E58AA8E68081E68C87E5AE9AE5AEA1E689B9E4BABA2220697345786563757461626C653D2274727565223E0A202020203C62706D6E323A73746172744576656E742069643D224576656E745F307861626F6B342220666C6F7761626C653A666F726D4B65793D226B65795F31363936333432373133313238323932333534223E0A2020202020203C62706D6E323A6F7574676F696E673E466C6F775F316932723233653C2F62706D6E323A6F7574676F696E673E0A202020203C2F62706D6E323A73746172744576656E743E0A202020203C62706D6E323A757365725461736B2069643D2241637469766974795F306F6D726C6E712220666C6F7761626C653A64617461547970653D22494E49544941544F522220666C6F7761626C653A61737369676E65653D22247B696E69746961746F727D2220666C6F7761626C653A746578743D22E6B581E7A88BE58F91E8B5B7E4BABA223E0A2020202020203C62706D6E323A696E636F6D696E673E466C6F775F316932723233653C2F62706D6E323A696E636F6D696E673E0A2020202020203C62706D6E323A6F7574676F696E673E466C6F775F306A6E7A6C306A3C2F62706D6E323A6F7574676F696E673E0A202020203C2F62706D6E323A757365725461736B3E0A202020203C62706D6E323A73657175656E6365466C6F772069643D22466C6F775F316932723233652220736F757263655265663D224576656E745F307861626F6B3422207461726765745265663D2241637469766974795F306F6D726C6E7122202F3E0A202020203C62706D6E323A757365725461736B2069643D2241637469766974795F3038716D6D75662220666C6F7761626C653A64617461547970653D22494E49544941544F522220666C6F7761626C653A61737369676E65653D22247B696E69746961746F727D2220666C6F7761626C653A746578743D22E6B581E7A88BE58F91E8B5B7E4BABA223E0A2020202020203C62706D6E323A696E636F6D696E673E466C6F775F306A6E7A6C306A3C2F62706D6E323A696E636F6D696E673E0A2020202020203C62706D6E323A6F7574676F696E673E466C6F775F313934763874723C2F62706D6E323A6F7574676F696E673E0A202020203C2F62706D6E323A757365725461736B3E0A202020203C62706D6E323A73657175656E6365466C6F772069643D22466C6F775F306A6E7A6C306A2220736F757263655265663D2241637469766974795F306F6D726C6E7122207461726765745265663D2241637469766974795F3038716D6D756622202F3E0A202020203C62706D6E323A757365725461736B2069643D2241637469766974795F306D6B646A31362220666C6F7761626C653A64617461547970653D22524F4C45532220666C6F7761626C653A61737369676E65653D22247B61737369676E65657D223E0A2020202020203C62706D6E323A696E636F6D696E673E466C6F775F313934763874723C2F62706D6E323A696E636F6D696E673E0A2020202020203C62706D6E323A6F7574676F696E673E466C6F775F317269716132613C2F62706D6E323A6F7574676F696E673E0A2020202020203C62706D6E323A6D756C7469496E7374616E63654C6F6F7043686172616374657269737469637320666C6F7761626C653A636F6C6C656374696F6E3D22247B6D756C7469496E7374616E636548616E646C65722E6765745573657249647328657865637574696F6E297D2220666C6F7761626C653A656C656D656E745661726961626C653D2261737369676E6565223E0A20202020202020203C62706D6E323A636F6D706C6574696F6E436F6E646974696F6E207873693A747970653D2262706D6E323A74466F726D616C45787072657373696F6E223E247B6E724F66436F6D706C65746564496E7374616E636573202667743B3D206E724F66496E7374616E6365737D3C2F62706D6E323A636F6D706C6574696F6E436F6E646974696F6E3E0A2020202020203C2F62706D6E323A6D756C7469496E7374616E63654C6F6F704368617261637465726973746963733E0A202020203C2F62706D6E323A757365725461736B3E0A202020203C62706D6E323A73657175656E6365466C6F772069643D22466C6F775F313934763874722220736F757263655265663D2241637469766974795F3038716D6D756622207461726765745265663D2241637469766974795F306D6B646A313622202F3E0A202020203C62706D6E323A757365725461736B2069643D2241637469766974795F306834686F30782220666C6F7761626C653A64617461547970653D22494E49544941544F522220666C6F7761626C653A61737369676E65653D22247B696E69746961746F727D2220666C6F7761626C653A746578743D22E6B581E7A88BE58F91E8B5B7E4BABA223E0A2020202020203C62706D6E323A696E636F6D696E673E466C6F775F317269716132613C2F62706D6E323A696E636F6D696E673E0A2020202020203C62706D6E323A6F7574676F696E673E466C6F775F306534343777773C2F62706D6E323A6F7574676F696E673E0A202020203C2F62706D6E323A757365725461736B3E0A202020203C62706D6E323A73657175656E6365466C6F772069643D22466C6F775F317269716132612220736F757263655265663D2241637469766974795F306D6B646A313622207461726765745265663D2241637469766974795F306834686F307822202F3E0A202020203C62706D6E323A656E644576656E742069643D224576656E745F30616B61766F78223E0A2020202020203C62706D6E323A696E636F6D696E673E466C6F775F306534343777773C2F62706D6E323A696E636F6D696E673E0A202020203C2F62706D6E323A656E644576656E743E0A202020203C62706D6E323A73657175656E6365466C6F772069643D22466C6F775F306534343777772220736F757263655265663D2241637469766974795F306834686F307822207461726765745265663D224576656E745F30616B61766F7822202F3E0A20203C2F62706D6E323A70726F636573733E0A20203C62706D6E64693A42504D4E4469616772616D2069643D2242504D4E4469616772616D5F31223E0A202020203C62706D6E64693A42504D4E506C616E652069643D2242504D4E506C616E655F31222062706D6E456C656D656E743D2250726F636573735F31363933333134333131333734223E0A2020202020203C62706D6E64693A42504D4E456467652069643D22466C6F775F316932723233655F6469222062706D6E456C656D656E743D22466C6F775F31693272323365223E0A20202020202020203C64693A776179706F696E7420783D223234382220793D2231383022202F3E0A20202020202020203C64693A776179706F696E7420783D223330302220793D2231383022202F3E0A2020202020203C2F62706D6E64693A42504D4E456467653E0A2020202020203C62706D6E64693A42504D4E456467652069643D22466C6F775F306A6E7A6C306A5F6469222062706D6E456C656D656E743D22466C6F775F306A6E7A6C306A223E0A20202020202020203C64693A776179706F696E7420783D223430302220793D2231383022202F3E0A20202020202020203C64693A776179706F696E7420783D223436302220793D2231383022202F3E0A2020202020203C2F62706D6E64693A42504D4E456467653E0A2020202020203C62706D6E64693A42504D4E456467652069643D22466C6F775F313934763874725F6469222062706D6E456C656D656E743D22466C6F775F31393476387472223E0A20202020202020203C64693A776179706F696E7420783D223536302220793D2231383022202F3E0A20202020202020203C64693A776179706F696E7420783D223632302220793D2231383022202F3E0A2020202020203C2F62706D6E64693A42504D4E456467653E0A2020202020203C62706D6E64693A42504D4E456467652069643D22466C6F775F317269716132615F6469222062706D6E456C656D656E743D22466C6F775F31726971613261223E0A20202020202020203C64693A776179706F696E7420783D223732302220793D2231383022202F3E0A20202020202020203C64693A776179706F696E7420783D223738302220793D2231383022202F3E0A2020202020203C2F62706D6E64693A42504D4E456467653E0A2020202020203C62706D6E64693A42504D4E456467652069643D22466C6F775F306534343777775F6469222062706D6E456C656D656E743D22466C6F775F30653434377777223E0A20202020202020203C64693A776179706F696E7420783D223838302220793D2231383022202F3E0A20202020202020203C64693A776179706F696E7420783D223934322220793D2231383022202F3E0A2020202020203C2F62706D6E64693A42504D4E456467653E0A2020202020203C62706D6E64693A42504D4E53686170652069643D224576656E745F307861626F6B345F6469222062706D6E456C656D656E743D224576656E745F307861626F6B34223E0A20202020202020203C64633A426F756E647320783D223231322220793D22313632222077696474683D22333622206865696768743D22333622202F3E0A2020202020203C2F62706D6E64693A42504D4E53686170653E0A2020202020203C62706D6E64693A42504D4E53686170652069643D2241637469766974795F306F6D726C6E715F6469222062706D6E456C656D656E743D2241637469766974795F306F6D726C6E71223E0A20202020202020203C64633A426F756E647320783D223330302220793D22313430222077696474683D2231303022206865696768743D22383022202F3E0A2020202020203C2F62706D6E64693A42504D4E53686170653E0A2020202020203C62706D6E64693A42504D4E53686170652069643D2241637469766974795F3038716D6D75665F6469222062706D6E456C656D656E743D2241637469766974795F3038716D6D7566223E0A20202020202020203C64633A426F756E647320783D223436302220793D22313430222077696474683D2231303022206865696768743D22383022202F3E0A2020202020203C2F62706D6E64693A42504D4E53686170653E0A2020202020203C62706D6E64693A42504D4E53686170652069643D2241637469766974795F306D6B646A31365F6469222062706D6E456C656D656E743D2241637469766974795F306D6B646A3136223E0A20202020202020203C64633A426F756E647320783D223632302220793D22313430222077696474683D2231303022206865696768743D22383022202F3E0A2020202020203C2F62706D6E64693A42504D4E53686170653E0A2020202020203C62706D6E64693A42504D4E53686170652069643D2241637469766974795F306834686F30785F6469222062706D6E456C656D656E743D2241637469766974795F306834686F3078223E0A20202020202020203C64633A426F756E647320783D223738302220793D22313430222077696474683D2231303022206865696768743D22383022202F3E0A2020202020203C2F62706D6E64693A42504D4E53686170653E0A2020202020203C62706D6E64693A42504D4E53686170652069643D224576656E745F30616B61766F785F6469222062706D6E456C656D656E743D224576656E745F30616B61766F78223E0A20202020202020203C64633A426F756E647320783D223934322220793D22313632222077696474683D22333622206865696768743D22333622202F3E0A2020202020203C2F62706D6E64693A42504D4E53686170653E0A202020203C2F62706D6E64693A42504D4E506C616E653E0A20203C2F62706D6E64693A42504D4E4469616772616D3E0A3C2F62706D6E323A646566696E6974696F6E733E0A, null);
INSERT INTO `act_ge_bytearray` VALUES ('f78e89de-466c-11ee-a6f0-601895569a42', '1', '业务流程_测试动态指定审批人.bpmn', 'f78e89dd-466c-11ee-a6f0-601895569a42', 0x3C3F786D6C2076657273696F6E3D22312E302220656E636F64696E673D225554462D38223F3E0A3C62706D6E323A646566696E6974696F6E7320786D6C6E733A7873693D22687474703A2F2F7777772E77332E6F72672F323030312F584D4C536368656D612D696E7374616E63652220786D6C6E733A62706D6E323D22687474703A2F2F7777772E6F6D672E6F72672F737065632F42504D4E2F32303130303532342F4D4F44454C2220786D6C6E733A62706D6E64693D22687474703A2F2F7777772E6F6D672E6F72672F737065632F42504D4E2F32303130303532342F44492220786D6C6E733A64633D22687474703A2F2F7777772E6F6D672E6F72672F737065632F44442F32303130303532342F44432220786D6C6E733A64693D22687474703A2F2F7777772E6F6D672E6F72672F737065632F44442F32303130303532342F44492220786D6C6E733A666C6F7761626C653D22687474703A2F2F666C6F7761626C652E6F72672F62706D6E222069643D226469616772616D5F50726F636573735F3136393333313433313133373422207461726765744E616D6573706163653D22687474703A2F2F666C6F7761626C652E6F72672F62706D6E22207873693A736368656D614C6F636174696F6E3D22687474703A2F2F7777772E6F6D672E6F72672F737065632F42504D4E2F32303130303532342F4D4F44454C2042504D4E32302E787364223E0A20203C62706D6E323A70726F636573732069643D2250726F636573735F3136393333313433313133373422206E616D653D22E4B89AE58AA1E6B581E7A88B5FE6B58BE8AF95E58AA8E68081E68C87E5AE9AE5AEA1E689B9E4BABA2220697345786563757461626C653D2274727565223E0A202020203C62706D6E323A73746172744576656E742069643D224576656E745F307861626F6B342220666C6F7761626C653A666F726D4B65793D226B65795F31363936333432373133313238323932333534223E0A2020202020203C62706D6E323A6F7574676F696E673E466C6F775F316932723233653C2F62706D6E323A6F7574676F696E673E0A202020203C2F62706D6E323A73746172744576656E743E0A202020203C62706D6E323A757365725461736B2069643D2241637469766974795F306F6D726C6E712220666C6F7761626C653A64617461547970653D22494E49544941544F522220666C6F7761626C653A61737369676E65653D22247B696E69746961746F727D2220666C6F7761626C653A746578743D22E6B581E7A88BE58F91E8B5B7E4BABA223E0A2020202020203C62706D6E323A696E636F6D696E673E466C6F775F316932723233653C2F62706D6E323A696E636F6D696E673E0A2020202020203C62706D6E323A6F7574676F696E673E466C6F775F306A6E7A6C306A3C2F62706D6E323A6F7574676F696E673E0A202020203C2F62706D6E323A757365725461736B3E0A202020203C62706D6E323A73657175656E6365466C6F772069643D22466C6F775F316932723233652220736F757263655265663D224576656E745F307861626F6B3422207461726765745265663D2241637469766974795F306F6D726C6E7122202F3E0A202020203C62706D6E323A757365725461736B2069643D2241637469766974795F3038716D6D75662220666C6F7761626C653A64617461547970653D22494E49544941544F522220666C6F7761626C653A61737369676E65653D22247B696E69746961746F727D2220666C6F7761626C653A746578743D22E6B581E7A88BE58F91E8B5B7E4BABA223E0A2020202020203C62706D6E323A696E636F6D696E673E466C6F775F306A6E7A6C306A3C2F62706D6E323A696E636F6D696E673E0A2020202020203C62706D6E323A6F7574676F696E673E466C6F775F313934763874723C2F62706D6E323A6F7574676F696E673E0A202020203C2F62706D6E323A757365725461736B3E0A202020203C62706D6E323A73657175656E6365466C6F772069643D22466C6F775F306A6E7A6C306A2220736F757263655265663D2241637469766974795F306F6D726C6E7122207461726765745265663D2241637469766974795F3038716D6D756622202F3E0A202020203C62706D6E323A757365725461736B2069643D2241637469766974795F306D6B646A31362220666C6F7761626C653A64617461547970653D22524F4C45532220666C6F7761626C653A61737369676E65653D22247B61737369676E65657D223E0A2020202020203C62706D6E323A696E636F6D696E673E466C6F775F313934763874723C2F62706D6E323A696E636F6D696E673E0A2020202020203C62706D6E323A6F7574676F696E673E466C6F775F317269716132613C2F62706D6E323A6F7574676F696E673E0A2020202020203C62706D6E323A6D756C7469496E7374616E63654C6F6F7043686172616374657269737469637320666C6F7761626C653A636F6C6C656374696F6E3D22247B6D756C7469496E7374616E636548616E646C65722E6765745573657249647328657865637574696F6E297D2220666C6F7761626C653A656C656D656E745661726961626C653D2261737369676E6565223E0A20202020202020203C62706D6E323A636F6D706C6574696F6E436F6E646974696F6E207873693A747970653D2262706D6E323A74466F726D616C45787072657373696F6E223E247B6E724F66436F6D706C65746564496E7374616E636573202667743B3D206E724F66496E7374616E6365737D3C2F62706D6E323A636F6D706C6574696F6E436F6E646974696F6E3E0A2020202020203C2F62706D6E323A6D756C7469496E7374616E63654C6F6F704368617261637465726973746963733E0A202020203C2F62706D6E323A757365725461736B3E0A202020203C62706D6E323A73657175656E6365466C6F772069643D22466C6F775F313934763874722220736F757263655265663D2241637469766974795F3038716D6D756622207461726765745265663D2241637469766974795F306D6B646A313622202F3E0A202020203C62706D6E323A757365725461736B2069643D2241637469766974795F306834686F30782220666C6F7761626C653A64617461547970653D22494E49544941544F522220666C6F7761626C653A61737369676E65653D22247B696E69746961746F727D2220666C6F7761626C653A746578743D22E6B581E7A88BE58F91E8B5B7E4BABA223E0A2020202020203C62706D6E323A696E636F6D696E673E466C6F775F317269716132613C2F62706D6E323A696E636F6D696E673E0A2020202020203C62706D6E323A6F7574676F696E673E466C6F775F306534343777773C2F62706D6E323A6F7574676F696E673E0A202020203C2F62706D6E323A757365725461736B3E0A202020203C62706D6E323A73657175656E6365466C6F772069643D22466C6F775F317269716132612220736F757263655265663D2241637469766974795F306D6B646A313622207461726765745265663D2241637469766974795F306834686F307822202F3E0A202020203C62706D6E323A656E644576656E742069643D224576656E745F30616B61766F78223E0A2020202020203C62706D6E323A696E636F6D696E673E466C6F775F306534343777773C2F62706D6E323A696E636F6D696E673E0A202020203C2F62706D6E323A656E644576656E743E0A202020203C62706D6E323A73657175656E6365466C6F772069643D22466C6F775F306534343777772220736F757263655265663D2241637469766974795F306834686F307822207461726765745265663D224576656E745F30616B61766F7822202F3E0A20203C2F62706D6E323A70726F636573733E0A20203C62706D6E64693A42504D4E4469616772616D2069643D2242504D4E4469616772616D5F31223E0A202020203C62706D6E64693A42504D4E506C616E652069643D2242504D4E506C616E655F31222062706D6E456C656D656E743D2250726F636573735F31363933333134333131333734223E0A2020202020203C62706D6E64693A42504D4E456467652069643D22466C6F775F316932723233655F6469222062706D6E456C656D656E743D22466C6F775F31693272323365223E0A20202020202020203C64693A776179706F696E7420783D223234382220793D2231383022202F3E0A20202020202020203C64693A776179706F696E7420783D223330302220793D2231383022202F3E0A2020202020203C2F62706D6E64693A42504D4E456467653E0A2020202020203C62706D6E64693A42504D4E456467652069643D22466C6F775F306A6E7A6C306A5F6469222062706D6E456C656D656E743D22466C6F775F306A6E7A6C306A223E0A20202020202020203C64693A776179706F696E7420783D223430302220793D2231383022202F3E0A20202020202020203C64693A776179706F696E7420783D223436302220793D2231383022202F3E0A2020202020203C2F62706D6E64693A42504D4E456467653E0A2020202020203C62706D6E64693A42504D4E456467652069643D22466C6F775F313934763874725F6469222062706D6E456C656D656E743D22466C6F775F31393476387472223E0A20202020202020203C64693A776179706F696E7420783D223536302220793D2231383022202F3E0A20202020202020203C64693A776179706F696E7420783D223632302220793D2231383022202F3E0A2020202020203C2F62706D6E64693A42504D4E456467653E0A2020202020203C62706D6E64693A42504D4E456467652069643D22466C6F775F317269716132615F6469222062706D6E456C656D656E743D22466C6F775F31726971613261223E0A20202020202020203C64693A776179706F696E7420783D223732302220793D2231383022202F3E0A20202020202020203C64693A776179706F696E7420783D223738302220793D2231383022202F3E0A2020202020203C2F62706D6E64693A42504D4E456467653E0A2020202020203C62706D6E64693A42504D4E456467652069643D22466C6F775F306534343777775F6469222062706D6E456C656D656E743D22466C6F775F30653434377777223E0A20202020202020203C64693A776179706F696E7420783D223838302220793D2231383022202F3E0A20202020202020203C64693A776179706F696E7420783D223934322220793D2231383022202F3E0A2020202020203C2F62706D6E64693A42504D4E456467653E0A2020202020203C62706D6E64693A42504D4E53686170652069643D224576656E745F307861626F6B345F6469222062706D6E456C656D656E743D224576656E745F307861626F6B34223E0A20202020202020203C64633A426F756E647320783D223231322220793D22313632222077696474683D22333622206865696768743D22333622202F3E0A2020202020203C2F62706D6E64693A42504D4E53686170653E0A2020202020203C62706D6E64693A42504D4E53686170652069643D2241637469766974795F306F6D726C6E715F6469222062706D6E456C656D656E743D2241637469766974795F306F6D726C6E71223E0A20202020202020203C64633A426F756E647320783D223330302220793D22313430222077696474683D2231303022206865696768743D22383022202F3E0A2020202020203C2F62706D6E64693A42504D4E53686170653E0A2020202020203C62706D6E64693A42504D4E53686170652069643D2241637469766974795F3038716D6D75665F6469222062706D6E456C656D656E743D2241637469766974795F3038716D6D7566223E0A20202020202020203C64633A426F756E647320783D223436302220793D22313430222077696474683D2231303022206865696768743D22383022202F3E0A2020202020203C2F62706D6E64693A42504D4E53686170653E0A2020202020203C62706D6E64693A42504D4E53686170652069643D2241637469766974795F306D6B646A31365F6469222062706D6E456C656D656E743D2241637469766974795F306D6B646A3136223E0A20202020202020203C64633A426F756E647320783D223632302220793D22313430222077696474683D2231303022206865696768743D22383022202F3E0A2020202020203C2F62706D6E64693A42504D4E53686170653E0A2020202020203C62706D6E64693A42504D4E53686170652069643D2241637469766974795F306834686F30785F6469222062706D6E456C656D656E743D2241637469766974795F306834686F3078223E0A20202020202020203C64633A426F756E647320783D223738302220793D22313430222077696474683D2231303022206865696768743D22383022202F3E0A2020202020203C2F62706D6E64693A42504D4E53686170653E0A2020202020203C62706D6E64693A42504D4E53686170652069643D224576656E745F30616B61766F785F6469222062706D6E456C656D656E743D224576656E745F30616B61766F78223E0A20202020202020203C64633A426F756E647320783D223934322220793D22313632222077696474683D22333622206865696768743D22333622202F3E0A2020202020203C2F62706D6E64693A42504D4E53686170653E0A202020203C2F62706D6E64693A42504D4E506C616E653E0A20203C2F62706D6E64693A42504D4E4469616772616D3E0A3C2F62706D6E323A646566696E6974696F6E733E0A, '0');
INSERT INTO `act_ge_bytearray` VALUES ('f966cc4f-466c-11ee-a6f0-601895569a42', '1', '业务流程_测试动态指定审批人.Process_1693314311374.png', 'f78e89dd-466c-11ee-a6f0-601895569a42', 0x89504E470D0A1A0A0000000D49484452000003DC000000E6080600000027598D4B0000111F4944415478DAEDDD4D6CD4E79DC0710E39F4D0430E39F4D0430E3DF4502939F4B0873D70D8430F48E580E3780C828CE5B049904392062B11CE162B2F4A9638154E144541226D9152CB2BC3AEB5EA8B81185BEE10B18A6830495496942538B318BC64B1A98371F2EFF34C3DE81F630763E379FD7CA49F68EC042CF7CBFCE6F1FC6766CD1A000000000000000000000000000000000000000000000000000000000000000000000000000000000000000000000000000000000000000000000000000000000000000000000000000000000000000000000000000000000000000000000000000000000000000000000000000000000000000000000000000000000000000000000000000000000000000000000000000000000000000000000000000000000000000000000000000000000000000000000000000000000000000000000000000000000000000000000000000000000000000000000000000000000000000000000000000000000000000000000000000000000000000000000000000000000000000000000000000000000000000000000000000000000000000000000000000000000000000000000000000000000000000000000000000000000000000000000000000000000000000000000000000000000000000000000000000000000000000000000000000000000000000000000000000000000000000000000000000000000000000000000000000000000000000000000000000000000000000000000000000000000000000000000000000000000000000000000000000000000000000000000000000000000000000000000000000000000000000000000000000000000000000000000000000000000000000000000000000000000000000000000000000000000000000000000000000000000000000000AA4E9224777DFAE9A7BDC78E1DFBEAF0E1C3C9C0C08029F11C3A7428191A1ABA1466A3FEF4A03FFDE94F7F467F00D488B8EC87878793F1F1F1E4DAB56BA64C73F1E2C5E4E8D1A3FF1F96FF06FD19FDE94F7FFA33FA03A006C49FAC5BF615B3F4AF0D0C0C7CAC3FA33FFDE94F7F467F00D48078199B655B391316FE75FD19FDE94F7FFA33FA03A006C4E73059B415B5F013FD19FDE94F7FFA33FA03A08E16FED417F9E4D3E3FB9253873A0B13FF77FC98256DE1EB4F7FFA33FAD39FFE0060990B7FF2F25832FAFB8EE44FFFF9F437267E2C7ECEA2B6F0F5A73FFD19FDE94F7F00B08C85FFD9A9FFB869D917E7FCA97E8BDAC2D79FFEF467F4A73FFD01C07216FEC7EFBDBCE8C28F9FB3A82D7CFDE94F7F467FFAD31F002C63E18F0EFC7CD1851F3F67515BF8FAD39FFE8CFEF4A73F00B0F02D7CFD19FDE94F7FFA330EDC0054C6C28FAF8ABAD8C28F9FB3A82D7CFDE94F7F467FFAD31F002C63E19F1E797DD1851F3F67515BF8FAD39FFE8CFEF4A73F0058C6C29F18FB3019FDC3BFDC7C395BF858FC9C456DE1EB4F7FFA33FAD39FFE0060190B3FCE5FFEEB57372DFCF8314BDAC2D79FFEF467F4A73FFD01C07217FE975F26A7FFF8E6CD97B3858FC5CF59D416BEFEF4A73FA33FFDE90F006E73E14F5E1E4BFE3CD2BDE873C8E2E7E2BF63595BF8FAD39FFE8CFEF4A73F0058CAC2FFF2CB247FFA4872F277CF2EBAEC8B13FF9DF8EFFA69BB85AF3FFDE9CFE84F7FFA03806F59F8B7FAA9BA9FB65BF8FAD39FFEF4A73FFDE90F0096B1F097F253F56FFB69BBC56DE1EB4F7FFA33FAD39FFE0070E05E60E12F77D917C7E2B6F0F5A73FFD19FDE94F7F0038702FF16D498C85AF3FFDE9CFE84F7FFAAB6F5BB66CB9FBC1071FDC10A63B4C2E4C3E4C929AF8CFB9C6C6C6B79B9A9A3686B9C7770D6ACCF9F3E7EF3B70E0C02FDE78E38DD19D3B774E6EDBB6EDABE6E6E61B3704ADADAD334F3DF5D4C4AE5DBB8676EFDEFDCFE186E33B0EDC16AD85AF3FA33FA33FFDE98F858503F4BA703FBA3F1CA067E71DB06F39E1BF1908B37EEDDAB577F94E42954A92E4AE5C2EB763CF9E3DF970A04E5E7AE9A5A4AFAF2F3971E24432363696CCCECE2645131313C9871F7E981C3C783079FDF5D79370E09E7DFAE9A7FF98CD66EF73E03616BEFEF4A73FA33FFDE98FBF0B07E61F87C3F2B1DB3D642F32C7C3EFF513DF55A832478F1ECDBEF6DA6B938F3EFA68D2DBDB9BE4F3F9E4765CBE7CB97023FBD8638F5D6F6B6B1B093706F75AF8C6C2D79FFEF467F4A73FFDD5ABF86874381CBFB4D023DAEDEDED85FBDC232323C9B973E792E9E9E9C27DEA999999C23F1F3B76ACF0C0574747C76207EFEE7ABFC214AA427C54BBA7A7E764369B4DDE7DF7DD1B7FD9972B3E0A1E1FF5DEB469D3F5969696760BDF58F8FAD39FFE8CFEF4A7BF7AD3DCDCFCFDF98F6A87FBC7C9BE7DFB6EFB81ADB367CF267BF7EE8D5794CE3F749F8C7F8EEF3654A8F097FDDEEEEEEEF1EDDBB717FE22DF49F1F77BE28927A65B5B5BF7D7C34FDF2C7C0B5F7F467F467FFAD39F0377140EDA3FCC64329FA70FC7F1A99AE3E3E32BBA7F1D9FD2D9D9D939FFD0FD59BD5D590A5573D88E9790C7CB54E2E5E0AB213E5AFEC20B2F5C6D6969F96DADBFC083856FE1EBCFE8CFE84F7FFA73E08E8F38A70FDBF151EDC1C1C16FBC16D24A0D0F0F177E5F876EA850F132F2F8C8763C6CAFF412F2A55C62FEFCF3CF5F09370A7B2D7C63E1EB4F7FFA33FAD39FFE6AD5DC73B66F5C461EDFE1E7934F3E5995FBD8F139DEF32E313FD9D0D0F05D271DA800F139DBF132F22B57AE24A5100FF56D6D6D57C28DCE0E0BDF58F8FAD39FFE8CFEF4A7BF5A145F202DFDC8F66A1DB6D387EEF4DBF6C6175273D281321B1A1A6A8D2F9076A79FB3BD94E774871B84E98686861F58F8C6C2D79FFEF467F4A73FFDD592B9B7FEBAF16AE4F132F252889797CF7BBF6E6F1906E5122F257FF5D557A7E2AB9197435F5FDF17E1D0DD67E11B0B5F7FFAD39FD19FFEF4574BD29792C71748BB93CFD9BE95792FA476BCD65F3B092A562E97DB11DF677BB59FB7FD6DCFE7CE66B3173299CCFD16BEB1F0F5A73FFD19FDE94F7FB5A0B1B1715DFA52F295BE1AF9725EBD3CFD7CEE70F85FEFE40365D0D5D595EFEDED4DCAA9BFBF3FBE8AE2AF2D7C63E1EB4F7FFA33FAD39FFE6A41B86FDB5F3CECC6F7D92E87FDFBF7A70FDC034E3E5062E7CF9FBFAFB5B535C9E7F3653D70C7B720CB6432FF576BEFCD6DE15BF8FA33FA33FAD39FFEEAEFC01DEED3DE9D7EEE76B9EE6BC747D5D32FA016BEA67B9C80A0840E1C38F08B575E7925A904CF3CF3CCF178E94D357CDFE24F08C3FCA3856FE1EBCFE84F7FFAD39FA9AF03F7523A0C87DB0DC5436E7B7B7B59EF63C7B7FC4D1DB8373A014109EDD9B3E7545F5F5F451CB8DF79E79D93D5F2B605E94B731A1B1BFFC1C2B7F0F567F4A73FFDE9CFD4C7817B291DC6FBB4C57FAFDC4FDD8CF7F58B5F4BF87ADF76028212DAB973E7E48913272AE2C0FDC1071F9C0E3704B96ABAA14DCD6F17FA49A7856FE1EBCFE8CFE84F7FFAABCD03F7B77518EFD3163F3F323252D6FBD8F17DB9535F6B6E0D503ADBB66DFBAADCCFDF2EBA74E9D254B811C857E90DED8D9F74A66F702D7C0B5F7F467F467FFAD35FCD1FB86FEA30DEA72D7EFCDCB97365BD8F3D363696FE3AF36B80D2892FA250CAF703BC95784350CD37B4E99F74C64B8C2C7C0B5F7F467F467FFAD35F7D1CB8D31DA6FF796666A6ACF7AFE39F9FFE7A9C80A0C4371895640937605535167E654DADF5A53FFDE9CFE84F7FFAABFCA9B4FBD84E4050BF8F704FD6C023DC85575A5FBB76ED5D2E69F31376FD19FDF9FF5D7FFA3375F508F78D0ED31F9F9E9EF60837D4AB471E79E45AA53C87FBC2850BA355FC1CEE6F2CFA220BDFC2D79FD19FD19FFEF457F307EE9B3A4C3F87FBECD9B39EC30DF56AC78E1DFF5B29AF529ECBE506ABF055CA734D4D4DEBE72F7A0BDFC2D79FD19FFEF4A73F53F307EE453BF42AE540416767E71F2AE57DB8BBBABAFAABE87DB817FC89BA856FE1EBCFE84F7FFAD39FA9F903F72D3B4CBF0F774F4F8FF7E1867AF5F2CB2F3FB47BF7EEAF2BE1C0BD75EBD6FE78E3554BDF5F0BDFC2D79FD19FD19FFEF4375077CF1B0E87DB0DC5436E7B7B7B59EF63777474A4DFBA6CA3131094D0962D5BBE93CD6667262626CAFD1EDCF1F9DB17E3D763E11B0B5F7FFAD39FD19FFEF457E5F7B1EF0EF76DAF170FBA67CE9C29CB7DECF1F1F12493C97C9D3A70DFE3040425D6DEDEFE5E7F7F7F590FDCDDDDDDBF0C3702BFB6F08D85AF3FFDE9CFE84F7FFAAB9147B9FB8B07DDB7DE7AAB2CF7B1F7EFDF9F7E747BC0C907CA209BCDDEF7F0C30FCF96EB2D0B6667673F0B3700FF9DC964EEB7F08D85AF3FFDE9CFE84F7FFAAB05F1A992C5C3EEA64D9B0A8F369752BC8275F3E6CDE947B7D73BF940993CFEF8E347CBF5E2692FBEF8E23BE146A0D7C23716BEFEF4A73FA33FFDE9AFC61EE5BEF16AE59D9D9DF181A692DDC78E7F5EFAADCB6EF56283C02A6A6868F8DE430F3D74ADD4EF13F8D1471F1D0D370093E1CFFF81856F2C7CFDE94F7F467FFAD35F2D79E08107FE29FD9EDD83838325B98F3D3C3CFC8DF70A6F6A6AFA89130F9459269369DBBE7DFB5F4B7569F9D5AB574F853FF354B811F899856F2C7CFDE94F7F467FFAD35F2D0AF775FFB578F06D6E6E2E1C8657FB7DB7376EDCF875EAC0DDBD06A80C2D2D2DBFDAB56BD7AA1FBA676767CF66B3D923E106E04D0BDF58F8FAD39FFE8CFEF4A7BF5A152FE54E5F5A1E0FDD232323AB76D8DEBC79F357A9C3F6C9868686EF3AE54005DD208483F0BF3FF7DC735756EBD01D1FD90E07FBF7E2F3B66BED6DC02C7C0B5F7F467FFAD39FFE8C03F77CE190FDFD70DFF774FAD01D2F2FBF93CFE98E8F9CCF7B64FBB330F73AE140051EBA3399CC5B6D6D6D57EEF473BAE373B6E72E237FB3D60FDB16BE85AF3FA33FFFBFEB4F7FC681BB281E7ED387EEE20BA9ADF4D5CBE3AB91CF7B8134876DA8068D8D8DDB9A9B9BA77A7A7A2ECFCCCCACF8ADBFE65E8D7CB2969FB36DE15BF8FA33FAD39FFEF4671CB81733F748772E7D388E6F19B66FDFBE249FCFDFD6FDEB78508FEFB39D7EEBAFE265E40EDB5025E2AB97373535FD5BF88BFC456F6FEF99898989EBB7734370E9D2A5D1EEEEEE5F86DFE393780979F8F58716BEB1F0F5A73FFD19FDE94F7FF52A5E4DDAD8D8F8DABC4372619E7DF6D9A4A7A7A7F01CEF78A569F141AFF8EBD8D858E139DA070F1E4C3A3A3A924C26F3F502BF47B7E76C43150A370A3F0AF376F88B7DE5C9279F3CB177EFDE13EFBFFFFE99CF3FFFFC6AEA7C3D190FD8B95C6EB0ABABAB7FEBD6ADFDE12FFDC570C87E37FC77F7D7E3F7CDC2B7F0F567F467F4A73FFD39702F64EE2DC3720B1DBC9731C7BDF517D480F8BCEBB91B87F8F606F185CFFE12E67AEA2F7B7EEE86A33B1CD0D7D5C3F3B42D7C0B5F7F467FFAD39FFE8CFE56F0C0D6BA70DFB97FDE7DEA254D38640F84591F1F35F79D041CB88D85AF3FFDE9CFE84F7FFA63E107B6EE0E87EF07E30357730F60E5E71DB00B0F6CC5AB4EC3217B637CEAA7EF1AE0C06DD15AF8FA33FA33FAD39FFE00C0C2B7F0F567F4A73FFDE9CFE80F000BDF58F8FAD39FFE8CFEF4A73F001CB88D85AF3FFDE9CFE84F7FFA03000BDFC2D79FD15F9DF4373535958C8E8E167E5DC9C7F5A73FA33F002C7C0B5F7F467FFA4B4D3C3C872FB9F0EB4A3EAE3FFD19FD0160E15BF8FA33FAD39F03B7FE8CFE00B0F08D85AF3FFDE9CF815B7F6EFFDCFE0180856FE1EBCFE8CF815B7FFA330EDC0058F816BEFE8CFEF4E7C0AD3FA33F002C7C63E1EB4F7FFA73E0D69FDB3FB77F0060E15BF8FA33FA73E0D69FFE8C03370016BE85AF3FA33F076E076EFD19FD0160E11B0B5F7FFAD39F03B7FEDCFEB9FD03C081DBA2B5F0F567F4E7C0AD3FFDB9FD03000BDFC2D79FD19F03B703B7FE8CFE00B0F08D85AF3FFDE9CF815B7F6EFFF407407D3A7CF8B0455B39331D16FE75FD19FDE9AF0E0FDCFA33FA03A0F60C0D0DE5C7C7C72DDB0A98B1B1B1DF8485FFB1FE8CFEF4377FA6A6A60A87E7F8EB4A3EAE3FFD19FD015042478E1CF9E9E0E0E017172E5CF8ABA55BBE9FACC7657FE8D0A1FF09B3417F467FFAD39FFE8CFE00A81161C9AC1B1818381E2FA78ACF6132259FF87DFFB85E97BDFEF4A73FFDE94F7FFA03000000000000000000000000000000000000000000000000000000000000000000006EF2371ACD0E86D2785C5A0000000049454E44AE426082, '1');

-- ----------------------------
-- Table structure for act_ge_property
-- ----------------------------
DROP TABLE IF EXISTS `act_ge_property`;
CREATE TABLE `act_ge_property` (
  `NAME_` varchar(64) COLLATE utf8_bin NOT NULL,
  `VALUE_` varchar(300) COLLATE utf8_bin DEFAULT NULL,
  `REV_` int(11) DEFAULT NULL,
  PRIMARY KEY (`NAME_`)
) ENGINE=InnoDB DEFAULT CHARSET=utf8 COLLATE=utf8_bin;

-- ----------------------------
-- Records of act_ge_property
-- ----------------------------
INSERT INTO `act_ge_property` VALUES ('batch.schema.version', '6.7.2.3', '1');
INSERT INTO `act_ge_property` VALUES ('cfg.execution-related-entities-count', 'true', '1');
INSERT INTO `act_ge_property` VALUES ('cfg.task-related-entities-count', 'true', '1');
INSERT INTO `act_ge_property` VALUES ('common.schema.version', '6.8.0.0', '1');
INSERT INTO `act_ge_property` VALUES ('entitylink.schema.version', '6.8.0.0', '1');
INSERT INTO `act_ge_property` VALUES ('eventsubscription.schema.version', '6.8.0.0', '1');
INSERT INTO `act_ge_property` VALUES ('identitylink.schema.version', '6.8.0.0', '1');
INSERT INTO `act_ge_property` VALUES ('job.schema.version', '6.8.0.0', '1');
INSERT INTO `act_ge_property` VALUES ('next.dbid', '1', '1');
INSERT INTO `act_ge_property` VALUES ('schema.history', 'upgrade(6.7.2.0->6.8.0.0)', '2');
INSERT INTO `act_ge_property` VALUES ('schema.version', '6.8.0.0', '2');
INSERT INTO `act_ge_property` VALUES ('task.schema.version', '6.8.0.0', '1');
INSERT INTO `act_ge_property` VALUES ('variable.schema.version', '6.8.0.0', '1');

-- ----------------------------
-- Table structure for act_hi_actinst
-- ----------------------------
DROP TABLE IF EXISTS `act_hi_actinst`;
CREATE TABLE `act_hi_actinst` (
  `ID_` varchar(64) COLLATE utf8_bin NOT NULL,
  `REV_` int(11) DEFAULT '1',
  `PROC_DEF_ID_` varchar(64) COLLATE utf8_bin NOT NULL,
  `PROC_INST_ID_` varchar(64) COLLATE utf8_bin NOT NULL,
  `EXECUTION_ID_` varchar(64) COLLATE utf8_bin NOT NULL,
  `ACT_ID_` varchar(255) COLLATE utf8_bin NOT NULL,
  `TASK_ID_` varchar(64) COLLATE utf8_bin DEFAULT NULL,
  `CALL_PROC_INST_ID_` varchar(64) COLLATE utf8_bin DEFAULT NULL,
  `ACT_NAME_` varchar(255) COLLATE utf8_bin DEFAULT NULL,
  `ACT_TYPE_` varchar(255) COLLATE utf8_bin NOT NULL,
  `ASSIGNEE_` varchar(255) COLLATE utf8_bin DEFAULT NULL,
  `START_TIME_` datetime(3) NOT NULL,
  `END_TIME_` datetime(3) DEFAULT NULL,
  `TRANSACTION_ORDER_` int(11) DEFAULT NULL,
  `DURATION_` bigint(20) DEFAULT NULL,
  `DELETE_REASON_` varchar(4000) COLLATE utf8_bin DEFAULT NULL,
  `TENANT_ID_` varchar(255) COLLATE utf8_bin DEFAULT '',
  PRIMARY KEY (`ID_`),
  KEY `ACT_IDX_HI_ACT_INST_START` (`START_TIME_`),
  KEY `ACT_IDX_HI_ACT_INST_END` (`END_TIME_`),
  KEY `ACT_IDX_HI_ACT_INST_PROCINST` (`PROC_INST_ID_`,`ACT_ID_`),
  KEY `ACT_IDX_HI_ACT_INST_EXEC` (`EXECUTION_ID_`,`ACT_ID_`)
) ENGINE=InnoDB DEFAULT CHARSET=utf8 COLLATE=utf8_bin;

-- ----------------------------
-- Records of act_hi_actinst
-- ----------------------------
INSERT INTO `act_hi_actinst` VALUES ('02666f7a-4611-11ee-bc76-601895569a42', '1', 'Process_1693274676504:1:a7f2c3e0-4610-11ee-bc76-601895569a42', '0263fe71-4611-11ee-bc76-601895569a42', '02666f79-4611-11ee-bc76-601895569a42', 'Event_0gt7djs', null, null, null, 'startEvent', null, '2023-08-29 10:08:56.372', '2023-08-29 10:08:56.390', '1', '18', null, '');
INSERT INTO `act_hi_actinst` VALUES ('026a671b-4611-11ee-bc76-601895569a42', '1', 'Process_1693274676504:1:a7f2c3e0-4610-11ee-bc76-601895569a42', '0263fe71-4611-11ee-bc76-601895569a42', '02666f79-4611-11ee-bc76-601895569a42', 'Flow_1s6hspv', null, null, null, 'sequenceFlow', null, '2023-08-29 10:08:56.398', '2023-08-29 10:08:56.398', '2', '0', null, '');
INSERT INTO `act_hi_actinst` VALUES ('026a8e2c-4611-11ee-bc76-601895569a42', '2', 'Process_1693274676504:1:a7f2c3e0-4610-11ee-bc76-601895569a42', '0263fe71-4611-11ee-bc76-601895569a42', '02666f79-4611-11ee-bc76-601895569a42', 'Activity_13yamhx', '026cd81d-4611-11ee-bc76-601895569a42', null, null, 'userTask', '1', '2023-08-29 10:08:56.399', '2023-08-29 10:08:56.610', '3', '211', null, '');
INSERT INTO `act_hi_actinst` VALUES ('028b0e82-4611-11ee-bc76-601895569a42', '1', 'Process_1693274676504:1:a7f2c3e0-4610-11ee-bc76-601895569a42', '0263fe71-4611-11ee-bc76-601895569a42', '02666f79-4611-11ee-bc76-601895569a42', 'Flow_0a6992y', null, null, null, 'sequenceFlow', null, '2023-08-29 10:08:56.612', '2023-08-29 10:08:56.612', '1', '0', null, '');
INSERT INTO `act_hi_actinst` VALUES ('028b3593-4611-11ee-bc76-601895569a42', '2', 'Process_1693274676504:1:a7f2c3e0-4610-11ee-bc76-601895569a42', '0263fe71-4611-11ee-bc76-601895569a42', '02666f79-4611-11ee-bc76-601895569a42', 'Activity_1y9h5oh', '028b3594-4611-11ee-bc76-601895569a42', null, null, 'userTask', '1', '2023-08-29 10:08:56.613', '2023-08-29 13:30:46.776', '2', '12110163', null, '');
INSERT INTO `act_hi_actinst` VALUES ('03821418-466d-11ee-a6f0-601895569a42', '1', 'Process_1693314311374:1:f9671a70-466c-11ee-a6f0-601895569a42', '038177d1-466d-11ee-a6f0-601895569a42', '03821417-466d-11ee-a6f0-601895569a42', 'Event_0xabok4', null, null, null, 'startEvent', null, '2023-08-29 21:07:31.930', '2023-08-29 21:07:31.935', '1', '5', null, '');
INSERT INTO `act_hi_actinst` VALUES ('03834c99-466d-11ee-a6f0-601895569a42', '1', 'Process_1693314311374:1:f9671a70-466c-11ee-a6f0-601895569a42', '038177d1-466d-11ee-a6f0-601895569a42', '03821417-466d-11ee-a6f0-601895569a42', 'Flow_1i2r23e', null, null, null, 'sequenceFlow', null, '2023-08-29 21:07:31.938', '2023-08-29 21:07:31.938', '2', '0', null, '');
INSERT INTO `act_hi_actinst` VALUES ('03834c9a-466d-11ee-a6f0-601895569a42', '2', 'Process_1693314311374:1:f9671a70-466c-11ee-a6f0-601895569a42', '038177d1-466d-11ee-a6f0-601895569a42', '03821417-466d-11ee-a6f0-601895569a42', 'Activity_0omrlnq', '0383e8db-466d-11ee-a6f0-601895569a42', null, null, 'userTask', '1', '2023-08-29 21:07:31.938', '2023-08-29 21:07:32.096', '3', '158', null, '');
INSERT INTO `act_hi_actinst` VALUES ('039b8f90-466d-11ee-a6f0-601895569a42', '1', 'Process_1693314311374:1:f9671a70-466c-11ee-a6f0-601895569a42', '038177d1-466d-11ee-a6f0-601895569a42', '03821417-466d-11ee-a6f0-601895569a42', 'Flow_0jnzl0j', null, null, null, 'sequenceFlow', null, '2023-08-29 21:07:32.097', '2023-08-29 21:07:32.097', '1', '0', null, '');
INSERT INTO `act_hi_actinst` VALUES ('039b8f91-466d-11ee-a6f0-601895569a42', '2', 'Process_1693314311374:1:f9671a70-466c-11ee-a6f0-601895569a42', '038177d1-466d-11ee-a6f0-601895569a42', '03821417-466d-11ee-a6f0-601895569a42', 'Activity_08qmmuf', '039b8f92-466d-11ee-a6f0-601895569a42', null, null, 'userTask', '1', '2023-08-29 21:07:32.097', '2023-08-29 21:07:41.821', '2', '9724', null, '');
INSERT INTO `act_hi_actinst` VALUES ('09677a65-466d-11ee-a6f0-601895569a42', '1', 'Process_1693314311374:1:f9671a70-466c-11ee-a6f0-601895569a42', '038177d1-466d-11ee-a6f0-601895569a42', '03821417-466d-11ee-a6f0-601895569a42', 'Flow_194v8tr', null, null, null, 'sequenceFlow', null, '2023-08-29 21:07:41.822', '2023-08-29 21:07:41.822', '1', '0', null, '');
INSERT INTO `act_hi_actinst` VALUES ('09694f28-466d-11ee-a6f0-601895569a42', '1', 'Process_1693314311374:1:f9671a70-466c-11ee-a6f0-601895569a42', '038177d1-466d-11ee-a6f0-601895569a42', '09694f27-466d-11ee-a6f0-601895569a42', 'Flow_1riqa2a', null, null, null, 'sequenceFlow', null, '2023-08-29 21:07:41.834', '2023-08-29 21:07:41.834', '2', '0', null, '');
INSERT INTO `act_hi_actinst` VALUES ('09694f29-466d-11ee-a6f0-601895569a42', '2', 'Process_1693314311374:1:f9671a70-466c-11ee-a6f0-601895569a42', '038177d1-466d-11ee-a6f0-601895569a42', '09694f27-466d-11ee-a6f0-601895569a42', 'Activity_0h4ho0x', '09694f2a-466d-11ee-a6f0-601895569a42', null, null, 'userTask', '1', '2023-08-29 21:07:41.834', '2023-08-29 21:08:42.518', '3', '60684', null, '');
INSERT INTO `act_hi_actinst` VALUES ('0dacead2-462e-11ee-b58f-601895569a42', '1', 'Process_1693274676504:2:e96d6fdc-462d-11ee-b58f-601895569a42', 'ef97592d-462d-11ee-b58f-601895569a42', 'ef978043-462d-11ee-b58f-601895569a42', 'Flow_1el77h3', null, null, null, 'sequenceFlow', null, '2023-08-29 13:36:50.694', '2023-08-29 13:36:50.694', '1', '0', null, '');
INSERT INTO `act_hi_actinst` VALUES ('0dacead3-462e-11ee-b58f-601895569a42', '2', 'Process_1693274676504:2:e96d6fdc-462d-11ee-b58f-601895569a42', 'ef97592d-462d-11ee-b58f-601895569a42', 'ef978043-462d-11ee-b58f-601895569a42', 'Activity_19mgb4c', '0dad11e4-462e-11ee-b58f-601895569a42', null, null, 'userTask', '2', '2023-08-29 13:36:50.695', '2023-08-29 13:39:10.551', '2', '139856', null, '');
INSERT INTO `act_hi_actinst` VALUES ('129f18b5-52a2-11ee-8f19-601895569a42', '1', 'Process_1693274676504:4:2d22951f-5079-11ee-9a8a-601895569a42', '51282bb8-5129-11ee-b005-601895569a42', '5130de52-5129-11ee-b005-601895569a42', 'Flow_1el77h3', null, null, null, 'sequenceFlow', null, '2023-09-14 09:57:34.566', '2023-09-14 09:57:34.566', '1', '0', null, '');
INSERT INTO `act_hi_actinst` VALUES ('129f8de6-52a2-11ee-8f19-601895569a42', '2', 'Process_1693274676504:4:2d22951f-5079-11ee-9a8a-601895569a42', '51282bb8-5129-11ee-b005-601895569a42', '5130de52-5129-11ee-b005-601895569a42', 'Activity_19mgb4c', '12a05137-52a2-11ee-8f19-601895569a42', null, null, 'userTask', '2', '2023-09-14 09:57:34.569', '2023-09-14 09:58:48.298', '2', '73729', null, '');
INSERT INTO `act_hi_actinst` VALUES ('2d951afe-466d-11ee-a6f0-601895569a42', '1', 'Process_1693314311374:1:f9671a70-466c-11ee-a6f0-601895569a42', '038177d1-466d-11ee-a6f0-601895569a42', '09694f27-466d-11ee-a6f0-601895569a42', 'Flow_0e447ww', null, null, null, 'sequenceFlow', null, '2023-08-29 21:08:42.519', '2023-08-29 21:08:42.519', '1', '0', null, '');
INSERT INTO `act_hi_actinst` VALUES ('2d951aff-466d-11ee-a6f0-601895569a42', '1', 'Process_1693314311374:1:f9671a70-466c-11ee-a6f0-601895569a42', '038177d1-466d-11ee-a6f0-601895569a42', '09694f27-466d-11ee-a6f0-601895569a42', 'Event_0akavox', null, null, null, 'endEvent', null, '2023-08-29 21:08:42.519', '2023-08-29 21:08:42.602', '2', '83', null, '');
INSERT INTO `act_hi_actinst` VALUES ('34c4331c-462d-11ee-b58f-601895569a42', '1', 'Process_1693274676504:1:a7f2c3e0-4610-11ee-bc76-601895569a42', '0263fe71-4611-11ee-bc76-601895569a42', '02666f79-4611-11ee-bc76-601895569a42', 'Flow_1el77h3', null, null, null, 'sequenceFlow', null, '2023-08-29 13:30:46.781', '2023-08-29 13:30:46.781', '1', '0', null, '');
INSERT INTO `act_hi_actinst` VALUES ('34c4813d-462d-11ee-b58f-601895569a42', '3', 'Process_1693274676504:1:a7f2c3e0-4610-11ee-bc76-601895569a42', '0263fe71-4611-11ee-bc76-601895569a42', '02666f79-4611-11ee-bc76-601895569a42', 'Activity_19mgb4c', '34c4a84e-462d-11ee-b58f-601895569a42', null, null, 'userTask', '1696394822808862721', '2023-08-29 13:30:46.783', '2023-08-29 13:33:05.668', '2', '138885', null, '');
INSERT INTO `act_hi_actinst` VALUES ('3e91dc0b-52a2-11ee-8f19-601895569a42', '1', 'Process_1693274676504:4:2d22951f-5079-11ee-9a8a-601895569a42', '51282bb8-5129-11ee-b005-601895569a42', '5130de52-5129-11ee-b005-601895569a42', 'Flow_01r09xu', null, null, null, 'sequenceFlow', null, '2023-09-14 09:58:48.299', '2023-09-14 09:58:48.299', '1', '0', null, '');
INSERT INTO `act_hi_actinst` VALUES ('3e92031c-52a2-11ee-8f19-601895569a42', '1', 'Process_1693274676504:4:2d22951f-5079-11ee-9a8a-601895569a42', '51282bb8-5129-11ee-b005-601895569a42', '5130de52-5129-11ee-b005-601895569a42', 'Event_1u94z39', null, null, null, 'endEvent', null, '2023-09-14 09:58:48.300', '2023-09-14 09:58:48.409', '2', '109', null, '');
INSERT INTO `act_hi_actinst` VALUES ('4c98b617-466d-11ee-a6f0-601895569a42', '1', 'Process_1693314311374:1:f9671a70-466c-11ee-a6f0-601895569a42', '4c98b610-466d-11ee-a6f0-601895569a42', '4c98b616-466d-11ee-a6f0-601895569a42', 'Event_0xabok4', null, null, null, 'startEvent', null, '2023-08-29 21:09:34.552', '2023-08-29 21:09:34.552', '1', '0', null, '');
INSERT INTO `act_hi_actinst` VALUES ('4c98b618-466d-11ee-a6f0-601895569a42', '1', 'Process_1693314311374:1:f9671a70-466c-11ee-a6f0-601895569a42', '4c98b610-466d-11ee-a6f0-601895569a42', '4c98b616-466d-11ee-a6f0-601895569a42', 'Flow_1i2r23e', null, null, null, 'sequenceFlow', null, '2023-08-29 21:09:34.552', '2023-08-29 21:09:34.552', '2', '0', null, '');
INSERT INTO `act_hi_actinst` VALUES ('4c98b619-466d-11ee-a6f0-601895569a42', '2', 'Process_1693314311374:1:f9671a70-466c-11ee-a6f0-601895569a42', '4c98b610-466d-11ee-a6f0-601895569a42', '4c98b616-466d-11ee-a6f0-601895569a42', 'Activity_0omrlnq', '4c98b61a-466d-11ee-a6f0-601895569a42', null, null, 'userTask', '1', '2023-08-29 21:09:34.552', '2023-08-29 21:09:34.810', '3', '258', null, '');
INSERT INTO `act_hi_actinst` VALUES ('4cc0143f-466d-11ee-a6f0-601895569a42', '1', 'Process_1693314311374:1:f9671a70-466c-11ee-a6f0-601895569a42', '4c98b610-466d-11ee-a6f0-601895569a42', '4c98b616-466d-11ee-a6f0-601895569a42', 'Flow_0jnzl0j', null, null, null, 'sequenceFlow', null, '2023-08-29 21:09:34.810', '2023-08-29 21:09:34.810', '1', '0', null, '');
INSERT INTO `act_hi_actinst` VALUES ('4cc03b50-466d-11ee-a6f0-601895569a42', '2', 'Process_1693314311374:1:f9671a70-466c-11ee-a6f0-601895569a42', '4c98b610-466d-11ee-a6f0-601895569a42', '4c98b616-466d-11ee-a6f0-601895569a42', 'Activity_08qmmuf', '4cc03b51-466d-11ee-a6f0-601895569a42', null, null, 'userTask', '1', '2023-08-29 21:09:34.811', '2023-08-29 21:09:54.535', '2', '19724', null, '');
INSERT INTO `act_hi_actinst` VALUES ('5130de53-5129-11ee-b005-601895569a42', '1', 'Process_1693274676504:4:2d22951f-5079-11ee-9a8a-601895569a42', '51282bb8-5129-11ee-b005-601895569a42', '5130de52-5129-11ee-b005-601895569a42', 'Event_0gt7djs', null, null, null, 'startEvent', null, '2023-09-12 13:00:39.273', '2023-09-12 13:00:39.290', '1', '17', null, '');
INSERT INTO `act_hi_actinst` VALUES ('513439b4-5129-11ee-b005-601895569a42', '1', 'Process_1693274676504:4:2d22951f-5079-11ee-9a8a-601895569a42', '51282bb8-5129-11ee-b005-601895569a42', '5130de52-5129-11ee-b005-601895569a42', 'Flow_1s6hspv', null, null, null, 'sequenceFlow', null, '2023-09-12 13:00:39.295', '2023-09-12 13:00:39.295', '2', '0', null, '');
INSERT INTO `act_hi_actinst` VALUES ('513439b5-5129-11ee-b005-601895569a42', '2', 'Process_1693274676504:4:2d22951f-5079-11ee-9a8a-601895569a42', '51282bb8-5129-11ee-b005-601895569a42', '5130de52-5129-11ee-b005-601895569a42', 'Activity_13yamhx', '5134fd06-5129-11ee-b005-601895569a42', null, null, 'userTask', '1', '2023-09-12 13:00:39.295', '2023-09-12 13:00:40.257', '3', '962', null, '');
INSERT INTO `act_hi_actinst` VALUES ('51c72aeb-5129-11ee-b005-601895569a42', '1', 'Process_1693274676504:4:2d22951f-5079-11ee-9a8a-601895569a42', '51282bb8-5129-11ee-b005-601895569a42', '5130de52-5129-11ee-b005-601895569a42', 'Flow_0a6992y', null, null, null, 'sequenceFlow', null, '2023-09-12 13:00:40.258', '2023-09-12 13:00:40.258', '1', '0', null, '');
INSERT INTO `act_hi_actinst` VALUES ('51c751fc-5129-11ee-b005-601895569a42', '2', 'Process_1693274676504:4:2d22951f-5079-11ee-9a8a-601895569a42', '51282bb8-5129-11ee-b005-601895569a42', '5130de52-5129-11ee-b005-601895569a42', 'Activity_1y9h5oh', '51c7790d-5129-11ee-b005-601895569a42', null, null, 'userTask', '1', '2023-09-12 13:00:40.259', '2023-09-14 09:57:34.541', '2', '161814282', null, '');
INSERT INTO `act_hi_actinst` VALUES ('5881e015-466d-11ee-a6f0-601895569a42', '1', 'Process_1693314311374:1:f9671a70-466c-11ee-a6f0-601895569a42', '4c98b610-466d-11ee-a6f0-601895569a42', '4c98b616-466d-11ee-a6f0-601895569a42', 'Flow_194v8tr', null, null, null, 'sequenceFlow', null, '2023-08-29 21:09:54.535', '2023-08-29 21:09:54.535', '1', '0', null, '');
INSERT INTO `act_hi_actinst` VALUES ('58822e38-466d-11ee-a6f0-601895569a42', '1', 'Process_1693314311374:1:f9671a70-466c-11ee-a6f0-601895569a42', '4c98b610-466d-11ee-a6f0-601895569a42', '58822e37-466d-11ee-a6f0-601895569a42', 'Flow_1riqa2a', null, null, null, 'sequenceFlow', null, '2023-08-29 21:09:54.537', '2023-08-29 21:09:54.537', '2', '0', null, '');
INSERT INTO `act_hi_actinst` VALUES ('58822e39-466d-11ee-a6f0-601895569a42', '2', 'Process_1693314311374:1:f9671a70-466c-11ee-a6f0-601895569a42', '4c98b610-466d-11ee-a6f0-601895569a42', '58822e37-466d-11ee-a6f0-601895569a42', 'Activity_0h4ho0x', '58822e3a-466d-11ee-a6f0-601895569a42', null, null, 'userTask', '1696394822808862721', '2023-08-29 21:09:54.537', null, '3', null, null, '');
INSERT INTO `act_hi_actinst` VALUES ('610966e8-462e-11ee-b58f-601895569a42', '1', 'Process_1693274676504:2:e96d6fdc-462d-11ee-b58f-601895569a42', 'ef97592d-462d-11ee-b58f-601895569a42', 'ef978043-462d-11ee-b58f-601895569a42', 'Flow_01r09xu', null, null, null, 'sequenceFlow', null, '2023-08-29 13:39:10.551', '2023-08-29 13:39:10.551', '1', '0', null, '');
INSERT INTO `act_hi_actinst` VALUES ('61098df9-462e-11ee-b58f-601895569a42', '1', 'Process_1693274676504:2:e96d6fdc-462d-11ee-b58f-601895569a42', 'ef97592d-462d-11ee-b58f-601895569a42', 'ef978043-462d-11ee-b58f-601895569a42', 'Event_1u94z39', null, null, null, 'endEvent', null, '2023-08-29 13:39:10.552', '2023-08-29 13:39:10.552', '2', '0', null, '');
INSERT INTO `act_hi_actinst` VALUES ('878cd3a5-462d-11ee-b58f-601895569a42', '1', 'Process_1693274676504:1:a7f2c3e0-4610-11ee-bc76-601895569a42', '0263fe71-4611-11ee-bc76-601895569a42', '02666f79-4611-11ee-bc76-601895569a42', 'Flow_01r09xu', null, null, null, 'sequenceFlow', null, '2023-08-29 13:33:05.669', '2023-08-29 13:33:05.669', '1', '0', null, '');
INSERT INTO `act_hi_actinst` VALUES ('878cd3a6-462d-11ee-b58f-601895569a42', '1', 'Process_1693274676504:1:a7f2c3e0-4610-11ee-bc76-601895569a42', '0263fe71-4611-11ee-bc76-601895569a42', '02666f79-4611-11ee-bc76-601895569a42', 'Event_1u94z39', null, null, null, 'endEvent', null, '2023-08-29 13:33:05.670', '2023-08-29 13:33:05.700', '2', '30', null, '');
INSERT INTO `act_hi_actinst` VALUES ('ef978044-462d-11ee-b58f-601895569a42', '1', 'Process_1693274676504:2:e96d6fdc-462d-11ee-b58f-601895569a42', 'ef97592d-462d-11ee-b58f-601895569a42', 'ef978043-462d-11ee-b58f-601895569a42', 'Event_0gt7djs', null, null, null, 'startEvent', null, '2023-08-29 13:36:00.222', '2023-08-29 13:36:00.222', '1', '0', null, '');
INSERT INTO `act_hi_actinst` VALUES ('ef978045-462d-11ee-b58f-601895569a42', '1', 'Process_1693274676504:2:e96d6fdc-462d-11ee-b58f-601895569a42', 'ef97592d-462d-11ee-b58f-601895569a42', 'ef978043-462d-11ee-b58f-601895569a42', 'Flow_1s6hspv', null, null, null, 'sequenceFlow', null, '2023-08-29 13:36:00.222', '2023-08-29 13:36:00.222', '2', '0', null, '');
INSERT INTO `act_hi_actinst` VALUES ('ef978046-462d-11ee-b58f-601895569a42', '2', 'Process_1693274676504:2:e96d6fdc-462d-11ee-b58f-601895569a42', 'ef97592d-462d-11ee-b58f-601895569a42', 'ef978043-462d-11ee-b58f-601895569a42', 'Activity_13yamhx', 'ef97a757-462d-11ee-b58f-601895569a42', null, null, 'userTask', '1696394822808862721', '2023-08-29 13:36:00.222', '2023-08-29 13:36:00.271', '3', '49', null, '');
INSERT INTO `act_hi_actinst` VALUES ('ef9efa5c-462d-11ee-b58f-601895569a42', '1', 'Process_1693274676504:2:e96d6fdc-462d-11ee-b58f-601895569a42', 'ef97592d-462d-11ee-b58f-601895569a42', 'ef978043-462d-11ee-b58f-601895569a42', 'Flow_0a6992y', null, null, null, 'sequenceFlow', null, '2023-08-29 13:36:00.271', '2023-08-29 13:36:00.271', '1', '0', null, '');
INSERT INTO `act_hi_actinst` VALUES ('ef9f216d-462d-11ee-b58f-601895569a42', '2', 'Process_1693274676504:2:e96d6fdc-462d-11ee-b58f-601895569a42', 'ef97592d-462d-11ee-b58f-601895569a42', 'ef978043-462d-11ee-b58f-601895569a42', 'Activity_1y9h5oh', 'ef9f216e-462d-11ee-b58f-601895569a42', null, null, 'userTask', '1', '2023-08-29 13:36:00.272', '2023-08-29 13:36:50.694', '2', '50422', null, '');
INSERT INTO `act_hi_actinst` VALUES ('f1d2fc01-462e-11ee-b58f-601895569a42', '1', 'Process_1693274676504:2:e96d6fdc-462d-11ee-b58f-601895569a42', 'f1d2d4ea-462e-11ee-b58f-601895569a42', 'f1d2fc00-462e-11ee-b58f-601895569a42', 'Event_0gt7djs', null, null, null, 'startEvent', null, '2023-08-29 13:43:13.464', '2023-08-29 13:43:13.464', '1', '0', null, '');
INSERT INTO `act_hi_actinst` VALUES ('f1d2fc02-462e-11ee-b58f-601895569a42', '1', 'Process_1693274676504:2:e96d6fdc-462d-11ee-b58f-601895569a42', 'f1d2d4ea-462e-11ee-b58f-601895569a42', 'f1d2fc00-462e-11ee-b58f-601895569a42', 'Flow_1s6hspv', null, null, null, 'sequenceFlow', null, '2023-08-29 13:43:13.464', '2023-08-29 13:43:13.464', '2', '0', null, '');
INSERT INTO `act_hi_actinst` VALUES ('f1d2fc03-462e-11ee-b58f-601895569a42', '2', 'Process_1693274676504:2:e96d6fdc-462d-11ee-b58f-601895569a42', 'f1d2d4ea-462e-11ee-b58f-601895569a42', 'f1d2fc00-462e-11ee-b58f-601895569a42', 'Activity_13yamhx', 'f1d32314-462e-11ee-b58f-601895569a42', null, null, 'userTask', '1', '2023-08-29 13:43:13.465', '2023-08-29 13:43:13.498', '3', '33', null, '');
INSERT INTO `act_hi_actinst` VALUES ('f1d82c29-462e-11ee-b58f-601895569a42', '1', 'Process_1693274676504:2:e96d6fdc-462d-11ee-b58f-601895569a42', 'f1d2d4ea-462e-11ee-b58f-601895569a42', 'f1d2fc00-462e-11ee-b58f-601895569a42', 'Flow_0a6992y', null, null, null, 'sequenceFlow', null, '2023-08-29 13:43:13.498', '2023-08-29 13:43:13.498', '1', '0', null, '');
INSERT INTO `act_hi_actinst` VALUES ('f1d8533a-462e-11ee-b58f-601895569a42', '2', 'Process_1693274676504:2:e96d6fdc-462d-11ee-b58f-601895569a42', 'f1d2d4ea-462e-11ee-b58f-601895569a42', 'f1d2fc00-462e-11ee-b58f-601895569a42', 'Activity_1y9h5oh', 'f1d8533b-462e-11ee-b58f-601895569a42', null, null, 'userTask', '1', '2023-08-29 13:43:13.499', '2023-08-29 13:43:29.783', '2', '16284', null, '');
INSERT INTO `act_hi_actinst` VALUES ('fb8d380f-462e-11ee-b58f-601895569a42', '1', 'Process_1693274676504:2:e96d6fdc-462d-11ee-b58f-601895569a42', 'f1d2d4ea-462e-11ee-b58f-601895569a42', 'f1d2fc00-462e-11ee-b58f-601895569a42', 'Flow_1el77h3', null, null, null, 'sequenceFlow', null, '2023-08-29 13:43:29.784', '2023-08-29 13:43:29.784', '1', '0', null, '');
INSERT INTO `act_hi_actinst` VALUES ('fb8d3810-462e-11ee-b58f-601895569a42', '2', 'Process_1693274676504:2:e96d6fdc-462d-11ee-b58f-601895569a42', 'f1d2d4ea-462e-11ee-b58f-601895569a42', 'f1d2fc00-462e-11ee-b58f-601895569a42', 'Activity_19mgb4c', 'fb8d3811-462e-11ee-b58f-601895569a42', null, null, 'userTask', '1696394822808862721', '2023-08-29 13:43:29.784', null, '2', null, null, '');

-- ----------------------------
-- Table structure for act_hi_attachment
-- ----------------------------
DROP TABLE IF EXISTS `act_hi_attachment`;
CREATE TABLE `act_hi_attachment` (
  `ID_` varchar(64) COLLATE utf8_bin NOT NULL,
  `REV_` int(11) DEFAULT NULL,
  `USER_ID_` varchar(255) COLLATE utf8_bin DEFAULT NULL,
  `NAME_` varchar(255) COLLATE utf8_bin DEFAULT NULL,
  `DESCRIPTION_` varchar(4000) COLLATE utf8_bin DEFAULT NULL,
  `TYPE_` varchar(255) COLLATE utf8_bin DEFAULT NULL,
  `TASK_ID_` varchar(64) COLLATE utf8_bin DEFAULT NULL,
  `PROC_INST_ID_` varchar(64) COLLATE utf8_bin DEFAULT NULL,
  `URL_` varchar(4000) COLLATE utf8_bin DEFAULT NULL,
  `CONTENT_ID_` varchar(64) COLLATE utf8_bin DEFAULT NULL,
  `TIME_` datetime(3) DEFAULT NULL,
  PRIMARY KEY (`ID_`)
) ENGINE=InnoDB DEFAULT CHARSET=utf8 COLLATE=utf8_bin;

-- ----------------------------
-- Records of act_hi_attachment
-- ----------------------------

-- ----------------------------
-- Table structure for act_hi_comment
-- ----------------------------
DROP TABLE IF EXISTS `act_hi_comment`;
CREATE TABLE `act_hi_comment` (
  `ID_` varchar(64) COLLATE utf8_bin NOT NULL,
  `TYPE_` varchar(255) COLLATE utf8_bin DEFAULT NULL,
  `TIME_` datetime(3) NOT NULL,
  `USER_ID_` varchar(255) COLLATE utf8_bin DEFAULT NULL,
  `TASK_ID_` varchar(64) COLLATE utf8_bin DEFAULT NULL,
  `PROC_INST_ID_` varchar(64) COLLATE utf8_bin DEFAULT NULL,
  `ACTION_` varchar(255) COLLATE utf8_bin DEFAULT NULL,
  `MESSAGE_` varchar(4000) COLLATE utf8_bin DEFAULT NULL,
  `FULL_MSG_` longblob,
  PRIMARY KEY (`ID_`)
) ENGINE=InnoDB DEFAULT CHARSET=utf8 COLLATE=utf8_bin;

-- ----------------------------
-- Records of act_hi_comment
-- ----------------------------
INSERT INTO `act_hi_comment` VALUES ('02847ed0-4611-11ee-bc76-601895569a42', '1', '2023-08-29 10:08:56.569', '1', '026cd81d-4611-11ee-bc76-601895569a42', '0263fe71-4611-11ee-bc76-601895569a42', 'AddComment', '若依管理员发起流程申请', 0xE88BA5E4BE9DE7AEA1E79086E59198E58F91E8B5B7E6B581E7A88BE794B3E8AFB7);
INSERT INTO `act_hi_comment` VALUES ('0398d06e-466d-11ee-a6f0-601895569a42', '1', '2023-08-29 21:07:32.079', '1', '0383e8db-466d-11ee-a6f0-601895569a42', '038177d1-466d-11ee-a6f0-601895569a42', 'AddComment', '若依管理员发起流程申请', 0xE88BA5E4BE9DE7AEA1E79086E59198E58F91E8B5B7E6B581E7A88BE794B3E8AFB7);
INSERT INTO `act_hi_comment` VALUES ('09661ad4-466d-11ee-a6f0-601895569a42', '1', '2023-08-29 21:07:41.813', null, '039b8f92-466d-11ee-a6f0-601895569a42', '038177d1-466d-11ee-a6f0-601895569a42', 'AddComment', '水电费费', 0xE6B0B4E794B5E8B4B9E8B4B9);
INSERT INTO `act_hi_comment` VALUES ('0dabd961-462e-11ee-b58f-601895569a42', '1', '2023-08-29 13:36:50.687', null, 'ef9f216e-462d-11ee-b58f-601895569a42', 'ef97592d-462d-11ee-b58f-601895569a42', 'AddComment', '发的个梵蒂冈', 0xE58F91E79A84E4B8AAE6A2B5E89282E58688);
INSERT INTO `act_hi_comment` VALUES ('127c9c94-52a2-11ee-8f19-601895569a42', '1', '2023-09-14 09:57:34.339', null, '51c7790d-5129-11ee-b005-601895569a42', '51282bb8-5129-11ee-b005-601895569a42', 'AddComment', '水电费水电费', 0xE6B0B4E794B5E8B4B9E6B0B4E794B5E8B4B9);
INSERT INTO `act_hi_comment` VALUES ('2d93e27c-466d-11ee-a6f0-601895569a42', '1', '2023-08-29 21:08:42.511', '1', '09694f2a-466d-11ee-a6f0-601895569a42', '038177d1-466d-11ee-a6f0-601895569a42', 'AddComment', '第三方士大夫', 0xE7ACACE4B889E696B9E5A3ABE5A4A7E5A4AB);
INSERT INTO `act_hi_comment` VALUES ('34b95dab-462d-11ee-b58f-601895569a42', '1', '2023-08-29 13:30:46.710', null, '028b3594-4611-11ee-bc76-601895569a42', '0263fe71-4611-11ee-bc76-601895569a42', 'AddComment', '是对方是否', 0xE698AFE5AFB9E696B9E698AFE590A6);
INSERT INTO `act_hi_comment` VALUES ('34ce9363-462d-11ee-b58f-601895569a42', 'event', '2023-08-29 13:30:46.849', null, '34c4a84e-462d-11ee-b58f-601895569a42', null, 'AddUserLink', '1696394822808862721_|_assignee', null);
INSERT INTO `act_hi_comment` VALUES ('3e90556a-52a2-11ee-8f19-601895569a42', '1', '2023-09-14 09:58:48.289', null, '12a05137-52a2-11ee-8f19-601895569a42', '51282bb8-5129-11ee-b005-601895569a42', 'AddComment', '的舒服舒服', 0xE79A84E88892E69C8DE88892E69C8D);
INSERT INTO `act_hi_comment` VALUES ('4cbe668d-466d-11ee-a6f0-601895569a42', '1', '2023-08-29 21:09:34.799', '1', '4c98b61a-466d-11ee-a6f0-601895569a42', '4c98b610-466d-11ee-a6f0-601895569a42', 'AddComment', '若依管理员发起流程申请', 0xE88BA5E4BE9DE7AEA1E79086E59198E58F91E8B5B7E6B581E7A88BE794B3E8AFB7);
INSERT INTO `act_hi_comment` VALUES ('5196cc19-5129-11ee-b005-601895569a42', '1', '2023-09-12 13:00:39.941', '1', '5134fd06-5129-11ee-b005-601895569a42', '51282bb8-5129-11ee-b005-601895569a42', 'AddComment', '若依管理员发起流程申请', 0xE88BA5E4BE9DE7AEA1E79086E59198E58F91E8B5B7E6B581E7A88BE794B3E8AFB7);
INSERT INTO `act_hi_comment` VALUES ('58452533-466d-11ee-a6f0-601895569a42', '1', '2023-08-29 21:09:54.136', '1', '4cc03b51-466d-11ee-a6f0-601895569a42', '4c98b610-466d-11ee-a6f0-601895569a42', 'AddComment', '水电费', 0xE6B0B4E794B5E8B4B9);
INSERT INTO `act_hi_comment` VALUES ('588d51ce-466d-11ee-a6f0-601895569a42', 'event', '2023-08-29 21:09:54.610', '1', '58822e3a-466d-11ee-a6f0-601895569a42', null, 'AddUserLink', '1696394822808862721_|_assignee', null);
INSERT INTO `act_hi_comment` VALUES ('6108a397-462e-11ee-b58f-601895569a42', '1', '2023-08-29 13:39:10.546', null, '0dad11e4-462e-11ee-b58f-601895569a42', 'ef97592d-462d-11ee-b58f-601895569a42', 'AddComment', '的舒服舒服', 0xE79A84E88892E69C8DE88892E69C8D);
INSERT INTO `act_hi_comment` VALUES ('878bc234-462d-11ee-b58f-601895569a42', '1', '2023-08-29 13:33:05.661', null, '34c4a84e-462d-11ee-b58f-601895569a42', '0263fe71-4611-11ee-bc76-601895569a42', 'AddComment', 'sdfsf', 0x7364667366);
INSERT INTO `act_hi_comment` VALUES ('ef9cfe8a-462d-11ee-b58f-601895569a42', '1', '2023-08-29 13:36:00.258', '1696394822808862721', 'ef97a757-462d-11ee-b58f-601895569a42', 'ef97592d-462d-11ee-b58f-601895569a42', 'AddComment', '张三发起流程申请', 0xE5BCA0E4B889E58F91E8B5B7E6B581E7A88BE794B3E8AFB7);
INSERT INTO `act_hi_comment` VALUES ('f1d6cc97-462e-11ee-b58f-601895569a42', '1', '2023-08-29 13:43:13.489', '1', 'f1d32314-462e-11ee-b58f-601895569a42', 'f1d2d4ea-462e-11ee-b58f-601895569a42', 'AddComment', '若依管理员发起流程申请', 0xE88BA5E4BE9DE7AEA1E79086E59198E58F91E8B5B7E6B581E7A88BE794B3E8AFB7);
INSERT INTO `act_hi_comment` VALUES ('fb8bff8d-462e-11ee-b58f-601895569a42', '1', '2023-08-29 13:43:29.776', '1696394822808862721', 'f1d8533b-462e-11ee-b58f-601895569a42', 'f1d2d4ea-462e-11ee-b58f-601895569a42', 'AddComment', '的舒服舒服', 0xE79A84E88892E69C8DE88892E69C8D);
INSERT INTO `act_hi_comment` VALUES ('fb906c65-462e-11ee-b58f-601895569a42', 'event', '2023-08-29 13:43:29.805', '1696394822808862721', 'fb8d3811-462e-11ee-b58f-601895569a42', null, 'AddUserLink', '1696394822808862721_|_assignee', null);

-- ----------------------------
-- Table structure for act_hi_detail
-- ----------------------------
DROP TABLE IF EXISTS `act_hi_detail`;
CREATE TABLE `act_hi_detail` (
  `ID_` varchar(64) COLLATE utf8_bin NOT NULL,
  `TYPE_` varchar(255) COLLATE utf8_bin NOT NULL,
  `PROC_INST_ID_` varchar(64) COLLATE utf8_bin DEFAULT NULL,
  `EXECUTION_ID_` varchar(64) COLLATE utf8_bin DEFAULT NULL,
  `TASK_ID_` varchar(64) COLLATE utf8_bin DEFAULT NULL,
  `ACT_INST_ID_` varchar(64) COLLATE utf8_bin DEFAULT NULL,
  `NAME_` varchar(255) COLLATE utf8_bin NOT NULL,
  `VAR_TYPE_` varchar(255) COLLATE utf8_bin DEFAULT NULL,
  `REV_` int(11) DEFAULT NULL,
  `TIME_` datetime(3) NOT NULL,
  `BYTEARRAY_ID_` varchar(64) COLLATE utf8_bin DEFAULT NULL,
  `DOUBLE_` double DEFAULT NULL,
  `LONG_` bigint(20) DEFAULT NULL,
  `TEXT_` varchar(4000) COLLATE utf8_bin DEFAULT NULL,
  `TEXT2_` varchar(4000) COLLATE utf8_bin DEFAULT NULL,
  PRIMARY KEY (`ID_`),
  KEY `ACT_IDX_HI_DETAIL_PROC_INST` (`PROC_INST_ID_`),
  KEY `ACT_IDX_HI_DETAIL_ACT_INST` (`ACT_INST_ID_`),
  KEY `ACT_IDX_HI_DETAIL_TIME` (`TIME_`),
  KEY `ACT_IDX_HI_DETAIL_NAME` (`NAME_`),
  KEY `ACT_IDX_HI_DETAIL_TASK_ID` (`TASK_ID_`)
) ENGINE=InnoDB DEFAULT CHARSET=utf8 COLLATE=utf8_bin;

-- ----------------------------
-- Records of act_hi_detail
-- ----------------------------

-- ----------------------------
-- Table structure for act_hi_entitylink
-- ----------------------------
DROP TABLE IF EXISTS `act_hi_entitylink`;
CREATE TABLE `act_hi_entitylink` (
  `ID_` varchar(64) COLLATE utf8_bin NOT NULL,
  `LINK_TYPE_` varchar(255) COLLATE utf8_bin DEFAULT NULL,
  `CREATE_TIME_` datetime(3) DEFAULT NULL,
  `SCOPE_ID_` varchar(255) COLLATE utf8_bin DEFAULT NULL,
  `SUB_SCOPE_ID_` varchar(255) COLLATE utf8_bin DEFAULT NULL,
  `SCOPE_TYPE_` varchar(255) COLLATE utf8_bin DEFAULT NULL,
  `SCOPE_DEFINITION_ID_` varchar(255) COLLATE utf8_bin DEFAULT NULL,
  `PARENT_ELEMENT_ID_` varchar(255) COLLATE utf8_bin DEFAULT NULL,
  `REF_SCOPE_ID_` varchar(255) COLLATE utf8_bin DEFAULT NULL,
  `REF_SCOPE_TYPE_` varchar(255) COLLATE utf8_bin DEFAULT NULL,
  `REF_SCOPE_DEFINITION_ID_` varchar(255) COLLATE utf8_bin DEFAULT NULL,
  `ROOT_SCOPE_ID_` varchar(255) COLLATE utf8_bin DEFAULT NULL,
  `ROOT_SCOPE_TYPE_` varchar(255) COLLATE utf8_bin DEFAULT NULL,
  `HIERARCHY_TYPE_` varchar(255) COLLATE utf8_bin DEFAULT NULL,
  PRIMARY KEY (`ID_`),
  KEY `ACT_IDX_HI_ENT_LNK_SCOPE` (`SCOPE_ID_`,`SCOPE_TYPE_`,`LINK_TYPE_`),
  KEY `ACT_IDX_HI_ENT_LNK_REF_SCOPE` (`REF_SCOPE_ID_`,`REF_SCOPE_TYPE_`,`LINK_TYPE_`),
  KEY `ACT_IDX_HI_ENT_LNK_ROOT_SCOPE` (`ROOT_SCOPE_ID_`,`ROOT_SCOPE_TYPE_`,`LINK_TYPE_`),
  KEY `ACT_IDX_HI_ENT_LNK_SCOPE_DEF` (`SCOPE_DEFINITION_ID_`,`SCOPE_TYPE_`,`LINK_TYPE_`)
) ENGINE=InnoDB DEFAULT CHARSET=utf8 COLLATE=utf8_bin;

-- ----------------------------
-- Records of act_hi_entitylink
-- ----------------------------

-- ----------------------------
-- Table structure for act_hi_identitylink
-- ----------------------------
DROP TABLE IF EXISTS `act_hi_identitylink`;
CREATE TABLE `act_hi_identitylink` (
  `ID_` varchar(64) COLLATE utf8_bin NOT NULL,
  `GROUP_ID_` varchar(255) COLLATE utf8_bin DEFAULT NULL,
  `TYPE_` varchar(255) COLLATE utf8_bin DEFAULT NULL,
  `USER_ID_` varchar(255) COLLATE utf8_bin DEFAULT NULL,
  `TASK_ID_` varchar(64) COLLATE utf8_bin DEFAULT NULL,
  `CREATE_TIME_` datetime(3) DEFAULT NULL,
  `PROC_INST_ID_` varchar(64) COLLATE utf8_bin DEFAULT NULL,
  `SCOPE_ID_` varchar(255) COLLATE utf8_bin DEFAULT NULL,
  `SUB_SCOPE_ID_` varchar(255) COLLATE utf8_bin DEFAULT NULL,
  `SCOPE_TYPE_` varchar(255) COLLATE utf8_bin DEFAULT NULL,
  `SCOPE_DEFINITION_ID_` varchar(255) COLLATE utf8_bin DEFAULT NULL,
  PRIMARY KEY (`ID_`),
  KEY `ACT_IDX_HI_IDENT_LNK_USER` (`USER_ID_`),
  KEY `ACT_IDX_HI_IDENT_LNK_SCOPE` (`SCOPE_ID_`,`SCOPE_TYPE_`),
  KEY `ACT_IDX_HI_IDENT_LNK_SUB_SCOPE` (`SUB_SCOPE_ID_`,`SCOPE_TYPE_`),
  KEY `ACT_IDX_HI_IDENT_LNK_SCOPE_DEF` (`SCOPE_DEFINITION_ID_`,`SCOPE_TYPE_`),
  KEY `ACT_IDX_HI_IDENT_LNK_TASK` (`TASK_ID_`),
  KEY `ACT_IDX_HI_IDENT_LNK_PROCINST` (`PROC_INST_ID_`)
) ENGINE=InnoDB DEFAULT CHARSET=utf8 COLLATE=utf8_bin;

-- ----------------------------
-- Records of act_hi_identitylink
-- ----------------------------
INSERT INTO `act_hi_identitylink` VALUES ('02644c92-4611-11ee-bc76-601895569a42', null, 'starter', '1', null, '2023-08-29 10:08:56.359', '0263fe71-4611-11ee-bc76-601895569a42', null, null, null, null);
INSERT INTO `act_hi_identitylink` VALUES ('0274c75e-4611-11ee-bc76-601895569a42', null, 'assignee', '1', '026cd81d-4611-11ee-bc76-601895569a42', '2023-08-29 10:08:56.466', null, null, null, null, null);
INSERT INTO `act_hi_identitylink` VALUES ('0274ee6f-4611-11ee-bc76-601895569a42', null, 'participant', '1', null, '2023-08-29 10:08:56.467', '0263fe71-4611-11ee-bc76-601895569a42', null, null, null, null);
INSERT INTO `act_hi_identitylink` VALUES ('028939c1-4611-11ee-bc76-601895569a42', null, 'participant', '1', null, '2023-08-29 10:08:56.600', '0263fe71-4611-11ee-bc76-601895569a42', null, null, null, null);
INSERT INTO `act_hi_identitylink` VALUES ('028b5ca5-4611-11ee-bc76-601895569a42', null, 'assignee', '1', '028b3594-4611-11ee-bc76-601895569a42', '2023-08-29 10:08:56.614', null, null, null, null, null);
INSERT INTO `act_hi_identitylink` VALUES ('03819ee2-466d-11ee-a6f0-601895569a42', null, 'starter', '1', null, '2023-08-29 21:07:31.928', '038177d1-466d-11ee-a6f0-601895569a42', null, null, null, null);
INSERT INTO `act_hi_identitylink` VALUES ('0384ac2c-466d-11ee-a6f0-601895569a42', null, 'assignee', '1', '0383e8db-466d-11ee-a6f0-601895569a42', '2023-08-29 21:07:31.947', null, null, null, null, null);
INSERT INTO `act_hi_identitylink` VALUES ('0384ac2d-466d-11ee-a6f0-601895569a42', null, 'participant', '1', null, '2023-08-29 21:07:31.947', '038177d1-466d-11ee-a6f0-601895569a42', null, null, null, null);
INSERT INTO `act_hi_identitylink` VALUES ('039acc3f-466d-11ee-a6f0-601895569a42', null, 'participant', '1', null, '2023-08-29 21:07:32.092', '038177d1-466d-11ee-a6f0-601895569a42', null, null, null, null);
INSERT INTO `act_hi_identitylink` VALUES ('039b8f93-466d-11ee-a6f0-601895569a42', null, 'assignee', '1', '039b8f92-466d-11ee-a6f0-601895569a42', '2023-08-29 21:07:32.097', null, null, null, null, null);
INSERT INTO `act_hi_identitylink` VALUES ('09694f2b-466d-11ee-a6f0-601895569a42', null, 'assignee', '1', '09694f2a-466d-11ee-a6f0-601895569a42', '2023-08-29 21:07:41.834', null, null, null, null, null);
INSERT INTO `act_hi_identitylink` VALUES ('0dad11e5-462e-11ee-b58f-601895569a42', null, 'assignee', '2', '0dad11e4-462e-11ee-b58f-601895569a42', '2023-08-29 13:36:50.695', null, null, null, null, null);
INSERT INTO `act_hi_identitylink` VALUES ('0dadae26-462e-11ee-b58f-601895569a42', null, 'participant', '2', null, '2023-08-29 13:36:50.699', 'ef97592d-462d-11ee-b58f-601895569a42', null, null, null, null);
INSERT INTO `act_hi_identitylink` VALUES ('12abe9f8-52a2-11ee-8f19-601895569a42', null, 'assignee', '2', '12a05137-52a2-11ee-8f19-601895569a42', '2023-09-14 09:57:34.650', null, null, null, null, null);
INSERT INTO `act_hi_identitylink` VALUES ('12b1dd69-52a2-11ee-8f19-601895569a42', null, 'participant', '2', null, '2023-09-14 09:57:34.689', '51282bb8-5129-11ee-b005-601895569a42', null, null, null, null);
INSERT INTO `act_hi_identitylink` VALUES ('2d947ebd-466d-11ee-a6f0-601895569a42', null, 'participant', '1', null, '2023-08-29 21:08:42.515', '038177d1-466d-11ee-a6f0-601895569a42', null, null, null, null);
INSERT INTO `act_hi_identitylink` VALUES ('34c89fef-462d-11ee-b58f-601895569a42', null, 'assignee', '2', '34c4a84e-462d-11ee-b58f-601895569a42', '2023-08-29 13:30:46.810', null, null, null, null, null);
INSERT INTO `act_hi_identitylink` VALUES ('34c93c30-462d-11ee-b58f-601895569a42', null, 'participant', '2', null, '2023-08-29 13:30:46.815', '0263fe71-4611-11ee-bc76-601895569a42', null, null, null, null);
INSERT INTO `act_hi_identitylink` VALUES ('34ce4541-462d-11ee-b58f-601895569a42', null, 'assignee', '1696394822808862721', '34c4a84e-462d-11ee-b58f-601895569a42', '2023-08-29 13:30:46.847', null, null, null, null, null);
INSERT INTO `act_hi_identitylink` VALUES ('34ce9362-462d-11ee-b58f-601895569a42', null, 'participant', '1696394822808862721', null, '2023-08-29 13:30:46.849', '0263fe71-4611-11ee-bc76-601895569a42', null, null, null, null);
INSERT INTO `act_hi_identitylink` VALUES ('4c98b611-466d-11ee-a6f0-601895569a42', null, 'starter', '1', null, '2023-08-29 21:09:34.552', '4c98b610-466d-11ee-a6f0-601895569a42', null, null, null, null);
INSERT INTO `act_hi_identitylink` VALUES ('4c98b61b-466d-11ee-a6f0-601895569a42', null, 'assignee', '1', '4c98b61a-466d-11ee-a6f0-601895569a42', '2023-08-29 21:09:34.552', null, null, null, null, null);
INSERT INTO `act_hi_identitylink` VALUES ('4c98b61c-466d-11ee-a6f0-601895569a42', null, 'participant', '1', null, '2023-08-29 21:09:34.552', '4c98b610-466d-11ee-a6f0-601895569a42', null, null, null, null);
INSERT INTO `act_hi_identitylink` VALUES ('4cbf9f0e-466d-11ee-a6f0-601895569a42', null, 'participant', '1', null, '2023-08-29 21:09:34.807', '4c98b610-466d-11ee-a6f0-601895569a42', null, null, null, null);
INSERT INTO `act_hi_identitylink` VALUES ('4cc03b52-466d-11ee-a6f0-601895569a42', null, 'assignee', '1', '4cc03b51-466d-11ee-a6f0-601895569a42', '2023-08-29 21:09:34.811', null, null, null, null, null);
INSERT INTO `act_hi_identitylink` VALUES ('5128a0e9-5129-11ee-b005-601895569a42', null, 'starter', '1', null, '2023-09-12 13:00:39.249', '51282bb8-5129-11ee-b005-601895569a42', null, null, null, null);
INSERT INTO `act_hi_identitylink` VALUES ('513f5d47-5129-11ee-b005-601895569a42', null, 'assignee', '1', '5134fd06-5129-11ee-b005-601895569a42', '2023-09-12 13:00:39.368', null, null, null, null, null);
INSERT INTO `act_hi_identitylink` VALUES ('513f5d48-5129-11ee-b005-601895569a42', null, 'participant', '1', null, '2023-09-12 13:00:39.368', '51282bb8-5129-11ee-b005-601895569a42', null, null, null, null);
INSERT INTO `act_hi_identitylink` VALUES ('51c4b9ea-5129-11ee-b005-601895569a42', null, 'participant', '1', null, '2023-09-12 13:00:40.242', '51282bb8-5129-11ee-b005-601895569a42', null, null, null, null);
INSERT INTO `act_hi_identitylink` VALUES ('51c7790e-5129-11ee-b005-601895569a42', null, 'assignee', '1', '51c7790d-5129-11ee-b005-601895569a42', '2023-09-12 13:00:40.260', null, null, null, null, null);
INSERT INTO `act_hi_identitylink` VALUES ('58459a64-466d-11ee-a6f0-601895569a42', null, 'participant', '1', null, '2023-08-29 21:09:54.140', '4c98b610-466d-11ee-a6f0-601895569a42', null, null, null, null);
INSERT INTO `act_hi_identitylink` VALUES ('58822e3b-466d-11ee-a6f0-601895569a42', null, 'assignee', '1', '58822e3a-466d-11ee-a6f0-601895569a42', '2023-08-29 21:09:54.537', null, null, null, null, null);
INSERT INTO `act_hi_identitylink` VALUES ('588d03ac-466d-11ee-a6f0-601895569a42', null, 'assignee', '1696394822808862721', '58822e3a-466d-11ee-a6f0-601895569a42', '2023-08-29 21:09:54.608', null, null, null, null, null);
INSERT INTO `act_hi_identitylink` VALUES ('588d51cd-466d-11ee-a6f0-601895569a42', null, 'participant', '1696394822808862721', null, '2023-08-29 21:09:54.610', '4c98b610-466d-11ee-a6f0-601895569a42', null, null, null, null);
INSERT INTO `act_hi_identitylink` VALUES ('ef97592e-462d-11ee-b58f-601895569a42', null, 'starter', '1696394822808862721', null, '2023-08-29 13:36:00.221', 'ef97592d-462d-11ee-b58f-601895569a42', null, null, null, null);
INSERT INTO `act_hi_identitylink` VALUES ('ef97f578-462d-11ee-b58f-601895569a42', null, 'assignee', '1696394822808862721', 'ef97a757-462d-11ee-b58f-601895569a42', '2023-08-29 13:36:00.225', null, null, null, null, null);
INSERT INTO `act_hi_identitylink` VALUES ('ef97f579-462d-11ee-b58f-601895569a42', null, 'participant', '1696394822808862721', null, '2023-08-29 13:36:00.225', 'ef97592d-462d-11ee-b58f-601895569a42', null, null, null, null);
INSERT INTO `act_hi_identitylink` VALUES ('ef9e852b-462d-11ee-b58f-601895569a42', null, 'participant', '1696394822808862721', null, '2023-08-29 13:36:00.268', 'ef97592d-462d-11ee-b58f-601895569a42', null, null, null, null);
INSERT INTO `act_hi_identitylink` VALUES ('ef9f216f-462d-11ee-b58f-601895569a42', null, 'assignee', '1', 'ef9f216e-462d-11ee-b58f-601895569a42', '2023-08-29 13:36:00.272', null, null, null, null, null);
INSERT INTO `act_hi_identitylink` VALUES ('ef9f2170-462d-11ee-b58f-601895569a42', null, 'participant', '1', null, '2023-08-29 13:36:00.272', 'ef97592d-462d-11ee-b58f-601895569a42', null, null, null, null);
INSERT INTO `act_hi_identitylink` VALUES ('f1d2d4eb-462e-11ee-b58f-601895569a42', null, 'starter', '1', null, '2023-08-29 13:43:13.463', 'f1d2d4ea-462e-11ee-b58f-601895569a42', null, null, null, null);
INSERT INTO `act_hi_identitylink` VALUES ('f1d32315-462e-11ee-b58f-601895569a42', null, 'assignee', '1', 'f1d32314-462e-11ee-b58f-601895569a42', '2023-08-29 13:43:13.465', null, null, null, null, null);
INSERT INTO `act_hi_identitylink` VALUES ('f1d32316-462e-11ee-b58f-601895569a42', null, 'participant', '1', null, '2023-08-29 13:43:13.465', 'f1d2d4ea-462e-11ee-b58f-601895569a42', null, null, null, null);
INSERT INTO `act_hi_identitylink` VALUES ('f1d7b6f8-462e-11ee-b58f-601895569a42', null, 'participant', '1', null, '2023-08-29 13:43:13.495', 'f1d2d4ea-462e-11ee-b58f-601895569a42', null, null, null, null);
INSERT INTO `act_hi_identitylink` VALUES ('f1d8533c-462e-11ee-b58f-601895569a42', null, 'assignee', '1', 'f1d8533b-462e-11ee-b58f-601895569a42', '2023-08-29 13:43:13.499', null, null, null, null, null);
INSERT INTO `act_hi_identitylink` VALUES ('fb8c9bce-462e-11ee-b58f-601895569a42', null, 'participant', '1696394822808862721', null, '2023-08-29 13:43:29.780', 'f1d2d4ea-462e-11ee-b58f-601895569a42', null, null, null, null);
INSERT INTO `act_hi_identitylink` VALUES ('fb8d3812-462e-11ee-b58f-601895569a42', null, 'assignee', '2', 'fb8d3811-462e-11ee-b58f-601895569a42', '2023-08-29 13:43:29.784', null, null, null, null, null);
INSERT INTO `act_hi_identitylink` VALUES ('fb8d5f23-462e-11ee-b58f-601895569a42', null, 'participant', '2', null, '2023-08-29 13:43:29.785', 'f1d2d4ea-462e-11ee-b58f-601895569a42', null, null, null, null);
INSERT INTO `act_hi_identitylink` VALUES ('fb901e44-462e-11ee-b58f-601895569a42', null, 'assignee', '1696394822808862721', 'fb8d3811-462e-11ee-b58f-601895569a42', '2023-08-29 13:43:29.803', null, null, null, null, null);

-- ----------------------------
-- Table structure for act_hi_procinst
-- ----------------------------
DROP TABLE IF EXISTS `act_hi_procinst`;
CREATE TABLE `act_hi_procinst` (
  `ID_` varchar(64) COLLATE utf8_bin NOT NULL,
  `REV_` int(11) DEFAULT '1',
  `PROC_INST_ID_` varchar(64) COLLATE utf8_bin NOT NULL,
  `BUSINESS_KEY_` varchar(255) COLLATE utf8_bin DEFAULT NULL,
  `PROC_DEF_ID_` varchar(64) COLLATE utf8_bin NOT NULL,
  `START_TIME_` datetime(3) NOT NULL,
  `END_TIME_` datetime(3) DEFAULT NULL,
  `DURATION_` bigint(20) DEFAULT NULL,
  `START_USER_ID_` varchar(255) COLLATE utf8_bin DEFAULT NULL,
  `START_ACT_ID_` varchar(255) COLLATE utf8_bin DEFAULT NULL,
  `END_ACT_ID_` varchar(255) COLLATE utf8_bin DEFAULT NULL,
  `SUPER_PROCESS_INSTANCE_ID_` varchar(64) COLLATE utf8_bin DEFAULT NULL,
  `DELETE_REASON_` varchar(4000) COLLATE utf8_bin DEFAULT NULL,
  `TENANT_ID_` varchar(255) COLLATE utf8_bin DEFAULT '',
  `NAME_` varchar(255) COLLATE utf8_bin DEFAULT NULL,
  `CALLBACK_ID_` varchar(255) COLLATE utf8_bin DEFAULT NULL,
  `CALLBACK_TYPE_` varchar(255) COLLATE utf8_bin DEFAULT NULL,
  `REFERENCE_ID_` varchar(255) COLLATE utf8_bin DEFAULT NULL,
  `REFERENCE_TYPE_` varchar(255) COLLATE utf8_bin DEFAULT NULL,
  `PROPAGATED_STAGE_INST_ID_` varchar(255) COLLATE utf8_bin DEFAULT NULL,
  `BUSINESS_STATUS_` varchar(255) COLLATE utf8_bin DEFAULT NULL,
  PRIMARY KEY (`ID_`),
  UNIQUE KEY `PROC_INST_ID_` (`PROC_INST_ID_`),
  KEY `ACT_IDX_HI_PRO_INST_END` (`END_TIME_`),
  KEY `ACT_IDX_HI_PRO_I_BUSKEY` (`BUSINESS_KEY_`),
  KEY `ACT_IDX_HI_PRO_SUPER_PROCINST` (`SUPER_PROCESS_INSTANCE_ID_`)
) ENGINE=InnoDB DEFAULT CHARSET=utf8 COLLATE=utf8_bin;

-- ----------------------------
-- Records of act_hi_procinst
-- ----------------------------
INSERT INTO `act_hi_procinst` VALUES ('0263fe71-4611-11ee-bc76-601895569a42', '2', '0263fe71-4611-11ee-bc76-601895569a42', null, 'Process_1693274676504:1:a7f2c3e0-4610-11ee-bc76-601895569a42', '2023-08-29 10:08:56.356', '2023-08-29 13:33:05.754', '12249398', '1', 'Event_0gt7djs', 'Event_1u94z39', null, null, '', null, null, null, null, null, null, null);
INSERT INTO `act_hi_procinst` VALUES ('038177d1-466d-11ee-a6f0-601895569a42', '2', '038177d1-466d-11ee-a6f0-601895569a42', null, 'Process_1693314311374:1:f9671a70-466c-11ee-a6f0-601895569a42', '2023-08-29 21:07:31.926', '2023-08-29 21:08:42.635', '70709', '1', 'Event_0xabok4', 'Event_0akavox', null, null, '', null, null, null, null, null, null, null);
INSERT INTO `act_hi_procinst` VALUES ('4c98b610-466d-11ee-a6f0-601895569a42', '1', '4c98b610-466d-11ee-a6f0-601895569a42', null, 'Process_1693314311374:1:f9671a70-466c-11ee-a6f0-601895569a42', '2023-08-29 21:09:34.552', null, null, '1', 'Event_0xabok4', null, null, null, '', null, null, null, null, null, null, null);
INSERT INTO `act_hi_procinst` VALUES ('51282bb8-5129-11ee-b005-601895569a42', '2', '51282bb8-5129-11ee-b005-601895569a42', null, 'Process_1693274676504:4:2d22951f-5079-11ee-9a8a-601895569a42', '2023-09-12 13:00:39.216', '2023-09-14 09:58:48.626', '161889410', '1', 'Event_0gt7djs', 'Event_1u94z39', null, null, '', null, null, null, null, null, null, null);
INSERT INTO `act_hi_procinst` VALUES ('ef97592d-462d-11ee-b58f-601895569a42', '2', 'ef97592d-462d-11ee-b58f-601895569a42', null, 'Process_1693274676504:2:e96d6fdc-462d-11ee-b58f-601895569a42', '2023-08-29 13:36:00.221', '2023-08-29 13:39:10.564', '190343', '1696394822808862721', 'Event_0gt7djs', 'Event_1u94z39', null, null, '', null, null, null, null, null, null, null);
INSERT INTO `act_hi_procinst` VALUES ('f1d2d4ea-462e-11ee-b58f-601895569a42', '1', 'f1d2d4ea-462e-11ee-b58f-601895569a42', null, 'Process_1693274676504:2:e96d6fdc-462d-11ee-b58f-601895569a42', '2023-08-29 13:43:13.463', null, null, '1', 'Event_0gt7djs', null, null, null, '', null, null, null, null, null, null, null);

-- ----------------------------
-- Table structure for act_hi_taskinst
-- ----------------------------
DROP TABLE IF EXISTS `act_hi_taskinst`;
CREATE TABLE `act_hi_taskinst` (
  `ID_` varchar(64) COLLATE utf8_bin NOT NULL,
  `REV_` int(11) DEFAULT '1',
  `PROC_DEF_ID_` varchar(64) COLLATE utf8_bin DEFAULT NULL,
  `TASK_DEF_ID_` varchar(64) COLLATE utf8_bin DEFAULT NULL,
  `TASK_DEF_KEY_` varchar(255) COLLATE utf8_bin DEFAULT NULL,
  `PROC_INST_ID_` varchar(64) COLLATE utf8_bin DEFAULT NULL,
  `EXECUTION_ID_` varchar(64) COLLATE utf8_bin DEFAULT NULL,
  `SCOPE_ID_` varchar(255) COLLATE utf8_bin DEFAULT NULL,
  `SUB_SCOPE_ID_` varchar(255) COLLATE utf8_bin DEFAULT NULL,
  `SCOPE_TYPE_` varchar(255) COLLATE utf8_bin DEFAULT NULL,
  `SCOPE_DEFINITION_ID_` varchar(255) COLLATE utf8_bin DEFAULT NULL,
  `PROPAGATED_STAGE_INST_ID_` varchar(255) COLLATE utf8_bin DEFAULT NULL,
  `NAME_` varchar(255) COLLATE utf8_bin DEFAULT NULL,
  `PARENT_TASK_ID_` varchar(64) COLLATE utf8_bin DEFAULT NULL,
  `DESCRIPTION_` varchar(4000) COLLATE utf8_bin DEFAULT NULL,
  `OWNER_` varchar(255) COLLATE utf8_bin DEFAULT NULL,
  `ASSIGNEE_` varchar(255) COLLATE utf8_bin DEFAULT NULL,
  `START_TIME_` datetime(3) NOT NULL,
  `CLAIM_TIME_` datetime(3) DEFAULT NULL,
  `END_TIME_` datetime(3) DEFAULT NULL,
  `DURATION_` bigint(20) DEFAULT NULL,
  `DELETE_REASON_` varchar(4000) COLLATE utf8_bin DEFAULT NULL,
  `PRIORITY_` int(11) DEFAULT NULL,
  `DUE_DATE_` datetime(3) DEFAULT NULL,
  `FORM_KEY_` varchar(255) COLLATE utf8_bin DEFAULT NULL,
  `CATEGORY_` varchar(255) COLLATE utf8_bin DEFAULT NULL,
  `TENANT_ID_` varchar(255) COLLATE utf8_bin DEFAULT '',
  `LAST_UPDATED_TIME_` datetime(3) DEFAULT NULL,
  PRIMARY KEY (`ID_`),
  KEY `ACT_IDX_HI_TASK_SCOPE` (`SCOPE_ID_`,`SCOPE_TYPE_`),
  KEY `ACT_IDX_HI_TASK_SUB_SCOPE` (`SUB_SCOPE_ID_`,`SCOPE_TYPE_`),
  KEY `ACT_IDX_HI_TASK_SCOPE_DEF` (`SCOPE_DEFINITION_ID_`,`SCOPE_TYPE_`),
  KEY `ACT_IDX_HI_TASK_INST_PROCINST` (`PROC_INST_ID_`)
) ENGINE=InnoDB DEFAULT CHARSET=utf8 COLLATE=utf8_bin;

-- ----------------------------
-- Records of act_hi_taskinst
-- ----------------------------
INSERT INTO `act_hi_taskinst` VALUES ('026cd81d-4611-11ee-bc76-601895569a42', '2', 'Process_1693274676504:1:a7f2c3e0-4610-11ee-bc76-601895569a42', null, 'Activity_13yamhx', '0263fe71-4611-11ee-bc76-601895569a42', '02666f79-4611-11ee-bc76-601895569a42', null, null, null, null, null, null, null, null, null, '1', '2023-08-29 10:08:56.399', null, '2023-08-29 10:08:56.602', '203', null, '50', null, null, null, '', '2023-08-29 10:08:56.602');
INSERT INTO `act_hi_taskinst` VALUES ('028b3594-4611-11ee-bc76-601895569a42', '2', 'Process_1693274676504:1:a7f2c3e0-4610-11ee-bc76-601895569a42', null, 'Activity_1y9h5oh', '0263fe71-4611-11ee-bc76-601895569a42', '02666f79-4611-11ee-bc76-601895569a42', null, null, null, null, null, null, null, null, null, '1', '2023-08-29 10:08:56.613', null, '2023-08-29 13:30:46.762', '12110149', null, '50', null, null, null, '', '2023-08-29 13:30:46.762');
INSERT INTO `act_hi_taskinst` VALUES ('0383e8db-466d-11ee-a6f0-601895569a42', '2', 'Process_1693314311374:1:f9671a70-466c-11ee-a6f0-601895569a42', null, 'Activity_0omrlnq', '038177d1-466d-11ee-a6f0-601895569a42', '03821417-466d-11ee-a6f0-601895569a42', null, null, null, null, null, null, null, null, null, '1', '2023-08-29 21:07:31.938', null, '2023-08-29 21:07:32.093', '155', null, '50', null, null, null, '', '2023-08-29 21:07:32.093');
INSERT INTO `act_hi_taskinst` VALUES ('039b8f92-466d-11ee-a6f0-601895569a42', '2', 'Process_1693314311374:1:f9671a70-466c-11ee-a6f0-601895569a42', null, 'Activity_08qmmuf', '038177d1-466d-11ee-a6f0-601895569a42', '03821417-466d-11ee-a6f0-601895569a42', null, null, null, null, null, null, null, null, null, '1', '2023-08-29 21:07:32.097', null, '2023-08-29 21:07:41.819', '9722', null, '50', null, null, null, '', '2023-08-29 21:07:41.819');
INSERT INTO `act_hi_taskinst` VALUES ('09694f2a-466d-11ee-a6f0-601895569a42', '2', 'Process_1693314311374:1:f9671a70-466c-11ee-a6f0-601895569a42', null, 'Activity_0h4ho0x', '038177d1-466d-11ee-a6f0-601895569a42', '09694f27-466d-11ee-a6f0-601895569a42', null, null, null, null, null, null, null, null, null, '1', '2023-08-29 21:07:41.834', null, '2023-08-29 21:08:42.517', '60683', null, '50', null, null, null, '', '2023-08-29 21:08:42.517');
INSERT INTO `act_hi_taskinst` VALUES ('0dad11e4-462e-11ee-b58f-601895569a42', '2', 'Process_1693274676504:2:e96d6fdc-462d-11ee-b58f-601895569a42', null, 'Activity_19mgb4c', 'ef97592d-462d-11ee-b58f-601895569a42', 'ef978043-462d-11ee-b58f-601895569a42', null, null, null, null, null, null, null, null, null, '2', '2023-08-29 13:36:50.695', null, '2023-08-29 13:39:10.549', '139854', null, '50', null, null, null, '', '2023-08-29 13:39:10.549');
INSERT INTO `act_hi_taskinst` VALUES ('12a05137-52a2-11ee-8f19-601895569a42', '2', 'Process_1693274676504:4:2d22951f-5079-11ee-9a8a-601895569a42', null, 'Activity_19mgb4c', '51282bb8-5129-11ee-b005-601895569a42', '5130de52-5129-11ee-b005-601895569a42', null, null, null, null, null, null, null, null, null, '2', '2023-09-14 09:57:34.569', null, '2023-09-14 09:58:48.295', '73726', null, '50', null, null, null, '', '2023-09-14 09:58:48.295');
INSERT INTO `act_hi_taskinst` VALUES ('34c4a84e-462d-11ee-b58f-601895569a42', '3', 'Process_1693274676504:1:a7f2c3e0-4610-11ee-bc76-601895569a42', null, 'Activity_19mgb4c', '0263fe71-4611-11ee-bc76-601895569a42', '02666f79-4611-11ee-bc76-601895569a42', null, null, null, null, null, null, null, null, null, '1696394822808862721', '2023-08-29 13:30:46.783', null, '2023-08-29 13:33:05.666', '138883', null, '50', null, null, null, '', '2023-08-29 13:33:05.666');
INSERT INTO `act_hi_taskinst` VALUES ('4c98b61a-466d-11ee-a6f0-601895569a42', '2', 'Process_1693314311374:1:f9671a70-466c-11ee-a6f0-601895569a42', null, 'Activity_0omrlnq', '4c98b610-466d-11ee-a6f0-601895569a42', '4c98b616-466d-11ee-a6f0-601895569a42', null, null, null, null, null, null, null, null, null, '1', '2023-08-29 21:09:34.552', null, '2023-08-29 21:09:34.807', '255', null, '50', null, null, null, '', '2023-08-29 21:09:34.807');
INSERT INTO `act_hi_taskinst` VALUES ('4cc03b51-466d-11ee-a6f0-601895569a42', '2', 'Process_1693314311374:1:f9671a70-466c-11ee-a6f0-601895569a42', null, 'Activity_08qmmuf', '4c98b610-466d-11ee-a6f0-601895569a42', '4c98b616-466d-11ee-a6f0-601895569a42', null, null, null, null, null, null, null, null, null, '1', '2023-08-29 21:09:34.811', null, '2023-08-29 21:09:54.532', '19721', null, '50', null, null, null, '', '2023-08-29 21:09:54.532');
INSERT INTO `act_hi_taskinst` VALUES ('5134fd06-5129-11ee-b005-601895569a42', '2', 'Process_1693274676504:4:2d22951f-5079-11ee-9a8a-601895569a42', null, 'Activity_13yamhx', '51282bb8-5129-11ee-b005-601895569a42', '5130de52-5129-11ee-b005-601895569a42', null, null, null, null, null, null, null, null, null, '1', '2023-09-12 13:00:39.295', null, '2023-09-12 13:00:40.245', '950', null, '50', null, null, null, '', '2023-09-12 13:00:40.245');
INSERT INTO `act_hi_taskinst` VALUES ('51c7790d-5129-11ee-b005-601895569a42', '2', 'Process_1693274676504:4:2d22951f-5079-11ee-9a8a-601895569a42', null, 'Activity_1y9h5oh', '51282bb8-5129-11ee-b005-601895569a42', '5130de52-5129-11ee-b005-601895569a42', null, null, null, null, null, null, null, null, null, '1', '2023-09-12 13:00:40.260', null, '2023-09-14 09:57:34.445', '161814185', null, '50', null, null, null, '', '2023-09-14 09:57:34.445');
INSERT INTO `act_hi_taskinst` VALUES ('58822e3a-466d-11ee-a6f0-601895569a42', '2', 'Process_1693314311374:1:f9671a70-466c-11ee-a6f0-601895569a42', null, 'Activity_0h4ho0x', '4c98b610-466d-11ee-a6f0-601895569a42', '58822e37-466d-11ee-a6f0-601895569a42', null, null, null, null, null, null, null, null, null, '1696394822808862721', '2023-08-29 21:09:54.537', null, null, null, null, '50', null, null, null, '', '2023-08-29 21:09:54.607');
INSERT INTO `act_hi_taskinst` VALUES ('ef97a757-462d-11ee-b58f-601895569a42', '2', 'Process_1693274676504:2:e96d6fdc-462d-11ee-b58f-601895569a42', null, 'Activity_13yamhx', 'ef97592d-462d-11ee-b58f-601895569a42', 'ef978043-462d-11ee-b58f-601895569a42', null, null, null, null, null, null, null, null, null, '1696394822808862721', '2023-08-29 13:36:00.223', null, '2023-08-29 13:36:00.268', '45', null, '50', null, null, null, '', '2023-08-29 13:36:00.268');
INSERT INTO `act_hi_taskinst` VALUES ('ef9f216e-462d-11ee-b58f-601895569a42', '2', 'Process_1693274676504:2:e96d6fdc-462d-11ee-b58f-601895569a42', null, 'Activity_1y9h5oh', 'ef97592d-462d-11ee-b58f-601895569a42', 'ef978043-462d-11ee-b58f-601895569a42', null, null, null, null, null, null, null, null, null, '1', '2023-08-29 13:36:00.272', null, '2023-08-29 13:36:50.691', '50419', null, '50', null, null, null, '', '2023-08-29 13:36:50.691');
INSERT INTO `act_hi_taskinst` VALUES ('f1d32314-462e-11ee-b58f-601895569a42', '2', 'Process_1693274676504:2:e96d6fdc-462d-11ee-b58f-601895569a42', null, 'Activity_13yamhx', 'f1d2d4ea-462e-11ee-b58f-601895569a42', 'f1d2fc00-462e-11ee-b58f-601895569a42', null, null, null, null, null, null, null, null, null, '1', '2023-08-29 13:43:13.465', null, '2023-08-29 13:43:13.496', '31', null, '50', null, null, null, '', '2023-08-29 13:43:13.496');
INSERT INTO `act_hi_taskinst` VALUES ('f1d8533b-462e-11ee-b58f-601895569a42', '2', 'Process_1693274676504:2:e96d6fdc-462d-11ee-b58f-601895569a42', null, 'Activity_1y9h5oh', 'f1d2d4ea-462e-11ee-b58f-601895569a42', 'f1d2fc00-462e-11ee-b58f-601895569a42', null, null, null, null, null, null, null, null, null, '1', '2023-08-29 13:43:13.499', null, '2023-08-29 13:43:29.781', '16282', null, '50', null, null, null, '', '2023-08-29 13:43:29.781');
INSERT INTO `act_hi_taskinst` VALUES ('fb8d3811-462e-11ee-b58f-601895569a42', '2', 'Process_1693274676504:2:e96d6fdc-462d-11ee-b58f-601895569a42', null, 'Activity_19mgb4c', 'f1d2d4ea-462e-11ee-b58f-601895569a42', 'f1d2fc00-462e-11ee-b58f-601895569a42', null, null, null, null, null, null, null, null, null, '1696394822808862721', '2023-08-29 13:43:29.784', null, null, null, null, '50', null, null, null, '', '2023-08-29 13:43:29.801');

-- ----------------------------
-- Table structure for act_hi_tsk_log
-- ----------------------------
DROP TABLE IF EXISTS `act_hi_tsk_log`;
CREATE TABLE `act_hi_tsk_log` (
  `ID_` bigint(20) NOT NULL AUTO_INCREMENT,
  `TYPE_` varchar(64) COLLATE utf8_bin DEFAULT NULL,
  `TASK_ID_` varchar(64) COLLATE utf8_bin NOT NULL,
  `TIME_STAMP_` timestamp(3) NOT NULL DEFAULT CURRENT_TIMESTAMP(3) ON UPDATE CURRENT_TIMESTAMP(3),
  `USER_ID_` varchar(255) COLLATE utf8_bin DEFAULT NULL,
  `DATA_` varchar(4000) COLLATE utf8_bin DEFAULT NULL,
  `EXECUTION_ID_` varchar(64) COLLATE utf8_bin DEFAULT NULL,
  `PROC_INST_ID_` varchar(64) COLLATE utf8_bin DEFAULT NULL,
  `PROC_DEF_ID_` varchar(64) COLLATE utf8_bin DEFAULT NULL,
  `SCOPE_ID_` varchar(255) COLLATE utf8_bin DEFAULT NULL,
  `SCOPE_DEFINITION_ID_` varchar(255) COLLATE utf8_bin DEFAULT NULL,
  `SUB_SCOPE_ID_` varchar(255) COLLATE utf8_bin DEFAULT NULL,
  `SCOPE_TYPE_` varchar(255) COLLATE utf8_bin DEFAULT NULL,
  `TENANT_ID_` varchar(255) COLLATE utf8_bin DEFAULT '',
  PRIMARY KEY (`ID_`)
) ENGINE=InnoDB DEFAULT CHARSET=utf8 COLLATE=utf8_bin;

-- ----------------------------
-- Records of act_hi_tsk_log
-- ----------------------------

-- ----------------------------
-- Table structure for act_hi_varinst
-- ----------------------------
DROP TABLE IF EXISTS `act_hi_varinst`;
CREATE TABLE `act_hi_varinst` (
  `ID_` varchar(64) COLLATE utf8_bin NOT NULL,
  `REV_` int(11) DEFAULT '1',
  `PROC_INST_ID_` varchar(64) COLLATE utf8_bin DEFAULT NULL,
  `EXECUTION_ID_` varchar(64) COLLATE utf8_bin DEFAULT NULL,
  `TASK_ID_` varchar(64) COLLATE utf8_bin DEFAULT NULL,
  `NAME_` varchar(255) COLLATE utf8_bin NOT NULL,
  `VAR_TYPE_` varchar(100) COLLATE utf8_bin DEFAULT NULL,
  `SCOPE_ID_` varchar(255) COLLATE utf8_bin DEFAULT NULL,
  `SUB_SCOPE_ID_` varchar(255) COLLATE utf8_bin DEFAULT NULL,
  `SCOPE_TYPE_` varchar(255) COLLATE utf8_bin DEFAULT NULL,
  `BYTEARRAY_ID_` varchar(64) COLLATE utf8_bin DEFAULT NULL,
  `DOUBLE_` double DEFAULT NULL,
  `LONG_` bigint(20) DEFAULT NULL,
  `TEXT_` varchar(4000) COLLATE utf8_bin DEFAULT NULL,
  `TEXT2_` varchar(4000) COLLATE utf8_bin DEFAULT NULL,
  `CREATE_TIME_` datetime(3) DEFAULT NULL,
  `LAST_UPDATED_TIME_` datetime(3) DEFAULT NULL,
  PRIMARY KEY (`ID_`),
  KEY `ACT_IDX_HI_PROCVAR_NAME_TYPE` (`NAME_`,`VAR_TYPE_`),
  KEY `ACT_IDX_HI_VAR_SCOPE_ID_TYPE` (`SCOPE_ID_`,`SCOPE_TYPE_`),
  KEY `ACT_IDX_HI_VAR_SUB_ID_TYPE` (`SUB_SCOPE_ID_`,`SCOPE_TYPE_`),
  KEY `ACT_IDX_HI_PROCVAR_PROC_INST` (`PROC_INST_ID_`),
  KEY `ACT_IDX_HI_PROCVAR_TASK_ID` (`TASK_ID_`),
  KEY `ACT_IDX_HI_PROCVAR_EXE` (`EXECUTION_ID_`)
) ENGINE=InnoDB DEFAULT CHARSET=utf8 COLLATE=utf8_bin;

-- ----------------------------
-- Records of act_hi_varinst
-- ----------------------------
INSERT INTO `act_hi_varinst` VALUES ('026473a3-4611-11ee-bc76-601895569a42', '1', '0263fe71-4611-11ee-bc76-601895569a42', '0263fe71-4611-11ee-bc76-601895569a42', null, 'field101', 'string', null, null, null, null, null, null, '第三方第三方', null, '2023-08-29 10:08:56.362', '2023-08-29 10:08:56.591');
INSERT INTO `act_hi_varinst` VALUES ('02664865-4611-11ee-bc76-601895569a42', '1', '0263fe71-4611-11ee-bc76-601895569a42', '0263fe71-4611-11ee-bc76-601895569a42', null, 'field102', 'serializable', null, null, null, '02664866-4611-11ee-bc76-601895569a42', null, null, null, null, '2023-08-29 10:08:56.371', '2023-08-29 10:08:56.595');
INSERT INTO `act_hi_varinst` VALUES ('02666f77-4611-11ee-bc76-601895569a42', '1', '0263fe71-4611-11ee-bc76-601895569a42', '0263fe71-4611-11ee-bc76-601895569a42', null, 'initiator', 'string', null, null, null, null, null, null, '1', null, '2023-08-29 10:08:56.372', '2023-08-29 10:08:56.597');
INSERT INTO `act_hi_varinst` VALUES ('02666f78-4611-11ee-bc76-601895569a42', '2', '0263fe71-4611-11ee-bc76-601895569a42', '0263fe71-4611-11ee-bc76-601895569a42', null, 'processStatus', 'string', null, null, null, null, null, null, 'completed', null, '2023-08-29 10:08:56.372', '2023-08-29 13:33:05.752');
INSERT INTO `act_hi_varinst` VALUES ('0381c5f3-466d-11ee-a6f0-601895569a42', '1', '038177d1-466d-11ee-a6f0-601895569a42', '038177d1-466d-11ee-a6f0-601895569a42', null, 'field101', 'string', null, null, null, null, null, null, '是对方是否', null, '2023-08-29 21:07:31.929', '2023-08-29 21:07:32.089');
INSERT INTO `act_hi_varinst` VALUES ('0381ed04-466d-11ee-a6f0-601895569a42', '1', '038177d1-466d-11ee-a6f0-601895569a42', '038177d1-466d-11ee-a6f0-601895569a42', null, 'field102', 'null', null, null, null, null, null, null, null, null, '2023-08-29 21:07:31.929', '2023-08-29 21:07:32.090');
INSERT INTO `act_hi_varinst` VALUES ('0381ed05-466d-11ee-a6f0-601895569a42', '1', '038177d1-466d-11ee-a6f0-601895569a42', '038177d1-466d-11ee-a6f0-601895569a42', null, 'initiator', 'string', null, null, null, null, null, null, '1', null, '2023-08-29 21:07:31.929', '2023-08-29 21:07:32.091');
INSERT INTO `act_hi_varinst` VALUES ('0381ed06-466d-11ee-a6f0-601895569a42', '2', '038177d1-466d-11ee-a6f0-601895569a42', '038177d1-466d-11ee-a6f0-601895569a42', null, 'processStatus', 'string', null, null, null, null, null, null, 'completed', null, '2023-08-29 21:07:31.929', '2023-08-29 21:08:42.633');
INSERT INTO `act_hi_varinst` VALUES ('4c98b612-466d-11ee-a6f0-601895569a42', '1', '4c98b610-466d-11ee-a6f0-601895569a42', '4c98b610-466d-11ee-a6f0-601895569a42', null, 'field101', 'string', null, null, null, null, null, null, '第三方付', null, '2023-08-29 21:09:34.552', '2023-08-29 21:09:34.804');
INSERT INTO `act_hi_varinst` VALUES ('4c98b613-466d-11ee-a6f0-601895569a42', '1', '4c98b610-466d-11ee-a6f0-601895569a42', '4c98b610-466d-11ee-a6f0-601895569a42', null, 'field102', 'null', null, null, null, null, null, null, null, null, '2023-08-29 21:09:34.552', '2023-08-29 21:09:34.805');
INSERT INTO `act_hi_varinst` VALUES ('4c98b614-466d-11ee-a6f0-601895569a42', '1', '4c98b610-466d-11ee-a6f0-601895569a42', '4c98b610-466d-11ee-a6f0-601895569a42', null, 'initiator', 'string', null, null, null, null, null, null, '1', null, '2023-08-29 21:09:34.552', '2023-08-29 21:09:34.806');
INSERT INTO `act_hi_varinst` VALUES ('4c98b615-466d-11ee-a6f0-601895569a42', '1', '4c98b610-466d-11ee-a6f0-601895569a42', '4c98b610-466d-11ee-a6f0-601895569a42', null, 'processStatus', 'string', null, null, null, null, null, null, 'running', null, '2023-08-29 21:09:34.552', '2023-08-29 21:09:34.806');
INSERT INTO `act_hi_varinst` VALUES ('512d82ea-5129-11ee-b005-601895569a42', '1', '51282bb8-5129-11ee-b005-601895569a42', '51282bb8-5129-11ee-b005-601895569a42', null, 'fd_1694337626863', 'string', null, null, null, null, null, null, '神鼎飞丹砂', null, '2023-09-12 13:00:39.257', '2023-09-12 13:00:40.222');
INSERT INTO `act_hi_varinst` VALUES ('512e945b-5129-11ee-b005-601895569a42', '1', '51282bb8-5129-11ee-b005-601895569a42', '51282bb8-5129-11ee-b005-601895569a42', null, 'fd_1694337627946', 'string', null, null, null, null, null, null, '2023-09-12', null, '2023-09-12 13:00:39.258', '2023-09-12 13:00:40.224');
INSERT INTO `act_hi_varinst` VALUES ('512e945c-5129-11ee-b005-601895569a42', '1', '51282bb8-5129-11ee-b005-601895569a42', '51282bb8-5129-11ee-b005-601895569a42', null, 'fd_1694419039887', 'string', null, null, null, null, null, null, '[{\"name\":\"erp_goods_saleprop_20230912125547A004.xls\",\"url\":\"/profile/upload/2023/09/12/erp_goods_saleprop_20230912125547A004.xls\"}]', null, '2023-09-12 13:00:39.258', '2023-09-12 13:00:40.226');
INSERT INTO `act_hi_varinst` VALUES ('5130b73e-5129-11ee-b005-601895569a42', '1', '51282bb8-5129-11ee-b005-601895569a42', '51282bb8-5129-11ee-b005-601895569a42', null, 'variables', 'serializable', null, null, null, '5130de4f-5129-11ee-b005-601895569a42', null, null, null, null, '2023-09-12 13:00:39.272', '2023-09-12 13:00:40.231');
INSERT INTO `act_hi_varinst` VALUES ('5130de50-5129-11ee-b005-601895569a42', '1', '51282bb8-5129-11ee-b005-601895569a42', '51282bb8-5129-11ee-b005-601895569a42', null, 'initiator', 'string', null, null, null, null, null, null, '1', null, '2023-09-12 13:00:39.273', '2023-09-12 13:00:40.237');
INSERT INTO `act_hi_varinst` VALUES ('5130de51-5129-11ee-b005-601895569a42', '2', '51282bb8-5129-11ee-b005-601895569a42', '51282bb8-5129-11ee-b005-601895569a42', null, 'processStatus', 'string', null, null, null, null, null, null, 'completed', null, '2023-09-12 13:00:39.273', '2023-09-14 09:58:48.610');
INSERT INTO `act_hi_varinst` VALUES ('ef97592f-462d-11ee-b58f-601895569a42', '1', 'ef97592d-462d-11ee-b58f-601895569a42', 'ef97592d-462d-11ee-b58f-601895569a42', null, 'field101', 'string', null, null, null, null, null, null, 'dfgfdg', null, '2023-08-29 13:36:00.221', '2023-08-29 13:36:00.264');
INSERT INTO `act_hi_varinst` VALUES ('ef978040-462d-11ee-b58f-601895569a42', '1', 'ef97592d-462d-11ee-b58f-601895569a42', 'ef97592d-462d-11ee-b58f-601895569a42', null, 'field102', 'null', null, null, null, null, null, null, null, null, '2023-08-29 13:36:00.222', '2023-08-29 13:36:00.264');
INSERT INTO `act_hi_varinst` VALUES ('ef978041-462d-11ee-b58f-601895569a42', '1', 'ef97592d-462d-11ee-b58f-601895569a42', 'ef97592d-462d-11ee-b58f-601895569a42', null, 'initiator', 'string', null, null, null, null, null, null, '1696394822808862721', null, '2023-08-29 13:36:00.222', '2023-08-29 13:36:00.265');
INSERT INTO `act_hi_varinst` VALUES ('ef978042-462d-11ee-b58f-601895569a42', '2', 'ef97592d-462d-11ee-b58f-601895569a42', 'ef97592d-462d-11ee-b58f-601895569a42', null, 'processStatus', 'string', null, null, null, null, null, null, 'completed', null, '2023-08-29 13:36:00.222', '2023-08-29 13:39:10.563');
INSERT INTO `act_hi_varinst` VALUES ('f1d2d4ec-462e-11ee-b58f-601895569a42', '1', 'f1d2d4ea-462e-11ee-b58f-601895569a42', 'f1d2d4ea-462e-11ee-b58f-601895569a42', null, 'field101', 'string', null, null, null, null, null, null, '的舒服舒服', null, '2023-08-29 13:43:13.463', '2023-08-29 13:43:13.494');
INSERT INTO `act_hi_varinst` VALUES ('f1d2d4ed-462e-11ee-b58f-601895569a42', '1', 'f1d2d4ea-462e-11ee-b58f-601895569a42', 'f1d2d4ea-462e-11ee-b58f-601895569a42', null, 'field102', 'null', null, null, null, null, null, null, null, null, '2023-08-29 13:43:13.463', '2023-08-29 13:43:13.494');
INSERT INTO `act_hi_varinst` VALUES ('f1d2d4ee-462e-11ee-b58f-601895569a42', '1', 'f1d2d4ea-462e-11ee-b58f-601895569a42', 'f1d2d4ea-462e-11ee-b58f-601895569a42', null, 'initiator', 'string', null, null, null, null, null, null, '1', null, '2023-08-29 13:43:13.463', '2023-08-29 13:43:13.494');
INSERT INTO `act_hi_varinst` VALUES ('f1d2d4ef-462e-11ee-b58f-601895569a42', '1', 'f1d2d4ea-462e-11ee-b58f-601895569a42', 'f1d2d4ea-462e-11ee-b58f-601895569a42', null, 'processStatus', 'string', null, null, null, null, null, null, 'running', null, '2023-08-29 13:43:13.464', '2023-08-29 13:43:13.495');

-- ----------------------------
-- Table structure for act_id_bytearray
-- ----------------------------
DROP TABLE IF EXISTS `act_id_bytearray`;
CREATE TABLE `act_id_bytearray` (
  `ID_` varchar(64) COLLATE utf8_bin NOT NULL,
  `REV_` int(11) DEFAULT NULL,
  `NAME_` varchar(255) COLLATE utf8_bin DEFAULT NULL,
  `BYTES_` longblob,
  PRIMARY KEY (`ID_`)
) ENGINE=InnoDB DEFAULT CHARSET=utf8 COLLATE=utf8_bin;

-- ----------------------------
-- Records of act_id_bytearray
-- ----------------------------

-- ----------------------------
-- Table structure for act_id_group
-- ----------------------------
DROP TABLE IF EXISTS `act_id_group`;
CREATE TABLE `act_id_group` (
  `ID_` varchar(64) COLLATE utf8_bin NOT NULL,
  `REV_` int(11) DEFAULT NULL,
  `NAME_` varchar(255) COLLATE utf8_bin DEFAULT NULL,
  `TYPE_` varchar(255) COLLATE utf8_bin DEFAULT NULL,
  PRIMARY KEY (`ID_`)
) ENGINE=InnoDB DEFAULT CHARSET=utf8 COLLATE=utf8_bin;

-- ----------------------------
-- Records of act_id_group
-- ----------------------------

-- ----------------------------
-- Table structure for act_id_info
-- ----------------------------
DROP TABLE IF EXISTS `act_id_info`;
CREATE TABLE `act_id_info` (
  `ID_` varchar(64) COLLATE utf8_bin NOT NULL,
  `REV_` int(11) DEFAULT NULL,
  `USER_ID_` varchar(64) COLLATE utf8_bin DEFAULT NULL,
  `TYPE_` varchar(64) COLLATE utf8_bin DEFAULT NULL,
  `KEY_` varchar(255) COLLATE utf8_bin DEFAULT NULL,
  `VALUE_` varchar(255) COLLATE utf8_bin DEFAULT NULL,
  `PASSWORD_` longblob,
  `PARENT_ID_` varchar(255) COLLATE utf8_bin DEFAULT NULL,
  PRIMARY KEY (`ID_`)
) ENGINE=InnoDB DEFAULT CHARSET=utf8 COLLATE=utf8_bin;

-- ----------------------------
-- Records of act_id_info
-- ----------------------------

-- ----------------------------
-- Table structure for act_id_membership
-- ----------------------------
DROP TABLE IF EXISTS `act_id_membership`;
CREATE TABLE `act_id_membership` (
  `USER_ID_` varchar(64) COLLATE utf8_bin NOT NULL,
  `GROUP_ID_` varchar(64) COLLATE utf8_bin NOT NULL,
  PRIMARY KEY (`USER_ID_`,`GROUP_ID_`),
  KEY `ACT_FK_MEMB_GROUP` (`GROUP_ID_`),
  CONSTRAINT `ACT_FK_MEMB_GROUP` FOREIGN KEY (`GROUP_ID_`) REFERENCES `act_id_group` (`ID_`),
  CONSTRAINT `ACT_FK_MEMB_USER` FOREIGN KEY (`USER_ID_`) REFERENCES `act_id_user` (`ID_`)
) ENGINE=InnoDB DEFAULT CHARSET=utf8 COLLATE=utf8_bin;

-- ----------------------------
-- Records of act_id_membership
-- ----------------------------

-- ----------------------------
-- Table structure for act_id_priv
-- ----------------------------
DROP TABLE IF EXISTS `act_id_priv`;
CREATE TABLE `act_id_priv` (
  `ID_` varchar(64) COLLATE utf8_bin NOT NULL,
  `NAME_` varchar(255) COLLATE utf8_bin NOT NULL,
  PRIMARY KEY (`ID_`),
  UNIQUE KEY `ACT_UNIQ_PRIV_NAME` (`NAME_`)
) ENGINE=InnoDB DEFAULT CHARSET=utf8 COLLATE=utf8_bin;

-- ----------------------------
-- Records of act_id_priv
-- ----------------------------

-- ----------------------------
-- Table structure for act_id_priv_mapping
-- ----------------------------
DROP TABLE IF EXISTS `act_id_priv_mapping`;
CREATE TABLE `act_id_priv_mapping` (
  `ID_` varchar(64) COLLATE utf8_bin NOT NULL,
  `PRIV_ID_` varchar(64) COLLATE utf8_bin NOT NULL,
  `USER_ID_` varchar(255) COLLATE utf8_bin DEFAULT NULL,
  `GROUP_ID_` varchar(255) COLLATE utf8_bin DEFAULT NULL,
  PRIMARY KEY (`ID_`),
  KEY `ACT_FK_PRIV_MAPPING` (`PRIV_ID_`),
  KEY `ACT_IDX_PRIV_USER` (`USER_ID_`),
  KEY `ACT_IDX_PRIV_GROUP` (`GROUP_ID_`),
  CONSTRAINT `ACT_FK_PRIV_MAPPING` FOREIGN KEY (`PRIV_ID_`) REFERENCES `act_id_priv` (`ID_`)
) ENGINE=InnoDB DEFAULT CHARSET=utf8 COLLATE=utf8_bin;

-- ----------------------------
-- Records of act_id_priv_mapping
-- ----------------------------

-- ----------------------------
-- Table structure for act_id_property
-- ----------------------------
DROP TABLE IF EXISTS `act_id_property`;
CREATE TABLE `act_id_property` (
  `NAME_` varchar(64) COLLATE utf8_bin NOT NULL,
  `VALUE_` varchar(300) COLLATE utf8_bin DEFAULT NULL,
  `REV_` int(11) DEFAULT NULL,
  PRIMARY KEY (`NAME_`)
) ENGINE=InnoDB DEFAULT CHARSET=utf8 COLLATE=utf8_bin;

-- ----------------------------
-- Records of act_id_property
-- ----------------------------
INSERT INTO `act_id_property` VALUES ('schema.version', '6.7.2.0', '1');

-- ----------------------------
-- Table structure for act_id_token
-- ----------------------------
DROP TABLE IF EXISTS `act_id_token`;
CREATE TABLE `act_id_token` (
  `ID_` varchar(64) COLLATE utf8_bin NOT NULL,
  `REV_` int(11) DEFAULT NULL,
  `TOKEN_VALUE_` varchar(255) COLLATE utf8_bin DEFAULT NULL,
  `TOKEN_DATE_` timestamp(3) NULL DEFAULT NULL,
  `IP_ADDRESS_` varchar(255) COLLATE utf8_bin DEFAULT NULL,
  `USER_AGENT_` varchar(255) COLLATE utf8_bin DEFAULT NULL,
  `USER_ID_` varchar(255) COLLATE utf8_bin DEFAULT NULL,
  `TOKEN_DATA_` varchar(2000) COLLATE utf8_bin DEFAULT NULL,
  PRIMARY KEY (`ID_`)
) ENGINE=InnoDB DEFAULT CHARSET=utf8 COLLATE=utf8_bin;

-- ----------------------------
-- Records of act_id_token
-- ----------------------------

-- ----------------------------
-- Table structure for act_id_user
-- ----------------------------
DROP TABLE IF EXISTS `act_id_user`;
CREATE TABLE `act_id_user` (
  `ID_` varchar(64) COLLATE utf8_bin NOT NULL,
  `REV_` int(11) DEFAULT NULL,
  `FIRST_` varchar(255) COLLATE utf8_bin DEFAULT NULL,
  `LAST_` varchar(255) COLLATE utf8_bin DEFAULT NULL,
  `DISPLAY_NAME_` varchar(255) COLLATE utf8_bin DEFAULT NULL,
  `EMAIL_` varchar(255) COLLATE utf8_bin DEFAULT NULL,
  `PWD_` varchar(255) COLLATE utf8_bin DEFAULT NULL,
  `PICTURE_ID_` varchar(64) COLLATE utf8_bin DEFAULT NULL,
  `TENANT_ID_` varchar(255) COLLATE utf8_bin DEFAULT '',
  PRIMARY KEY (`ID_`)
) ENGINE=InnoDB DEFAULT CHARSET=utf8 COLLATE=utf8_bin;

-- ----------------------------
-- Records of act_id_user
-- ----------------------------

-- ----------------------------
-- Table structure for act_procdef_info
-- ----------------------------
DROP TABLE IF EXISTS `act_procdef_info`;
CREATE TABLE `act_procdef_info` (
  `ID_` varchar(64) COLLATE utf8_bin NOT NULL,
  `PROC_DEF_ID_` varchar(64) COLLATE utf8_bin NOT NULL,
  `REV_` int(11) DEFAULT NULL,
  `INFO_JSON_ID_` varchar(64) COLLATE utf8_bin DEFAULT NULL,
  PRIMARY KEY (`ID_`),
  UNIQUE KEY `ACT_UNIQ_INFO_PROCDEF` (`PROC_DEF_ID_`),
  KEY `ACT_IDX_INFO_PROCDEF` (`PROC_DEF_ID_`),
  KEY `ACT_FK_INFO_JSON_BA` (`INFO_JSON_ID_`),
  CONSTRAINT `ACT_FK_INFO_JSON_BA` FOREIGN KEY (`INFO_JSON_ID_`) REFERENCES `act_ge_bytearray` (`ID_`),
  CONSTRAINT `ACT_FK_INFO_PROCDEF` FOREIGN KEY (`PROC_DEF_ID_`) REFERENCES `act_re_procdef` (`ID_`)
) ENGINE=InnoDB DEFAULT CHARSET=utf8 COLLATE=utf8_bin;

-- ----------------------------
-- Records of act_procdef_info
-- ----------------------------

-- ----------------------------
-- Table structure for act_re_deployment
-- ----------------------------
DROP TABLE IF EXISTS `act_re_deployment`;
CREATE TABLE `act_re_deployment` (
  `ID_` varchar(64) COLLATE utf8_bin NOT NULL,
  `NAME_` varchar(255) COLLATE utf8_bin DEFAULT NULL,
  `CATEGORY_` varchar(255) COLLATE utf8_bin DEFAULT NULL,
  `KEY_` varchar(255) COLLATE utf8_bin DEFAULT NULL,
  `TENANT_ID_` varchar(255) COLLATE utf8_bin DEFAULT '',
  `DEPLOY_TIME_` timestamp(3) NULL DEFAULT NULL,
  `DERIVED_FROM_` varchar(64) COLLATE utf8_bin DEFAULT NULL,
  `DERIVED_FROM_ROOT_` varchar(64) COLLATE utf8_bin DEFAULT NULL,
  `PARENT_DEPLOYMENT_ID_` varchar(255) COLLATE utf8_bin DEFAULT NULL,
  `ENGINE_VERSION_` varchar(255) COLLATE utf8_bin DEFAULT NULL,
  PRIMARY KEY (`ID_`)
) ENGINE=InnoDB DEFAULT CHARSET=utf8 COLLATE=utf8_bin;

-- ----------------------------
-- Records of act_re_deployment
-- ----------------------------
INSERT INTO `act_re_deployment` VALUES ('09d0ebd3-4fd1-11ee-8e54-601895569a42', '业务流程_测试动态指定审批人', 'celc', 'Process_1693314311374', '', '2023-09-10 19:56:12.651', null, null, '09d0ebd3-4fd1-11ee-8e54-601895569a42', null);
INSERT INTO `act_re_deployment` VALUES ('2be5813c-5079-11ee-9a8a-601895569a42', '业务流程_测试上传文件流程', 'celc', 'Process_1693274676504', '', '2023-09-11 15:59:45.279', null, null, '2be5813c-5079-11ee-9a8a-601895569a42', null);
INSERT INTO `act_re_deployment` VALUES ('5f23c0cd-506d-11ee-a346-601895569a42', '业务流程_测试上传文件流程', 'celc', 'Process_1693274676504', '', '2023-09-11 14:35:17.290', null, null, '5f23c0cd-506d-11ee-a346-601895569a42', null);
INSERT INTO `act_re_deployment` VALUES ('a692bead-4610-11ee-bc76-601895569a42', '业务流程_测试上传文件流程', 'celc', 'Process_1693274676504', '', '2023-08-29 10:06:22.312', null, null, 'a692bead-4610-11ee-bc76-601895569a42', null);
INSERT INTO `act_re_deployment` VALUES ('e82e3919-462d-11ee-b58f-601895569a42', '业务流程_测试上传文件流程', 'celc', 'Process_1693274676504', '', '2023-08-29 13:35:47.788', null, null, 'e82e3919-462d-11ee-b58f-601895569a42', null);
INSERT INTO `act_re_deployment` VALUES ('f78e89dd-466c-11ee-a6f0-601895569a42', '业务流程_测试动态指定审批人', 'celc', 'Process_1693314311374', '', '2023-08-29 21:07:11.879', null, null, 'f78e89dd-466c-11ee-a6f0-601895569a42', null);

-- ----------------------------
-- Table structure for act_re_model
-- ----------------------------
DROP TABLE IF EXISTS `act_re_model`;
CREATE TABLE `act_re_model` (
  `ID_` varchar(64) COLLATE utf8_bin NOT NULL,
  `REV_` int(11) DEFAULT NULL,
  `NAME_` varchar(255) COLLATE utf8_bin DEFAULT NULL,
  `KEY_` varchar(255) COLLATE utf8_bin DEFAULT NULL,
  `CATEGORY_` varchar(255) COLLATE utf8_bin DEFAULT NULL,
  `CREATE_TIME_` timestamp(3) NULL DEFAULT NULL,
  `LAST_UPDATE_TIME_` timestamp(3) NULL DEFAULT NULL,
  `VERSION_` int(11) DEFAULT NULL,
  `META_INFO_` varchar(4000) COLLATE utf8_bin DEFAULT NULL,
  `DEPLOYMENT_ID_` varchar(64) COLLATE utf8_bin DEFAULT NULL,
  `EDITOR_SOURCE_VALUE_ID_` varchar(64) COLLATE utf8_bin DEFAULT NULL,
  `EDITOR_SOURCE_EXTRA_VALUE_ID_` varchar(64) COLLATE utf8_bin DEFAULT NULL,
  `TENANT_ID_` varchar(255) COLLATE utf8_bin DEFAULT '',
  PRIMARY KEY (`ID_`),
  KEY `ACT_FK_MODEL_SOURCE` (`EDITOR_SOURCE_VALUE_ID_`),
  KEY `ACT_FK_MODEL_SOURCE_EXTRA` (`EDITOR_SOURCE_EXTRA_VALUE_ID_`),
  KEY `ACT_FK_MODEL_DEPLOYMENT` (`DEPLOYMENT_ID_`),
  CONSTRAINT `ACT_FK_MODEL_DEPLOYMENT` FOREIGN KEY (`DEPLOYMENT_ID_`) REFERENCES `act_re_deployment` (`ID_`),
  CONSTRAINT `ACT_FK_MODEL_SOURCE` FOREIGN KEY (`EDITOR_SOURCE_VALUE_ID_`) REFERENCES `act_ge_bytearray` (`ID_`),
  CONSTRAINT `ACT_FK_MODEL_SOURCE_EXTRA` FOREIGN KEY (`EDITOR_SOURCE_EXTRA_VALUE_ID_`) REFERENCES `act_ge_bytearray` (`ID_`)
) ENGINE=InnoDB DEFAULT CHARSET=utf8 COLLATE=utf8_bin;

-- ----------------------------
-- Records of act_re_model
-- ----------------------------
INSERT INTO `act_re_model` VALUES ('085c2621-4fd1-11ee-8e54-601895569a42', '2', '业务流程_测试动态指定审批人', 'Process_1693314311374', 'celc', '2023-09-10 19:56:10.180', '2023-09-10 19:56:10.279', '3', '{\"createUser\":null,\"description\":\"测试动态指定审批人\",\"formType\":null,\"formId\":null}', null, '0866fb92-4fd1-11ee-8e54-601895569a42', null, '');
INSERT INTO `act_re_model` VALUES ('2a3c16fa-5079-11ee-9a8a-601895569a42', '2', '业务流程_测试上传文件流程', 'Process_1693274676504', 'celc', '2023-09-11 15:59:42.491', '2023-09-11 15:59:42.500', '5', '{\"createUser\":null,\"description\":null,\"formType\":null,\"formId\":null}', null, '2a3d4f7b-5079-11ee-9a8a-601895569a42', null, '');
INSERT INTO `act_re_model` VALUES ('5cdbcc9b-506d-11ee-a346-601895569a42', '2', '业务流程_测试上传文件流程', 'Process_1693274676504', 'celc', '2023-09-11 14:35:13.462', '2023-09-11 14:35:13.472', '4', '{\"createUser\":null,\"description\":null,\"formType\":null,\"formId\":null}', null, '5cdd051c-506d-11ee-a346-601895569a42', null, '');
INSERT INTO `act_re_model` VALUES ('704f99da-4610-11ee-bc76-601895569a42', '1', '业务流程_测试上传文件流程', 'Process_1693274676504', 'celc', '2023-08-29 10:04:51.275', '2023-08-29 10:04:51.275', '1', '{\"createUser\":null,\"description\":null,\"formType\":null,\"formId\":null}', null, null, null, '');
INSERT INTO `act_re_model` VALUES ('a4d8165b-4610-11ee-bc76-601895569a42', '2', '业务流程_测试上传文件流程', 'Process_1693274676504', 'celc', '2023-08-29 10:06:19.411', '2023-08-29 10:06:19.422', '2', '{\"createUser\":null,\"description\":null,\"formType\":null,\"formId\":null}', null, 'a4d975ec-4610-11ee-bc76-601895569a42', null, '');
INSERT INTO `act_re_model` VALUES ('c00cca8a-466c-11ee-a6f0-601895569a42', '1', '业务流程_测试动态指定审批人', 'Process_1693314311374', 'celc', '2023-08-29 21:05:38.754', '2023-08-29 21:05:38.754', '1', '{\"createUser\":null,\"description\":\"测试动态指定审批人\",\"formType\":null,\"formId\":null}', null, null, null, '');
INSERT INTO `act_re_model` VALUES ('e6fe6ba7-462d-11ee-b58f-601895569a42', '2', '业务流程_测试上传文件流程', 'Process_1693274676504', 'celc', '2023-08-29 13:35:45.797', '2023-08-29 13:35:45.800', '3', '{\"createUser\":null,\"description\":null,\"formType\":null,\"formId\":null}', null, 'e6fee0d8-462d-11ee-b58f-601895569a42', null, '');
INSERT INTO `act_re_model` VALUES ('f4e7accb-466c-11ee-a6f0-601895569a42', '2', '业务流程_测试动态指定审批人', 'Process_1693314311374', 'celc', '2023-08-29 21:07:07.429', '2023-08-29 21:07:07.469', '2', '{\"createUser\":null,\"description\":\"测试动态指定审批人\",\"formType\":null,\"formId\":null}', null, 'f4ed792c-466c-11ee-a6f0-601895569a42', null, '');

-- ----------------------------
-- Table structure for act_re_procdef
-- ----------------------------
DROP TABLE IF EXISTS `act_re_procdef`;
CREATE TABLE `act_re_procdef` (
  `ID_` varchar(64) COLLATE utf8_bin NOT NULL,
  `REV_` int(11) DEFAULT NULL,
  `CATEGORY_` varchar(255) COLLATE utf8_bin DEFAULT NULL,
  `NAME_` varchar(255) COLLATE utf8_bin DEFAULT NULL,
  `KEY_` varchar(255) COLLATE utf8_bin NOT NULL,
  `VERSION_` int(11) NOT NULL,
  `DEPLOYMENT_ID_` varchar(64) COLLATE utf8_bin DEFAULT NULL,
  `RESOURCE_NAME_` varchar(4000) COLLATE utf8_bin DEFAULT NULL,
  `DGRM_RESOURCE_NAME_` varchar(4000) COLLATE utf8_bin DEFAULT NULL,
  `DESCRIPTION_` varchar(4000) COLLATE utf8_bin DEFAULT NULL,
  `HAS_START_FORM_KEY_` tinyint(4) DEFAULT NULL,
  `HAS_GRAPHICAL_NOTATION_` tinyint(4) DEFAULT NULL,
  `SUSPENSION_STATE_` int(11) DEFAULT NULL,
  `TENANT_ID_` varchar(255) COLLATE utf8_bin DEFAULT '',
  `ENGINE_VERSION_` varchar(255) COLLATE utf8_bin DEFAULT NULL,
  `DERIVED_FROM_` varchar(64) COLLATE utf8_bin DEFAULT NULL,
  `DERIVED_FROM_ROOT_` varchar(64) COLLATE utf8_bin DEFAULT NULL,
  `DERIVED_VERSION_` int(11) NOT NULL DEFAULT '0',
  PRIMARY KEY (`ID_`),
  UNIQUE KEY `ACT_UNIQ_PROCDEF` (`KEY_`,`VERSION_`,`DERIVED_VERSION_`,`TENANT_ID_`)
) ENGINE=InnoDB DEFAULT CHARSET=utf8 COLLATE=utf8_bin;

-- ----------------------------
-- Records of act_re_procdef
-- ----------------------------
INSERT INTO `act_re_procdef` VALUES ('Process_1693274676504:1:a7f2c3e0-4610-11ee-bc76-601895569a42', '2', 'celc', '业务流程_测试上传文件流程', 'Process_1693274676504', '1', 'a692bead-4610-11ee-bc76-601895569a42', '业务流程_测试上传文件流程.bpmn', '业务流程_测试上传文件流程.Process_1693274676504.png', null, '1', '1', '1', '', null, null, null, '0');
INSERT INTO `act_re_procdef` VALUES ('Process_1693274676504:2:e96d6fdc-462d-11ee-b58f-601895569a42', '2', 'celc', '业务流程_测试上传文件流程', 'Process_1693274676504', '2', 'e82e3919-462d-11ee-b58f-601895569a42', '业务流程_测试上传文件流程.bpmn', '业务流程_测试上传文件流程.Process_1693274676504.png', null, '1', '1', '1', '', null, null, null, '0');
INSERT INTO `act_re_procdef` VALUES ('Process_1693274676504:3:603afd30-506d-11ee-a346-601895569a42', '2', 'celc', '业务流程_测试上传文件流程', 'Process_1693274676504', '3', '5f23c0cd-506d-11ee-a346-601895569a42', '业务流程_测试上传文件流程.bpmn', '业务流程_测试上传文件流程.Process_1693274676504.png', null, '1', '1', '1', '', null, null, null, '0');
INSERT INTO `act_re_procdef` VALUES ('Process_1693274676504:4:2d22951f-5079-11ee-9a8a-601895569a42', '2', 'celc', '业务流程_测试上传文件流程', 'Process_1693274676504', '4', '2be5813c-5079-11ee-9a8a-601895569a42', '业务流程_测试上传文件流程.bpmn', '业务流程_测试上传文件流程.Process_1693274676504.png', null, '1', '1', '1', '', null, null, null, '0');
INSERT INTO `act_re_procdef` VALUES ('Process_1693314311374:1:f9671a70-466c-11ee-a6f0-601895569a42', '2', 'celc', '业务流程_测试动态指定审批人', 'Process_1693314311374', '1', 'f78e89dd-466c-11ee-a6f0-601895569a42', '业务流程_测试动态指定审批人.bpmn', '业务流程_测试动态指定审批人.Process_1693314311374.png', null, '1', '1', '1', '', null, null, null, '0');
INSERT INTO `act_re_procdef` VALUES ('Process_1693314311374:2:0b163d16-4fd1-11ee-8e54-601895569a42', '2', 'celc', '业务流程_测试动态指定审批人', 'Process_1693314311374', '2', '09d0ebd3-4fd1-11ee-8e54-601895569a42', '业务流程_测试动态指定审批人.bpmn', '业务流程_测试动态指定审批人.Process_1693314311374.png', null, '1', '1', '1', '', null, null, null, '0');

-- ----------------------------
-- Table structure for act_ru_actinst
-- ----------------------------
DROP TABLE IF EXISTS `act_ru_actinst`;
CREATE TABLE `act_ru_actinst` (
  `ID_` varchar(64) COLLATE utf8_bin NOT NULL,
  `REV_` int(11) DEFAULT '1',
  `PROC_DEF_ID_` varchar(64) COLLATE utf8_bin NOT NULL,
  `PROC_INST_ID_` varchar(64) COLLATE utf8_bin NOT NULL,
  `EXECUTION_ID_` varchar(64) COLLATE utf8_bin NOT NULL,
  `ACT_ID_` varchar(255) COLLATE utf8_bin NOT NULL,
  `TASK_ID_` varchar(64) COLLATE utf8_bin DEFAULT NULL,
  `CALL_PROC_INST_ID_` varchar(64) COLLATE utf8_bin DEFAULT NULL,
  `ACT_NAME_` varchar(255) COLLATE utf8_bin DEFAULT NULL,
  `ACT_TYPE_` varchar(255) COLLATE utf8_bin NOT NULL,
  `ASSIGNEE_` varchar(255) COLLATE utf8_bin DEFAULT NULL,
  `START_TIME_` datetime(3) NOT NULL,
  `END_TIME_` datetime(3) DEFAULT NULL,
  `DURATION_` bigint(20) DEFAULT NULL,
  `TRANSACTION_ORDER_` int(11) DEFAULT NULL,
  `DELETE_REASON_` varchar(4000) COLLATE utf8_bin DEFAULT NULL,
  `TENANT_ID_` varchar(255) COLLATE utf8_bin DEFAULT '',
  PRIMARY KEY (`ID_`),
  KEY `ACT_IDX_RU_ACTI_START` (`START_TIME_`),
  KEY `ACT_IDX_RU_ACTI_END` (`END_TIME_`),
  KEY `ACT_IDX_RU_ACTI_PROC` (`PROC_INST_ID_`),
  KEY `ACT_IDX_RU_ACTI_PROC_ACT` (`PROC_INST_ID_`,`ACT_ID_`),
  KEY `ACT_IDX_RU_ACTI_EXEC` (`EXECUTION_ID_`),
  KEY `ACT_IDX_RU_ACTI_EXEC_ACT` (`EXECUTION_ID_`,`ACT_ID_`),
  KEY `ACT_IDX_RU_ACTI_TASK` (`TASK_ID_`)
) ENGINE=InnoDB DEFAULT CHARSET=utf8 COLLATE=utf8_bin;

-- ----------------------------
-- Records of act_ru_actinst
-- ----------------------------
INSERT INTO `act_ru_actinst` VALUES ('4c98b617-466d-11ee-a6f0-601895569a42', '1', 'Process_1693314311374:1:f9671a70-466c-11ee-a6f0-601895569a42', '4c98b610-466d-11ee-a6f0-601895569a42', '4c98b616-466d-11ee-a6f0-601895569a42', 'Event_0xabok4', null, null, null, 'startEvent', null, '2023-08-29 21:09:34.552', '2023-08-29 21:09:34.552', '0', '1', null, '');
INSERT INTO `act_ru_actinst` VALUES ('4c98b618-466d-11ee-a6f0-601895569a42', '1', 'Process_1693314311374:1:f9671a70-466c-11ee-a6f0-601895569a42', '4c98b610-466d-11ee-a6f0-601895569a42', '4c98b616-466d-11ee-a6f0-601895569a42', 'Flow_1i2r23e', null, null, null, 'sequenceFlow', null, '2023-08-29 21:09:34.552', '2023-08-29 21:09:34.552', '0', '2', null, '');
INSERT INTO `act_ru_actinst` VALUES ('4c98b619-466d-11ee-a6f0-601895569a42', '2', 'Process_1693314311374:1:f9671a70-466c-11ee-a6f0-601895569a42', '4c98b610-466d-11ee-a6f0-601895569a42', '4c98b616-466d-11ee-a6f0-601895569a42', 'Activity_0omrlnq', '4c98b61a-466d-11ee-a6f0-601895569a42', null, null, 'userTask', '1', '2023-08-29 21:09:34.552', '2023-08-29 21:09:34.810', '258', '3', null, '');
INSERT INTO `act_ru_actinst` VALUES ('4cc0143f-466d-11ee-a6f0-601895569a42', '1', 'Process_1693314311374:1:f9671a70-466c-11ee-a6f0-601895569a42', '4c98b610-466d-11ee-a6f0-601895569a42', '4c98b616-466d-11ee-a6f0-601895569a42', 'Flow_0jnzl0j', null, null, null, 'sequenceFlow', null, '2023-08-29 21:09:34.810', '2023-08-29 21:09:34.810', '0', '1', null, '');
INSERT INTO `act_ru_actinst` VALUES ('4cc03b50-466d-11ee-a6f0-601895569a42', '2', 'Process_1693314311374:1:f9671a70-466c-11ee-a6f0-601895569a42', '4c98b610-466d-11ee-a6f0-601895569a42', '4c98b616-466d-11ee-a6f0-601895569a42', 'Activity_08qmmuf', '4cc03b51-466d-11ee-a6f0-601895569a42', null, null, 'userTask', '1', '2023-08-29 21:09:34.811', '2023-08-29 21:09:54.535', '19724', '2', null, '');
INSERT INTO `act_ru_actinst` VALUES ('5881e015-466d-11ee-a6f0-601895569a42', '1', 'Process_1693314311374:1:f9671a70-466c-11ee-a6f0-601895569a42', '4c98b610-466d-11ee-a6f0-601895569a42', '4c98b616-466d-11ee-a6f0-601895569a42', 'Flow_194v8tr', null, null, null, 'sequenceFlow', null, '2023-08-29 21:09:54.535', '2023-08-29 21:09:54.535', '0', '1', null, '');
INSERT INTO `act_ru_actinst` VALUES ('58822e38-466d-11ee-a6f0-601895569a42', '1', 'Process_1693314311374:1:f9671a70-466c-11ee-a6f0-601895569a42', '4c98b610-466d-11ee-a6f0-601895569a42', '58822e37-466d-11ee-a6f0-601895569a42', 'Flow_1riqa2a', null, null, null, 'sequenceFlow', null, '2023-08-29 21:09:54.537', '2023-08-29 21:09:54.537', '0', '2', null, '');
INSERT INTO `act_ru_actinst` VALUES ('58822e39-466d-11ee-a6f0-601895569a42', '2', 'Process_1693314311374:1:f9671a70-466c-11ee-a6f0-601895569a42', '4c98b610-466d-11ee-a6f0-601895569a42', '58822e37-466d-11ee-a6f0-601895569a42', 'Activity_0h4ho0x', '58822e3a-466d-11ee-a6f0-601895569a42', null, null, 'userTask', '1696394822808862721', '2023-08-29 21:09:54.537', null, null, '3', null, '');
INSERT INTO `act_ru_actinst` VALUES ('f1d2fc01-462e-11ee-b58f-601895569a42', '1', 'Process_1693274676504:2:e96d6fdc-462d-11ee-b58f-601895569a42', 'f1d2d4ea-462e-11ee-b58f-601895569a42', 'f1d2fc00-462e-11ee-b58f-601895569a42', 'Event_0gt7djs', null, null, null, 'startEvent', null, '2023-08-29 13:43:13.464', '2023-08-29 13:43:13.464', '0', '1', null, '');
INSERT INTO `act_ru_actinst` VALUES ('f1d2fc02-462e-11ee-b58f-601895569a42', '1', 'Process_1693274676504:2:e96d6fdc-462d-11ee-b58f-601895569a42', 'f1d2d4ea-462e-11ee-b58f-601895569a42', 'f1d2fc00-462e-11ee-b58f-601895569a42', 'Flow_1s6hspv', null, null, null, 'sequenceFlow', null, '2023-08-29 13:43:13.464', '2023-08-29 13:43:13.464', '0', '2', null, '');
INSERT INTO `act_ru_actinst` VALUES ('f1d2fc03-462e-11ee-b58f-601895569a42', '2', 'Process_1693274676504:2:e96d6fdc-462d-11ee-b58f-601895569a42', 'f1d2d4ea-462e-11ee-b58f-601895569a42', 'f1d2fc00-462e-11ee-b58f-601895569a42', 'Activity_13yamhx', 'f1d32314-462e-11ee-b58f-601895569a42', null, null, 'userTask', '1', '2023-08-29 13:43:13.465', '2023-08-29 13:43:13.498', '33', '3', null, '');
INSERT INTO `act_ru_actinst` VALUES ('f1d82c29-462e-11ee-b58f-601895569a42', '1', 'Process_1693274676504:2:e96d6fdc-462d-11ee-b58f-601895569a42', 'f1d2d4ea-462e-11ee-b58f-601895569a42', 'f1d2fc00-462e-11ee-b58f-601895569a42', 'Flow_0a6992y', null, null, null, 'sequenceFlow', null, '2023-08-29 13:43:13.498', '2023-08-29 13:43:13.498', '0', '1', null, '');
INSERT INTO `act_ru_actinst` VALUES ('f1d8533a-462e-11ee-b58f-601895569a42', '2', 'Process_1693274676504:2:e96d6fdc-462d-11ee-b58f-601895569a42', 'f1d2d4ea-462e-11ee-b58f-601895569a42', 'f1d2fc00-462e-11ee-b58f-601895569a42', 'Activity_1y9h5oh', 'f1d8533b-462e-11ee-b58f-601895569a42', null, null, 'userTask', '1', '2023-08-29 13:43:13.499', '2023-08-29 13:43:29.783', '16284', '2', null, '');
INSERT INTO `act_ru_actinst` VALUES ('fb8d380f-462e-11ee-b58f-601895569a42', '1', 'Process_1693274676504:2:e96d6fdc-462d-11ee-b58f-601895569a42', 'f1d2d4ea-462e-11ee-b58f-601895569a42', 'f1d2fc00-462e-11ee-b58f-601895569a42', 'Flow_1el77h3', null, null, null, 'sequenceFlow', null, '2023-08-29 13:43:29.784', '2023-08-29 13:43:29.784', '0', '1', null, '');
INSERT INTO `act_ru_actinst` VALUES ('fb8d3810-462e-11ee-b58f-601895569a42', '2', 'Process_1693274676504:2:e96d6fdc-462d-11ee-b58f-601895569a42', 'f1d2d4ea-462e-11ee-b58f-601895569a42', 'f1d2fc00-462e-11ee-b58f-601895569a42', 'Activity_19mgb4c', 'fb8d3811-462e-11ee-b58f-601895569a42', null, null, 'userTask', '1696394822808862721', '2023-08-29 13:43:29.784', null, null, '2', null, '');

-- ----------------------------
-- Table structure for act_ru_deadletter_job
-- ----------------------------
DROP TABLE IF EXISTS `act_ru_deadletter_job`;
CREATE TABLE `act_ru_deadletter_job` (
  `ID_` varchar(64) COLLATE utf8_bin NOT NULL,
  `REV_` int(11) DEFAULT NULL,
  `CATEGORY_` varchar(255) COLLATE utf8_bin DEFAULT NULL,
  `TYPE_` varchar(255) COLLATE utf8_bin NOT NULL,
  `EXCLUSIVE_` tinyint(1) DEFAULT NULL,
  `EXECUTION_ID_` varchar(64) COLLATE utf8_bin DEFAULT NULL,
  `PROCESS_INSTANCE_ID_` varchar(64) COLLATE utf8_bin DEFAULT NULL,
  `PROC_DEF_ID_` varchar(64) COLLATE utf8_bin DEFAULT NULL,
  `ELEMENT_ID_` varchar(255) COLLATE utf8_bin DEFAULT NULL,
  `ELEMENT_NAME_` varchar(255) COLLATE utf8_bin DEFAULT NULL,
  `SCOPE_ID_` varchar(255) COLLATE utf8_bin DEFAULT NULL,
  `SUB_SCOPE_ID_` varchar(255) COLLATE utf8_bin DEFAULT NULL,
  `SCOPE_TYPE_` varchar(255) COLLATE utf8_bin DEFAULT NULL,
  `SCOPE_DEFINITION_ID_` varchar(255) COLLATE utf8_bin DEFAULT NULL,
  `CORRELATION_ID_` varchar(255) COLLATE utf8_bin DEFAULT NULL,
  `EXCEPTION_STACK_ID_` varchar(64) COLLATE utf8_bin DEFAULT NULL,
  `EXCEPTION_MSG_` varchar(4000) COLLATE utf8_bin DEFAULT NULL,
  `DUEDATE_` timestamp(3) NULL DEFAULT NULL,
  `REPEAT_` varchar(255) COLLATE utf8_bin DEFAULT NULL,
  `HANDLER_TYPE_` varchar(255) COLLATE utf8_bin DEFAULT NULL,
  `HANDLER_CFG_` varchar(4000) COLLATE utf8_bin DEFAULT NULL,
  `CUSTOM_VALUES_ID_` varchar(64) COLLATE utf8_bin DEFAULT NULL,
  `CREATE_TIME_` timestamp(3) NULL DEFAULT NULL,
  `TENANT_ID_` varchar(255) COLLATE utf8_bin DEFAULT '',
  PRIMARY KEY (`ID_`),
  KEY `ACT_IDX_DEADLETTER_JOB_EXCEPTION_STACK_ID` (`EXCEPTION_STACK_ID_`),
  KEY `ACT_IDX_DEADLETTER_JOB_CUSTOM_VALUES_ID` (`CUSTOM_VALUES_ID_`),
  KEY `ACT_IDX_DEADLETTER_JOB_CORRELATION_ID` (`CORRELATION_ID_`),
  KEY `ACT_IDX_DJOB_SCOPE` (`SCOPE_ID_`,`SCOPE_TYPE_`),
  KEY `ACT_IDX_DJOB_SUB_SCOPE` (`SUB_SCOPE_ID_`,`SCOPE_TYPE_`),
  KEY `ACT_IDX_DJOB_SCOPE_DEF` (`SCOPE_DEFINITION_ID_`,`SCOPE_TYPE_`),
  KEY `ACT_FK_DEADLETTER_JOB_EXECUTION` (`EXECUTION_ID_`),
  KEY `ACT_FK_DEADLETTER_JOB_PROCESS_INSTANCE` (`PROCESS_INSTANCE_ID_`),
  KEY `ACT_FK_DEADLETTER_JOB_PROC_DEF` (`PROC_DEF_ID_`),
  CONSTRAINT `ACT_FK_DEADLETTER_JOB_CUSTOM_VALUES` FOREIGN KEY (`CUSTOM_VALUES_ID_`) REFERENCES `act_ge_bytearray` (`ID_`),
  CONSTRAINT `ACT_FK_DEADLETTER_JOB_EXCEPTION` FOREIGN KEY (`EXCEPTION_STACK_ID_`) REFERENCES `act_ge_bytearray` (`ID_`),
  CONSTRAINT `ACT_FK_DEADLETTER_JOB_EXECUTION` FOREIGN KEY (`EXECUTION_ID_`) REFERENCES `act_ru_execution` (`ID_`),
  CONSTRAINT `ACT_FK_DEADLETTER_JOB_PROCESS_INSTANCE` FOREIGN KEY (`PROCESS_INSTANCE_ID_`) REFERENCES `act_ru_execution` (`ID_`),
  CONSTRAINT `ACT_FK_DEADLETTER_JOB_PROC_DEF` FOREIGN KEY (`PROC_DEF_ID_`) REFERENCES `act_re_procdef` (`ID_`)
) ENGINE=InnoDB DEFAULT CHARSET=utf8 COLLATE=utf8_bin;

-- ----------------------------
-- Records of act_ru_deadletter_job
-- ----------------------------

-- ----------------------------
-- Table structure for act_ru_entitylink
-- ----------------------------
DROP TABLE IF EXISTS `act_ru_entitylink`;
CREATE TABLE `act_ru_entitylink` (
  `ID_` varchar(64) COLLATE utf8_bin NOT NULL,
  `REV_` int(11) DEFAULT NULL,
  `CREATE_TIME_` datetime(3) DEFAULT NULL,
  `LINK_TYPE_` varchar(255) COLLATE utf8_bin DEFAULT NULL,
  `SCOPE_ID_` varchar(255) COLLATE utf8_bin DEFAULT NULL,
  `SUB_SCOPE_ID_` varchar(255) COLLATE utf8_bin DEFAULT NULL,
  `SCOPE_TYPE_` varchar(255) COLLATE utf8_bin DEFAULT NULL,
  `SCOPE_DEFINITION_ID_` varchar(255) COLLATE utf8_bin DEFAULT NULL,
  `PARENT_ELEMENT_ID_` varchar(255) COLLATE utf8_bin DEFAULT NULL,
  `REF_SCOPE_ID_` varchar(255) COLLATE utf8_bin DEFAULT NULL,
  `REF_SCOPE_TYPE_` varchar(255) COLLATE utf8_bin DEFAULT NULL,
  `REF_SCOPE_DEFINITION_ID_` varchar(255) COLLATE utf8_bin DEFAULT NULL,
  `ROOT_SCOPE_ID_` varchar(255) COLLATE utf8_bin DEFAULT NULL,
  `ROOT_SCOPE_TYPE_` varchar(255) COLLATE utf8_bin DEFAULT NULL,
  `HIERARCHY_TYPE_` varchar(255) COLLATE utf8_bin DEFAULT NULL,
  PRIMARY KEY (`ID_`),
  KEY `ACT_IDX_ENT_LNK_SCOPE` (`SCOPE_ID_`,`SCOPE_TYPE_`,`LINK_TYPE_`),
  KEY `ACT_IDX_ENT_LNK_REF_SCOPE` (`REF_SCOPE_ID_`,`REF_SCOPE_TYPE_`,`LINK_TYPE_`),
  KEY `ACT_IDX_ENT_LNK_ROOT_SCOPE` (`ROOT_SCOPE_ID_`,`ROOT_SCOPE_TYPE_`,`LINK_TYPE_`),
  KEY `ACT_IDX_ENT_LNK_SCOPE_DEF` (`SCOPE_DEFINITION_ID_`,`SCOPE_TYPE_`,`LINK_TYPE_`)
) ENGINE=InnoDB DEFAULT CHARSET=utf8 COLLATE=utf8_bin;

-- ----------------------------
-- Records of act_ru_entitylink
-- ----------------------------

-- ----------------------------
-- Table structure for act_ru_event_subscr
-- ----------------------------
DROP TABLE IF EXISTS `act_ru_event_subscr`;
CREATE TABLE `act_ru_event_subscr` (
  `ID_` varchar(64) COLLATE utf8_bin NOT NULL,
  `REV_` int(11) DEFAULT NULL,
  `EVENT_TYPE_` varchar(255) COLLATE utf8_bin NOT NULL,
  `EVENT_NAME_` varchar(255) COLLATE utf8_bin DEFAULT NULL,
  `EXECUTION_ID_` varchar(64) COLLATE utf8_bin DEFAULT NULL,
  `PROC_INST_ID_` varchar(64) COLLATE utf8_bin DEFAULT NULL,
  `ACTIVITY_ID_` varchar(64) COLLATE utf8_bin DEFAULT NULL,
  `CONFIGURATION_` varchar(255) COLLATE utf8_bin DEFAULT NULL,
  `CREATED_` timestamp(3) NOT NULL DEFAULT CURRENT_TIMESTAMP(3),
  `PROC_DEF_ID_` varchar(64) COLLATE utf8_bin DEFAULT NULL,
  `SUB_SCOPE_ID_` varchar(64) COLLATE utf8_bin DEFAULT NULL,
  `SCOPE_ID_` varchar(64) COLLATE utf8_bin DEFAULT NULL,
  `SCOPE_DEFINITION_ID_` varchar(64) COLLATE utf8_bin DEFAULT NULL,
  `SCOPE_TYPE_` varchar(64) COLLATE utf8_bin DEFAULT NULL,
  `TENANT_ID_` varchar(255) COLLATE utf8_bin DEFAULT '',
  `LOCK_TIME_` timestamp(3) NULL DEFAULT NULL,
  `LOCK_OWNER_` varchar(255) COLLATE utf8_bin DEFAULT NULL,
  PRIMARY KEY (`ID_`),
  KEY `ACT_IDX_EVENT_SUBSCR_CONFIG_` (`CONFIGURATION_`),
  KEY `ACT_FK_EVENT_EXEC` (`EXECUTION_ID_`),
  KEY `ACT_IDX_EVENT_SUBSCR_SCOPEREF_` (`SCOPE_ID_`,`SCOPE_TYPE_`),
  CONSTRAINT `ACT_FK_EVENT_EXEC` FOREIGN KEY (`EXECUTION_ID_`) REFERENCES `act_ru_execution` (`ID_`)
) ENGINE=InnoDB DEFAULT CHARSET=utf8 COLLATE=utf8_bin;

-- ----------------------------
-- Records of act_ru_event_subscr
-- ----------------------------

-- ----------------------------
-- Table structure for act_ru_execution
-- ----------------------------
DROP TABLE IF EXISTS `act_ru_execution`;
CREATE TABLE `act_ru_execution` (
  `ID_` varchar(64) COLLATE utf8_bin NOT NULL,
  `REV_` int(11) DEFAULT NULL,
  `PROC_INST_ID_` varchar(64) COLLATE utf8_bin DEFAULT NULL,
  `BUSINESS_KEY_` varchar(255) COLLATE utf8_bin DEFAULT NULL,
  `PARENT_ID_` varchar(64) COLLATE utf8_bin DEFAULT NULL,
  `PROC_DEF_ID_` varchar(64) COLLATE utf8_bin DEFAULT NULL,
  `SUPER_EXEC_` varchar(64) COLLATE utf8_bin DEFAULT NULL,
  `ROOT_PROC_INST_ID_` varchar(64) COLLATE utf8_bin DEFAULT NULL,
  `ACT_ID_` varchar(255) COLLATE utf8_bin DEFAULT NULL,
  `IS_ACTIVE_` tinyint(4) DEFAULT NULL,
  `IS_CONCURRENT_` tinyint(4) DEFAULT NULL,
  `IS_SCOPE_` tinyint(4) DEFAULT NULL,
  `IS_EVENT_SCOPE_` tinyint(4) DEFAULT NULL,
  `IS_MI_ROOT_` tinyint(4) DEFAULT NULL,
  `SUSPENSION_STATE_` int(11) DEFAULT NULL,
  `CACHED_ENT_STATE_` int(11) DEFAULT NULL,
  `TENANT_ID_` varchar(255) COLLATE utf8_bin DEFAULT '',
  `NAME_` varchar(255) COLLATE utf8_bin DEFAULT NULL,
  `START_ACT_ID_` varchar(255) COLLATE utf8_bin DEFAULT NULL,
  `START_TIME_` datetime(3) DEFAULT NULL,
  `START_USER_ID_` varchar(255) COLLATE utf8_bin DEFAULT NULL,
  `LOCK_TIME_` timestamp(3) NULL DEFAULT NULL,
  `LOCK_OWNER_` varchar(255) COLLATE utf8_bin DEFAULT NULL,
  `IS_COUNT_ENABLED_` tinyint(4) DEFAULT NULL,
  `EVT_SUBSCR_COUNT_` int(11) DEFAULT NULL,
  `TASK_COUNT_` int(11) DEFAULT NULL,
  `JOB_COUNT_` int(11) DEFAULT NULL,
  `TIMER_JOB_COUNT_` int(11) DEFAULT NULL,
  `SUSP_JOB_COUNT_` int(11) DEFAULT NULL,
  `DEADLETTER_JOB_COUNT_` int(11) DEFAULT NULL,
  `EXTERNAL_WORKER_JOB_COUNT_` int(11) DEFAULT NULL,
  `VAR_COUNT_` int(11) DEFAULT NULL,
  `ID_LINK_COUNT_` int(11) DEFAULT NULL,
  `CALLBACK_ID_` varchar(255) COLLATE utf8_bin DEFAULT NULL,
  `CALLBACK_TYPE_` varchar(255) COLLATE utf8_bin DEFAULT NULL,
  `REFERENCE_ID_` varchar(255) COLLATE utf8_bin DEFAULT NULL,
  `REFERENCE_TYPE_` varchar(255) COLLATE utf8_bin DEFAULT NULL,
  `PROPAGATED_STAGE_INST_ID_` varchar(255) COLLATE utf8_bin DEFAULT NULL,
  `BUSINESS_STATUS_` varchar(255) COLLATE utf8_bin DEFAULT NULL,
  PRIMARY KEY (`ID_`),
  KEY `ACT_IDX_EXEC_BUSKEY` (`BUSINESS_KEY_`),
  KEY `ACT_IDC_EXEC_ROOT` (`ROOT_PROC_INST_ID_`),
  KEY `ACT_IDX_EXEC_REF_ID_` (`REFERENCE_ID_`),
  KEY `ACT_FK_EXE_PROCINST` (`PROC_INST_ID_`),
  KEY `ACT_FK_EXE_PARENT` (`PARENT_ID_`),
  KEY `ACT_FK_EXE_SUPER` (`SUPER_EXEC_`),
  KEY `ACT_FK_EXE_PROCDEF` (`PROC_DEF_ID_`),
  CONSTRAINT `ACT_FK_EXE_PARENT` FOREIGN KEY (`PARENT_ID_`) REFERENCES `act_ru_execution` (`ID_`) ON DELETE CASCADE,
  CONSTRAINT `ACT_FK_EXE_PROCDEF` FOREIGN KEY (`PROC_DEF_ID_`) REFERENCES `act_re_procdef` (`ID_`),
  CONSTRAINT `ACT_FK_EXE_PROCINST` FOREIGN KEY (`PROC_INST_ID_`) REFERENCES `act_ru_execution` (`ID_`) ON DELETE CASCADE ON UPDATE CASCADE,
  CONSTRAINT `ACT_FK_EXE_SUPER` FOREIGN KEY (`SUPER_EXEC_`) REFERENCES `act_ru_execution` (`ID_`) ON DELETE CASCADE
) ENGINE=InnoDB DEFAULT CHARSET=utf8 COLLATE=utf8_bin;

-- ----------------------------
-- Records of act_ru_execution
-- ----------------------------
INSERT INTO `act_ru_execution` VALUES ('4c98b610-466d-11ee-a6f0-601895569a42', '1', '4c98b610-466d-11ee-a6f0-601895569a42', null, null, 'Process_1693314311374:1:f9671a70-466c-11ee-a6f0-601895569a42', null, '4c98b610-466d-11ee-a6f0-601895569a42', null, '1', '0', '1', '0', '0', '1', null, '', null, 'Event_0xabok4', '2023-08-29 21:09:34.552', '1', null, null, '1', '0', '0', '0', '0', '0', '0', '0', '0', '0', null, null, null, null, null, null);
INSERT INTO `act_ru_execution` VALUES ('58822e37-466d-11ee-a6f0-601895569a42', '1', '4c98b610-466d-11ee-a6f0-601895569a42', null, '4c98b610-466d-11ee-a6f0-601895569a42', 'Process_1693314311374:1:f9671a70-466c-11ee-a6f0-601895569a42', null, '4c98b610-466d-11ee-a6f0-601895569a42', 'Activity_0h4ho0x', '1', '0', '0', '0', '0', '1', null, '', null, null, '2023-08-29 21:09:54.537', null, null, null, '1', '0', '1', '0', '0', '0', '0', '0', '0', '0', null, null, null, null, null, null);
INSERT INTO `act_ru_execution` VALUES ('f1d2d4ea-462e-11ee-b58f-601895569a42', '1', 'f1d2d4ea-462e-11ee-b58f-601895569a42', null, null, 'Process_1693274676504:2:e96d6fdc-462d-11ee-b58f-601895569a42', null, 'f1d2d4ea-462e-11ee-b58f-601895569a42', null, '1', '0', '1', '0', '0', '1', null, '', null, 'Event_0gt7djs', '2023-08-29 13:43:13.463', '1', null, null, '1', '0', '0', '0', '0', '0', '0', '0', '0', '0', null, null, null, null, null, null);
INSERT INTO `act_ru_execution` VALUES ('f1d2fc00-462e-11ee-b58f-601895569a42', '3', 'f1d2d4ea-462e-11ee-b58f-601895569a42', null, 'f1d2d4ea-462e-11ee-b58f-601895569a42', 'Process_1693274676504:2:e96d6fdc-462d-11ee-b58f-601895569a42', null, 'f1d2d4ea-462e-11ee-b58f-601895569a42', 'Activity_19mgb4c', '1', '0', '0', '0', '0', '1', null, '', null, null, '2023-08-29 13:43:13.464', null, null, null, '1', '0', '1', '0', '0', '0', '0', '0', '0', '0', null, null, null, null, null, null);

-- ----------------------------
-- Table structure for act_ru_external_job
-- ----------------------------
DROP TABLE IF EXISTS `act_ru_external_job`;
CREATE TABLE `act_ru_external_job` (
  `ID_` varchar(64) COLLATE utf8_bin NOT NULL,
  `REV_` int(11) DEFAULT NULL,
  `CATEGORY_` varchar(255) COLLATE utf8_bin DEFAULT NULL,
  `TYPE_` varchar(255) COLLATE utf8_bin NOT NULL,
  `LOCK_EXP_TIME_` timestamp(3) NULL DEFAULT NULL,
  `LOCK_OWNER_` varchar(255) COLLATE utf8_bin DEFAULT NULL,
  `EXCLUSIVE_` tinyint(1) DEFAULT NULL,
  `EXECUTION_ID_` varchar(64) COLLATE utf8_bin DEFAULT NULL,
  `PROCESS_INSTANCE_ID_` varchar(64) COLLATE utf8_bin DEFAULT NULL,
  `PROC_DEF_ID_` varchar(64) COLLATE utf8_bin DEFAULT NULL,
  `ELEMENT_ID_` varchar(255) COLLATE utf8_bin DEFAULT NULL,
  `ELEMENT_NAME_` varchar(255) COLLATE utf8_bin DEFAULT NULL,
  `SCOPE_ID_` varchar(255) COLLATE utf8_bin DEFAULT NULL,
  `SUB_SCOPE_ID_` varchar(255) COLLATE utf8_bin DEFAULT NULL,
  `SCOPE_TYPE_` varchar(255) COLLATE utf8_bin DEFAULT NULL,
  `SCOPE_DEFINITION_ID_` varchar(255) COLLATE utf8_bin DEFAULT NULL,
  `CORRELATION_ID_` varchar(255) COLLATE utf8_bin DEFAULT NULL,
  `RETRIES_` int(11) DEFAULT NULL,
  `EXCEPTION_STACK_ID_` varchar(64) COLLATE utf8_bin DEFAULT NULL,
  `EXCEPTION_MSG_` varchar(4000) COLLATE utf8_bin DEFAULT NULL,
  `DUEDATE_` timestamp(3) NULL DEFAULT NULL,
  `REPEAT_` varchar(255) COLLATE utf8_bin DEFAULT NULL,
  `HANDLER_TYPE_` varchar(255) COLLATE utf8_bin DEFAULT NULL,
  `HANDLER_CFG_` varchar(4000) COLLATE utf8_bin DEFAULT NULL,
  `CUSTOM_VALUES_ID_` varchar(64) COLLATE utf8_bin DEFAULT NULL,
  `CREATE_TIME_` timestamp(3) NULL DEFAULT NULL,
  `TENANT_ID_` varchar(255) COLLATE utf8_bin DEFAULT '',
  PRIMARY KEY (`ID_`),
  KEY `ACT_IDX_EXTERNAL_JOB_EXCEPTION_STACK_ID` (`EXCEPTION_STACK_ID_`),
  KEY `ACT_IDX_EXTERNAL_JOB_CUSTOM_VALUES_ID` (`CUSTOM_VALUES_ID_`),
  KEY `ACT_IDX_EXTERNAL_JOB_CORRELATION_ID` (`CORRELATION_ID_`),
  KEY `ACT_IDX_EJOB_SCOPE` (`SCOPE_ID_`,`SCOPE_TYPE_`),
  KEY `ACT_IDX_EJOB_SUB_SCOPE` (`SUB_SCOPE_ID_`,`SCOPE_TYPE_`),
  KEY `ACT_IDX_EJOB_SCOPE_DEF` (`SCOPE_DEFINITION_ID_`,`SCOPE_TYPE_`),
  CONSTRAINT `ACT_FK_EXTERNAL_JOB_CUSTOM_VALUES` FOREIGN KEY (`CUSTOM_VALUES_ID_`) REFERENCES `act_ge_bytearray` (`ID_`),
  CONSTRAINT `ACT_FK_EXTERNAL_JOB_EXCEPTION` FOREIGN KEY (`EXCEPTION_STACK_ID_`) REFERENCES `act_ge_bytearray` (`ID_`)
) ENGINE=InnoDB DEFAULT CHARSET=utf8 COLLATE=utf8_bin;

-- ----------------------------
-- Records of act_ru_external_job
-- ----------------------------

-- ----------------------------
-- Table structure for act_ru_history_job
-- ----------------------------
DROP TABLE IF EXISTS `act_ru_history_job`;
CREATE TABLE `act_ru_history_job` (
  `ID_` varchar(64) COLLATE utf8_bin NOT NULL,
  `REV_` int(11) DEFAULT NULL,
  `LOCK_EXP_TIME_` timestamp(3) NULL DEFAULT NULL,
  `LOCK_OWNER_` varchar(255) COLLATE utf8_bin DEFAULT NULL,
  `RETRIES_` int(11) DEFAULT NULL,
  `EXCEPTION_STACK_ID_` varchar(64) COLLATE utf8_bin DEFAULT NULL,
  `EXCEPTION_MSG_` varchar(4000) COLLATE utf8_bin DEFAULT NULL,
  `HANDLER_TYPE_` varchar(255) COLLATE utf8_bin DEFAULT NULL,
  `HANDLER_CFG_` varchar(4000) COLLATE utf8_bin DEFAULT NULL,
  `CUSTOM_VALUES_ID_` varchar(64) COLLATE utf8_bin DEFAULT NULL,
  `ADV_HANDLER_CFG_ID_` varchar(64) COLLATE utf8_bin DEFAULT NULL,
  `CREATE_TIME_` timestamp(3) NULL DEFAULT NULL,
  `SCOPE_TYPE_` varchar(255) COLLATE utf8_bin DEFAULT NULL,
  `TENANT_ID_` varchar(255) COLLATE utf8_bin DEFAULT '',
  PRIMARY KEY (`ID_`)
) ENGINE=InnoDB DEFAULT CHARSET=utf8 COLLATE=utf8_bin;

-- ----------------------------
-- Records of act_ru_history_job
-- ----------------------------

-- ----------------------------
-- Table structure for act_ru_identitylink
-- ----------------------------
DROP TABLE IF EXISTS `act_ru_identitylink`;
CREATE TABLE `act_ru_identitylink` (
  `ID_` varchar(64) COLLATE utf8_bin NOT NULL,
  `REV_` int(11) DEFAULT NULL,
  `GROUP_ID_` varchar(255) COLLATE utf8_bin DEFAULT NULL,
  `TYPE_` varchar(255) COLLATE utf8_bin DEFAULT NULL,
  `USER_ID_` varchar(255) COLLATE utf8_bin DEFAULT NULL,
  `TASK_ID_` varchar(64) COLLATE utf8_bin DEFAULT NULL,
  `PROC_INST_ID_` varchar(64) COLLATE utf8_bin DEFAULT NULL,
  `PROC_DEF_ID_` varchar(64) COLLATE utf8_bin DEFAULT NULL,
  `SCOPE_ID_` varchar(255) COLLATE utf8_bin DEFAULT NULL,
  `SUB_SCOPE_ID_` varchar(255) COLLATE utf8_bin DEFAULT NULL,
  `SCOPE_TYPE_` varchar(255) COLLATE utf8_bin DEFAULT NULL,
  `SCOPE_DEFINITION_ID_` varchar(255) COLLATE utf8_bin DEFAULT NULL,
  PRIMARY KEY (`ID_`),
  KEY `ACT_IDX_IDENT_LNK_USER` (`USER_ID_`),
  KEY `ACT_IDX_IDENT_LNK_GROUP` (`GROUP_ID_`),
  KEY `ACT_IDX_IDENT_LNK_SCOPE` (`SCOPE_ID_`,`SCOPE_TYPE_`),
  KEY `ACT_IDX_IDENT_LNK_SUB_SCOPE` (`SUB_SCOPE_ID_`,`SCOPE_TYPE_`),
  KEY `ACT_IDX_IDENT_LNK_SCOPE_DEF` (`SCOPE_DEFINITION_ID_`,`SCOPE_TYPE_`),
  KEY `ACT_IDX_ATHRZ_PROCEDEF` (`PROC_DEF_ID_`),
  KEY `ACT_FK_TSKASS_TASK` (`TASK_ID_`),
  KEY `ACT_FK_IDL_PROCINST` (`PROC_INST_ID_`),
  CONSTRAINT `ACT_FK_ATHRZ_PROCEDEF` FOREIGN KEY (`PROC_DEF_ID_`) REFERENCES `act_re_procdef` (`ID_`),
  CONSTRAINT `ACT_FK_IDL_PROCINST` FOREIGN KEY (`PROC_INST_ID_`) REFERENCES `act_ru_execution` (`ID_`),
  CONSTRAINT `ACT_FK_TSKASS_TASK` FOREIGN KEY (`TASK_ID_`) REFERENCES `act_ru_task` (`ID_`)
) ENGINE=InnoDB DEFAULT CHARSET=utf8 COLLATE=utf8_bin;

-- ----------------------------
-- Records of act_ru_identitylink
-- ----------------------------
INSERT INTO `act_ru_identitylink` VALUES ('4c98b611-466d-11ee-a6f0-601895569a42', '1', null, 'starter', '1', null, '4c98b610-466d-11ee-a6f0-601895569a42', null, null, null, null, null);
INSERT INTO `act_ru_identitylink` VALUES ('4c98b61c-466d-11ee-a6f0-601895569a42', '1', null, 'participant', '1', null, '4c98b610-466d-11ee-a6f0-601895569a42', null, null, null, null, null);
INSERT INTO `act_ru_identitylink` VALUES ('4cbf9f0e-466d-11ee-a6f0-601895569a42', '1', null, 'participant', '1', null, '4c98b610-466d-11ee-a6f0-601895569a42', null, null, null, null, null);
INSERT INTO `act_ru_identitylink` VALUES ('58459a64-466d-11ee-a6f0-601895569a42', '1', null, 'participant', '1', null, '4c98b610-466d-11ee-a6f0-601895569a42', null, null, null, null, null);
INSERT INTO `act_ru_identitylink` VALUES ('588d51cd-466d-11ee-a6f0-601895569a42', '1', null, 'participant', '1696394822808862721', null, '4c98b610-466d-11ee-a6f0-601895569a42', null, null, null, null, null);
INSERT INTO `act_ru_identitylink` VALUES ('f1d2d4eb-462e-11ee-b58f-601895569a42', '1', null, 'starter', '1', null, 'f1d2d4ea-462e-11ee-b58f-601895569a42', null, null, null, null, null);
INSERT INTO `act_ru_identitylink` VALUES ('f1d32316-462e-11ee-b58f-601895569a42', '1', null, 'participant', '1', null, 'f1d2d4ea-462e-11ee-b58f-601895569a42', null, null, null, null, null);
INSERT INTO `act_ru_identitylink` VALUES ('f1d7b6f8-462e-11ee-b58f-601895569a42', '1', null, 'participant', '1', null, 'f1d2d4ea-462e-11ee-b58f-601895569a42', null, null, null, null, null);
INSERT INTO `act_ru_identitylink` VALUES ('fb8c9bce-462e-11ee-b58f-601895569a42', '1', null, 'participant', '1696394822808862721', null, 'f1d2d4ea-462e-11ee-b58f-601895569a42', null, null, null, null, null);
INSERT INTO `act_ru_identitylink` VALUES ('fb8d5f23-462e-11ee-b58f-601895569a42', '1', null, 'participant', '2', null, 'f1d2d4ea-462e-11ee-b58f-601895569a42', null, null, null, null, null);

-- ----------------------------
-- Table structure for act_ru_job
-- ----------------------------
DROP TABLE IF EXISTS `act_ru_job`;
CREATE TABLE `act_ru_job` (
  `ID_` varchar(64) COLLATE utf8_bin NOT NULL,
  `REV_` int(11) DEFAULT NULL,
  `CATEGORY_` varchar(255) COLLATE utf8_bin DEFAULT NULL,
  `TYPE_` varchar(255) COLLATE utf8_bin NOT NULL,
  `LOCK_EXP_TIME_` timestamp(3) NULL DEFAULT NULL,
  `LOCK_OWNER_` varchar(255) COLLATE utf8_bin DEFAULT NULL,
  `EXCLUSIVE_` tinyint(1) DEFAULT NULL,
  `EXECUTION_ID_` varchar(64) COLLATE utf8_bin DEFAULT NULL,
  `PROCESS_INSTANCE_ID_` varchar(64) COLLATE utf8_bin DEFAULT NULL,
  `PROC_DEF_ID_` varchar(64) COLLATE utf8_bin DEFAULT NULL,
  `ELEMENT_ID_` varchar(255) COLLATE utf8_bin DEFAULT NULL,
  `ELEMENT_NAME_` varchar(255) COLLATE utf8_bin DEFAULT NULL,
  `SCOPE_ID_` varchar(255) COLLATE utf8_bin DEFAULT NULL,
  `SUB_SCOPE_ID_` varchar(255) COLLATE utf8_bin DEFAULT NULL,
  `SCOPE_TYPE_` varchar(255) COLLATE utf8_bin DEFAULT NULL,
  `SCOPE_DEFINITION_ID_` varchar(255) COLLATE utf8_bin DEFAULT NULL,
  `CORRELATION_ID_` varchar(255) COLLATE utf8_bin DEFAULT NULL,
  `RETRIES_` int(11) DEFAULT NULL,
  `EXCEPTION_STACK_ID_` varchar(64) COLLATE utf8_bin DEFAULT NULL,
  `EXCEPTION_MSG_` varchar(4000) COLLATE utf8_bin DEFAULT NULL,
  `DUEDATE_` timestamp(3) NULL DEFAULT NULL,
  `REPEAT_` varchar(255) COLLATE utf8_bin DEFAULT NULL,
  `HANDLER_TYPE_` varchar(255) COLLATE utf8_bin DEFAULT NULL,
  `HANDLER_CFG_` varchar(4000) COLLATE utf8_bin DEFAULT NULL,
  `CUSTOM_VALUES_ID_` varchar(64) COLLATE utf8_bin DEFAULT NULL,
  `CREATE_TIME_` timestamp(3) NULL DEFAULT NULL,
  `TENANT_ID_` varchar(255) COLLATE utf8_bin DEFAULT '',
  PRIMARY KEY (`ID_`),
  KEY `ACT_IDX_JOB_EXCEPTION_STACK_ID` (`EXCEPTION_STACK_ID_`),
  KEY `ACT_IDX_JOB_CUSTOM_VALUES_ID` (`CUSTOM_VALUES_ID_`),
  KEY `ACT_IDX_JOB_CORRELATION_ID` (`CORRELATION_ID_`),
  KEY `ACT_IDX_JOB_SCOPE` (`SCOPE_ID_`,`SCOPE_TYPE_`),
  KEY `ACT_IDX_JOB_SUB_SCOPE` (`SUB_SCOPE_ID_`,`SCOPE_TYPE_`),
  KEY `ACT_IDX_JOB_SCOPE_DEF` (`SCOPE_DEFINITION_ID_`,`SCOPE_TYPE_`),
  KEY `ACT_FK_JOB_EXECUTION` (`EXECUTION_ID_`),
  KEY `ACT_FK_JOB_PROCESS_INSTANCE` (`PROCESS_INSTANCE_ID_`),
  KEY `ACT_FK_JOB_PROC_DEF` (`PROC_DEF_ID_`),
  CONSTRAINT `ACT_FK_JOB_CUSTOM_VALUES` FOREIGN KEY (`CUSTOM_VALUES_ID_`) REFERENCES `act_ge_bytearray` (`ID_`),
  CONSTRAINT `ACT_FK_JOB_EXCEPTION` FOREIGN KEY (`EXCEPTION_STACK_ID_`) REFERENCES `act_ge_bytearray` (`ID_`),
  CONSTRAINT `ACT_FK_JOB_EXECUTION` FOREIGN KEY (`EXECUTION_ID_`) REFERENCES `act_ru_execution` (`ID_`),
  CONSTRAINT `ACT_FK_JOB_PROCESS_INSTANCE` FOREIGN KEY (`PROCESS_INSTANCE_ID_`) REFERENCES `act_ru_execution` (`ID_`),
  CONSTRAINT `ACT_FK_JOB_PROC_DEF` FOREIGN KEY (`PROC_DEF_ID_`) REFERENCES `act_re_procdef` (`ID_`)
) ENGINE=InnoDB DEFAULT CHARSET=utf8 COLLATE=utf8_bin;

-- ----------------------------
-- Records of act_ru_job
-- ----------------------------

-- ----------------------------
-- Table structure for act_ru_suspended_job
-- ----------------------------
DROP TABLE IF EXISTS `act_ru_suspended_job`;
CREATE TABLE `act_ru_suspended_job` (
  `ID_` varchar(64) COLLATE utf8_bin NOT NULL,
  `REV_` int(11) DEFAULT NULL,
  `CATEGORY_` varchar(255) COLLATE utf8_bin DEFAULT NULL,
  `TYPE_` varchar(255) COLLATE utf8_bin NOT NULL,
  `EXCLUSIVE_` tinyint(1) DEFAULT NULL,
  `EXECUTION_ID_` varchar(64) COLLATE utf8_bin DEFAULT NULL,
  `PROCESS_INSTANCE_ID_` varchar(64) COLLATE utf8_bin DEFAULT NULL,
  `PROC_DEF_ID_` varchar(64) COLLATE utf8_bin DEFAULT NULL,
  `ELEMENT_ID_` varchar(255) COLLATE utf8_bin DEFAULT NULL,
  `ELEMENT_NAME_` varchar(255) COLLATE utf8_bin DEFAULT NULL,
  `SCOPE_ID_` varchar(255) COLLATE utf8_bin DEFAULT NULL,
  `SUB_SCOPE_ID_` varchar(255) COLLATE utf8_bin DEFAULT NULL,
  `SCOPE_TYPE_` varchar(255) COLLATE utf8_bin DEFAULT NULL,
  `SCOPE_DEFINITION_ID_` varchar(255) COLLATE utf8_bin DEFAULT NULL,
  `CORRELATION_ID_` varchar(255) COLLATE utf8_bin DEFAULT NULL,
  `RETRIES_` int(11) DEFAULT NULL,
  `EXCEPTION_STACK_ID_` varchar(64) COLLATE utf8_bin DEFAULT NULL,
  `EXCEPTION_MSG_` varchar(4000) COLLATE utf8_bin DEFAULT NULL,
  `DUEDATE_` timestamp(3) NULL DEFAULT NULL,
  `REPEAT_` varchar(255) COLLATE utf8_bin DEFAULT NULL,
  `HANDLER_TYPE_` varchar(255) COLLATE utf8_bin DEFAULT NULL,
  `HANDLER_CFG_` varchar(4000) COLLATE utf8_bin DEFAULT NULL,
  `CUSTOM_VALUES_ID_` varchar(64) COLLATE utf8_bin DEFAULT NULL,
  `CREATE_TIME_` timestamp(3) NULL DEFAULT NULL,
  `TENANT_ID_` varchar(255) COLLATE utf8_bin DEFAULT '',
  PRIMARY KEY (`ID_`),
  KEY `ACT_IDX_SUSPENDED_JOB_EXCEPTION_STACK_ID` (`EXCEPTION_STACK_ID_`),
  KEY `ACT_IDX_SUSPENDED_JOB_CUSTOM_VALUES_ID` (`CUSTOM_VALUES_ID_`),
  KEY `ACT_IDX_SUSPENDED_JOB_CORRELATION_ID` (`CORRELATION_ID_`),
  KEY `ACT_IDX_SJOB_SCOPE` (`SCOPE_ID_`,`SCOPE_TYPE_`),
  KEY `ACT_IDX_SJOB_SUB_SCOPE` (`SUB_SCOPE_ID_`,`SCOPE_TYPE_`),
  KEY `ACT_IDX_SJOB_SCOPE_DEF` (`SCOPE_DEFINITION_ID_`,`SCOPE_TYPE_`),
  KEY `ACT_FK_SUSPENDED_JOB_EXECUTION` (`EXECUTION_ID_`),
  KEY `ACT_FK_SUSPENDED_JOB_PROCESS_INSTANCE` (`PROCESS_INSTANCE_ID_`),
  KEY `ACT_FK_SUSPENDED_JOB_PROC_DEF` (`PROC_DEF_ID_`),
  CONSTRAINT `ACT_FK_SUSPENDED_JOB_CUSTOM_VALUES` FOREIGN KEY (`CUSTOM_VALUES_ID_`) REFERENCES `act_ge_bytearray` (`ID_`),
  CONSTRAINT `ACT_FK_SUSPENDED_JOB_EXCEPTION` FOREIGN KEY (`EXCEPTION_STACK_ID_`) REFERENCES `act_ge_bytearray` (`ID_`),
  CONSTRAINT `ACT_FK_SUSPENDED_JOB_EXECUTION` FOREIGN KEY (`EXECUTION_ID_`) REFERENCES `act_ru_execution` (`ID_`),
  CONSTRAINT `ACT_FK_SUSPENDED_JOB_PROCESS_INSTANCE` FOREIGN KEY (`PROCESS_INSTANCE_ID_`) REFERENCES `act_ru_execution` (`ID_`),
  CONSTRAINT `ACT_FK_SUSPENDED_JOB_PROC_DEF` FOREIGN KEY (`PROC_DEF_ID_`) REFERENCES `act_re_procdef` (`ID_`)
) ENGINE=InnoDB DEFAULT CHARSET=utf8 COLLATE=utf8_bin;

-- ----------------------------
-- Records of act_ru_suspended_job
-- ----------------------------

-- ----------------------------
-- Table structure for act_ru_task
-- ----------------------------
DROP TABLE IF EXISTS `act_ru_task`;
CREATE TABLE `act_ru_task` (
  `ID_` varchar(64) COLLATE utf8_bin NOT NULL,
  `REV_` int(11) DEFAULT NULL,
  `EXECUTION_ID_` varchar(64) COLLATE utf8_bin DEFAULT NULL,
  `PROC_INST_ID_` varchar(64) COLLATE utf8_bin DEFAULT NULL,
  `PROC_DEF_ID_` varchar(64) COLLATE utf8_bin DEFAULT NULL,
  `TASK_DEF_ID_` varchar(64) COLLATE utf8_bin DEFAULT NULL,
  `SCOPE_ID_` varchar(255) COLLATE utf8_bin DEFAULT NULL,
  `SUB_SCOPE_ID_` varchar(255) COLLATE utf8_bin DEFAULT NULL,
  `SCOPE_TYPE_` varchar(255) COLLATE utf8_bin DEFAULT NULL,
  `SCOPE_DEFINITION_ID_` varchar(255) COLLATE utf8_bin DEFAULT NULL,
  `PROPAGATED_STAGE_INST_ID_` varchar(255) COLLATE utf8_bin DEFAULT NULL,
  `NAME_` varchar(255) COLLATE utf8_bin DEFAULT NULL,
  `PARENT_TASK_ID_` varchar(64) COLLATE utf8_bin DEFAULT NULL,
  `DESCRIPTION_` varchar(4000) COLLATE utf8_bin DEFAULT NULL,
  `TASK_DEF_KEY_` varchar(255) COLLATE utf8_bin DEFAULT NULL,
  `OWNER_` varchar(255) COLLATE utf8_bin DEFAULT NULL,
  `ASSIGNEE_` varchar(255) COLLATE utf8_bin DEFAULT NULL,
  `DELEGATION_` varchar(64) COLLATE utf8_bin DEFAULT NULL,
  `PRIORITY_` int(11) DEFAULT NULL,
  `CREATE_TIME_` timestamp(3) NULL DEFAULT NULL,
  `DUE_DATE_` datetime(3) DEFAULT NULL,
  `CATEGORY_` varchar(255) COLLATE utf8_bin DEFAULT NULL,
  `SUSPENSION_STATE_` int(11) DEFAULT NULL,
  `TENANT_ID_` varchar(255) COLLATE utf8_bin DEFAULT '',
  `FORM_KEY_` varchar(255) COLLATE utf8_bin DEFAULT NULL,
  `CLAIM_TIME_` datetime(3) DEFAULT NULL,
  `IS_COUNT_ENABLED_` tinyint(4) DEFAULT NULL,
  `VAR_COUNT_` int(11) DEFAULT NULL,
  `ID_LINK_COUNT_` int(11) DEFAULT NULL,
  `SUB_TASK_COUNT_` int(11) DEFAULT NULL,
  PRIMARY KEY (`ID_`),
  KEY `ACT_IDX_TASK_CREATE` (`CREATE_TIME_`),
  KEY `ACT_IDX_TASK_SCOPE` (`SCOPE_ID_`,`SCOPE_TYPE_`),
  KEY `ACT_IDX_TASK_SUB_SCOPE` (`SUB_SCOPE_ID_`,`SCOPE_TYPE_`),
  KEY `ACT_IDX_TASK_SCOPE_DEF` (`SCOPE_DEFINITION_ID_`,`SCOPE_TYPE_`),
  KEY `ACT_FK_TASK_EXE` (`EXECUTION_ID_`),
  KEY `ACT_FK_TASK_PROCINST` (`PROC_INST_ID_`),
  KEY `ACT_FK_TASK_PROCDEF` (`PROC_DEF_ID_`),
  CONSTRAINT `ACT_FK_TASK_EXE` FOREIGN KEY (`EXECUTION_ID_`) REFERENCES `act_ru_execution` (`ID_`),
  CONSTRAINT `ACT_FK_TASK_PROCDEF` FOREIGN KEY (`PROC_DEF_ID_`) REFERENCES `act_re_procdef` (`ID_`),
  CONSTRAINT `ACT_FK_TASK_PROCINST` FOREIGN KEY (`PROC_INST_ID_`) REFERENCES `act_ru_execution` (`ID_`)
) ENGINE=InnoDB DEFAULT CHARSET=utf8 COLLATE=utf8_bin;

-- ----------------------------
-- Records of act_ru_task
-- ----------------------------
INSERT INTO `act_ru_task` VALUES ('58822e3a-466d-11ee-a6f0-601895569a42', '2', '58822e37-466d-11ee-a6f0-601895569a42', '4c98b610-466d-11ee-a6f0-601895569a42', 'Process_1693314311374:1:f9671a70-466c-11ee-a6f0-601895569a42', null, null, null, null, null, null, null, null, null, 'Activity_0h4ho0x', null, '1696394822808862721', null, '50', '2023-08-29 21:09:54.537', null, null, '1', '', null, null, '1', '0', '0', '0');
INSERT INTO `act_ru_task` VALUES ('fb8d3811-462e-11ee-b58f-601895569a42', '2', 'f1d2fc00-462e-11ee-b58f-601895569a42', 'f1d2d4ea-462e-11ee-b58f-601895569a42', 'Process_1693274676504:2:e96d6fdc-462d-11ee-b58f-601895569a42', null, null, null, null, null, null, null, null, null, 'Activity_19mgb4c', null, '1696394822808862721', null, '50', '2023-08-29 13:43:29.784', null, null, '1', '', null, null, '1', '0', '0', '0');

-- ----------------------------
-- Table structure for act_ru_timer_job
-- ----------------------------
DROP TABLE IF EXISTS `act_ru_timer_job`;
CREATE TABLE `act_ru_timer_job` (
  `ID_` varchar(64) COLLATE utf8_bin NOT NULL,
  `REV_` int(11) DEFAULT NULL,
  `CATEGORY_` varchar(255) COLLATE utf8_bin DEFAULT NULL,
  `TYPE_` varchar(255) COLLATE utf8_bin NOT NULL,
  `LOCK_EXP_TIME_` timestamp(3) NULL DEFAULT NULL,
  `LOCK_OWNER_` varchar(255) COLLATE utf8_bin DEFAULT NULL,
  `EXCLUSIVE_` tinyint(1) DEFAULT NULL,
  `EXECUTION_ID_` varchar(64) COLLATE utf8_bin DEFAULT NULL,
  `PROCESS_INSTANCE_ID_` varchar(64) COLLATE utf8_bin DEFAULT NULL,
  `PROC_DEF_ID_` varchar(64) COLLATE utf8_bin DEFAULT NULL,
  `ELEMENT_ID_` varchar(255) COLLATE utf8_bin DEFAULT NULL,
  `ELEMENT_NAME_` varchar(255) COLLATE utf8_bin DEFAULT NULL,
  `SCOPE_ID_` varchar(255) COLLATE utf8_bin DEFAULT NULL,
  `SUB_SCOPE_ID_` varchar(255) COLLATE utf8_bin DEFAULT NULL,
  `SCOPE_TYPE_` varchar(255) COLLATE utf8_bin DEFAULT NULL,
  `SCOPE_DEFINITION_ID_` varchar(255) COLLATE utf8_bin DEFAULT NULL,
  `CORRELATION_ID_` varchar(255) COLLATE utf8_bin DEFAULT NULL,
  `RETRIES_` int(11) DEFAULT NULL,
  `EXCEPTION_STACK_ID_` varchar(64) COLLATE utf8_bin DEFAULT NULL,
  `EXCEPTION_MSG_` varchar(4000) COLLATE utf8_bin DEFAULT NULL,
  `DUEDATE_` timestamp(3) NULL DEFAULT NULL,
  `REPEAT_` varchar(255) COLLATE utf8_bin DEFAULT NULL,
  `HANDLER_TYPE_` varchar(255) COLLATE utf8_bin DEFAULT NULL,
  `HANDLER_CFG_` varchar(4000) COLLATE utf8_bin DEFAULT NULL,
  `CUSTOM_VALUES_ID_` varchar(64) COLLATE utf8_bin DEFAULT NULL,
  `CREATE_TIME_` timestamp(3) NULL DEFAULT NULL,
  `TENANT_ID_` varchar(255) COLLATE utf8_bin DEFAULT '',
  PRIMARY KEY (`ID_`),
  KEY `ACT_IDX_TIMER_JOB_EXCEPTION_STACK_ID` (`EXCEPTION_STACK_ID_`),
  KEY `ACT_IDX_TIMER_JOB_CUSTOM_VALUES_ID` (`CUSTOM_VALUES_ID_`),
  KEY `ACT_IDX_TIMER_JOB_CORRELATION_ID` (`CORRELATION_ID_`),
  KEY `ACT_IDX_TIMER_JOB_DUEDATE` (`DUEDATE_`),
  KEY `ACT_IDX_TJOB_SCOPE` (`SCOPE_ID_`,`SCOPE_TYPE_`),
  KEY `ACT_IDX_TJOB_SUB_SCOPE` (`SUB_SCOPE_ID_`,`SCOPE_TYPE_`),
  KEY `ACT_IDX_TJOB_SCOPE_DEF` (`SCOPE_DEFINITION_ID_`,`SCOPE_TYPE_`),
  KEY `ACT_FK_TIMER_JOB_EXECUTION` (`EXECUTION_ID_`),
  KEY `ACT_FK_TIMER_JOB_PROCESS_INSTANCE` (`PROCESS_INSTANCE_ID_`),
  KEY `ACT_FK_TIMER_JOB_PROC_DEF` (`PROC_DEF_ID_`),
  CONSTRAINT `ACT_FK_TIMER_JOB_CUSTOM_VALUES` FOREIGN KEY (`CUSTOM_VALUES_ID_`) REFERENCES `act_ge_bytearray` (`ID_`),
  CONSTRAINT `ACT_FK_TIMER_JOB_EXCEPTION` FOREIGN KEY (`EXCEPTION_STACK_ID_`) REFERENCES `act_ge_bytearray` (`ID_`),
  CONSTRAINT `ACT_FK_TIMER_JOB_EXECUTION` FOREIGN KEY (`EXECUTION_ID_`) REFERENCES `act_ru_execution` (`ID_`),
  CONSTRAINT `ACT_FK_TIMER_JOB_PROCESS_INSTANCE` FOREIGN KEY (`PROCESS_INSTANCE_ID_`) REFERENCES `act_ru_execution` (`ID_`),
  CONSTRAINT `ACT_FK_TIMER_JOB_PROC_DEF` FOREIGN KEY (`PROC_DEF_ID_`) REFERENCES `act_re_procdef` (`ID_`)
) ENGINE=InnoDB DEFAULT CHARSET=utf8 COLLATE=utf8_bin;

-- ----------------------------
-- Records of act_ru_timer_job
-- ----------------------------

-- ----------------------------
-- Table structure for act_ru_variable
-- ----------------------------
DROP TABLE IF EXISTS `act_ru_variable`;
CREATE TABLE `act_ru_variable` (
  `ID_` varchar(64) COLLATE utf8_bin NOT NULL,
  `REV_` int(11) DEFAULT NULL,
  `TYPE_` varchar(255) COLLATE utf8_bin NOT NULL,
  `NAME_` varchar(255) COLLATE utf8_bin NOT NULL,
  `EXECUTION_ID_` varchar(64) COLLATE utf8_bin DEFAULT NULL,
  `PROC_INST_ID_` varchar(64) COLLATE utf8_bin DEFAULT NULL,
  `TASK_ID_` varchar(64) COLLATE utf8_bin DEFAULT NULL,
  `SCOPE_ID_` varchar(255) COLLATE utf8_bin DEFAULT NULL,
  `SUB_SCOPE_ID_` varchar(255) COLLATE utf8_bin DEFAULT NULL,
  `SCOPE_TYPE_` varchar(255) COLLATE utf8_bin DEFAULT NULL,
  `BYTEARRAY_ID_` varchar(64) COLLATE utf8_bin DEFAULT NULL,
  `DOUBLE_` double DEFAULT NULL,
  `LONG_` bigint(20) DEFAULT NULL,
  `TEXT_` varchar(4000) COLLATE utf8_bin DEFAULT NULL,
  `TEXT2_` varchar(4000) COLLATE utf8_bin DEFAULT NULL,
  PRIMARY KEY (`ID_`),
  KEY `ACT_IDX_RU_VAR_SCOPE_ID_TYPE` (`SCOPE_ID_`,`SCOPE_TYPE_`),
  KEY `ACT_IDX_RU_VAR_SUB_ID_TYPE` (`SUB_SCOPE_ID_`,`SCOPE_TYPE_`),
  KEY `ACT_FK_VAR_BYTEARRAY` (`BYTEARRAY_ID_`),
  KEY `ACT_IDX_VARIABLE_TASK_ID` (`TASK_ID_`),
  KEY `ACT_FK_VAR_EXE` (`EXECUTION_ID_`),
  KEY `ACT_FK_VAR_PROCINST` (`PROC_INST_ID_`),
  CONSTRAINT `ACT_FK_VAR_BYTEARRAY` FOREIGN KEY (`BYTEARRAY_ID_`) REFERENCES `act_ge_bytearray` (`ID_`),
  CONSTRAINT `ACT_FK_VAR_EXE` FOREIGN KEY (`EXECUTION_ID_`) REFERENCES `act_ru_execution` (`ID_`),
  CONSTRAINT `ACT_FK_VAR_PROCINST` FOREIGN KEY (`PROC_INST_ID_`) REFERENCES `act_ru_execution` (`ID_`)
) ENGINE=InnoDB DEFAULT CHARSET=utf8 COLLATE=utf8_bin;

-- ----------------------------
-- Records of act_ru_variable
-- ----------------------------
INSERT INTO `act_ru_variable` VALUES ('4c98b612-466d-11ee-a6f0-601895569a42', '1', 'string', 'field101', '4c98b610-466d-11ee-a6f0-601895569a42', '4c98b610-466d-11ee-a6f0-601895569a42', null, null, null, null, null, null, null, '第三方付', null);
INSERT INTO `act_ru_variable` VALUES ('4c98b613-466d-11ee-a6f0-601895569a42', '1', 'null', 'field102', '4c98b610-466d-11ee-a6f0-601895569a42', '4c98b610-466d-11ee-a6f0-601895569a42', null, null, null, null, null, null, null, null, null);
INSERT INTO `act_ru_variable` VALUES ('4c98b614-466d-11ee-a6f0-601895569a42', '1', 'string', 'initiator', '4c98b610-466d-11ee-a6f0-601895569a42', '4c98b610-466d-11ee-a6f0-601895569a42', null, null, null, null, null, null, null, '1', null);
INSERT INTO `act_ru_variable` VALUES ('4c98b615-466d-11ee-a6f0-601895569a42', '1', 'string', 'processStatus', '4c98b610-466d-11ee-a6f0-601895569a42', '4c98b610-466d-11ee-a6f0-601895569a42', null, null, null, null, null, null, null, 'running', null);
INSERT INTO `act_ru_variable` VALUES ('f1d2d4ec-462e-11ee-b58f-601895569a42', '1', 'string', 'field101', 'f1d2d4ea-462e-11ee-b58f-601895569a42', 'f1d2d4ea-462e-11ee-b58f-601895569a42', null, null, null, null, null, null, null, '的舒服舒服', null);
INSERT INTO `act_ru_variable` VALUES ('f1d2d4ed-462e-11ee-b58f-601895569a42', '1', 'null', 'field102', 'f1d2d4ea-462e-11ee-b58f-601895569a42', 'f1d2d4ea-462e-11ee-b58f-601895569a42', null, null, null, null, null, null, null, null, null);
INSERT INTO `act_ru_variable` VALUES ('f1d2d4ee-462e-11ee-b58f-601895569a42', '1', 'string', 'initiator', 'f1d2d4ea-462e-11ee-b58f-601895569a42', 'f1d2d4ea-462e-11ee-b58f-601895569a42', null, null, null, null, null, null, null, '1', null);
INSERT INTO `act_ru_variable` VALUES ('f1d2d4ef-462e-11ee-b58f-601895569a42', '1', 'string', 'processStatus', 'f1d2d4ea-462e-11ee-b58f-601895569a42', 'f1d2d4ea-462e-11ee-b58f-601895569a42', null, null, null, null, null, null, null, 'running', null);

-- ----------------------------
-- Table structure for flw_channel_definition
-- ----------------------------
DROP TABLE IF EXISTS `flw_channel_definition`;
CREATE TABLE `flw_channel_definition` (
  `ID_` varchar(255) NOT NULL,
  `NAME_` varchar(255) DEFAULT NULL,
  `VERSION_` int(11) DEFAULT NULL,
  `KEY_` varchar(255) DEFAULT NULL,
  `CATEGORY_` varchar(255) DEFAULT NULL,
  `DEPLOYMENT_ID_` varchar(255) DEFAULT NULL,
  `CREATE_TIME_` datetime(3) DEFAULT NULL,
  `TENANT_ID_` varchar(255) DEFAULT NULL,
  `RESOURCE_NAME_` varchar(255) DEFAULT NULL,
  `DESCRIPTION_` varchar(255) DEFAULT NULL,
  `TYPE_` varchar(255) DEFAULT NULL,
  `IMPLEMENTATION_` varchar(255) DEFAULT NULL,
  PRIMARY KEY (`ID_`),
  UNIQUE KEY `ACT_IDX_CHANNEL_DEF_UNIQ` (`KEY_`,`VERSION_`,`TENANT_ID_`)
) ENGINE=InnoDB DEFAULT CHARSET=utf8mb4;

-- ----------------------------
-- Records of flw_channel_definition
-- ----------------------------

-- ----------------------------
-- Table structure for flw_event_definition
-- ----------------------------
DROP TABLE IF EXISTS `flw_event_definition`;
CREATE TABLE `flw_event_definition` (
  `ID_` varchar(255) NOT NULL,
  `NAME_` varchar(255) DEFAULT NULL,
  `VERSION_` int(11) DEFAULT NULL,
  `KEY_` varchar(255) DEFAULT NULL,
  `CATEGORY_` varchar(255) DEFAULT NULL,
  `DEPLOYMENT_ID_` varchar(255) DEFAULT NULL,
  `TENANT_ID_` varchar(255) DEFAULT NULL,
  `RESOURCE_NAME_` varchar(255) DEFAULT NULL,
  `DESCRIPTION_` varchar(255) DEFAULT NULL,
  PRIMARY KEY (`ID_`),
  UNIQUE KEY `ACT_IDX_EVENT_DEF_UNIQ` (`KEY_`,`VERSION_`,`TENANT_ID_`)
) ENGINE=InnoDB DEFAULT CHARSET=utf8mb4;

-- ----------------------------
-- Records of flw_event_definition
-- ----------------------------

-- ----------------------------
-- Table structure for flw_event_deployment
-- ----------------------------
DROP TABLE IF EXISTS `flw_event_deployment`;
CREATE TABLE `flw_event_deployment` (
  `ID_` varchar(255) NOT NULL,
  `NAME_` varchar(255) DEFAULT NULL,
  `CATEGORY_` varchar(255) DEFAULT NULL,
  `DEPLOY_TIME_` datetime(3) DEFAULT NULL,
  `TENANT_ID_` varchar(255) DEFAULT NULL,
  `PARENT_DEPLOYMENT_ID_` varchar(255) DEFAULT NULL,
  PRIMARY KEY (`ID_`)
) ENGINE=InnoDB DEFAULT CHARSET=utf8mb4;

-- ----------------------------
-- Records of flw_event_deployment
-- ----------------------------

-- ----------------------------
-- Table structure for flw_event_resource
-- ----------------------------
DROP TABLE IF EXISTS `flw_event_resource`;
CREATE TABLE `flw_event_resource` (
  `ID_` varchar(255) NOT NULL,
  `NAME_` varchar(255) DEFAULT NULL,
  `DEPLOYMENT_ID_` varchar(255) DEFAULT NULL,
  `RESOURCE_BYTES_` longblob,
  PRIMARY KEY (`ID_`)
) ENGINE=InnoDB DEFAULT CHARSET=utf8mb4;

-- ----------------------------
-- Records of flw_event_resource
-- ----------------------------

-- ----------------------------
-- Table structure for flw_ev_databasechangelog
-- ----------------------------
DROP TABLE IF EXISTS `flw_ev_databasechangelog`;
CREATE TABLE `flw_ev_databasechangelog` (
  `ID` varchar(255) NOT NULL,
  `AUTHOR` varchar(255) NOT NULL,
  `FILENAME` varchar(255) NOT NULL,
  `DATEEXECUTED` datetime NOT NULL,
  `ORDEREXECUTED` int(11) NOT NULL,
  `EXECTYPE` varchar(10) NOT NULL,
  `MD5SUM` varchar(35) DEFAULT NULL,
  `DESCRIPTION` varchar(255) DEFAULT NULL,
  `COMMENTS` varchar(255) DEFAULT NULL,
  `TAG` varchar(255) DEFAULT NULL,
  `LIQUIBASE` varchar(20) DEFAULT NULL,
  `CONTEXTS` varchar(255) DEFAULT NULL,
  `LABELS` varchar(255) DEFAULT NULL,
  `DEPLOYMENT_ID` varchar(10) DEFAULT NULL
) ENGINE=InnoDB DEFAULT CHARSET=utf8mb4;

-- ----------------------------
-- Records of flw_ev_databasechangelog
-- ----------------------------
INSERT INTO `flw_ev_databasechangelog` VALUES ('1', 'flowable', 'org/flowable/eventregistry/db/liquibase/flowable-eventregistry-db-changelog.xml', '2022-03-12 08:37:27', '1', 'EXECUTED', '8:1b0c48c9cf7945be799d868a2626d687', 'createTable tableName=FLW_EVENT_DEPLOYMENT; createTable tableName=FLW_EVENT_RESOURCE; createTable tableName=FLW_EVENT_DEFINITION; createIndex indexName=ACT_IDX_EVENT_DEF_UNIQ, tableName=FLW_EVENT_DEFINITION; createTable tableName=FLW_CHANNEL_DEFIN...', '', null, '4.5.0', null, null, '7074247706');
INSERT INTO `flw_ev_databasechangelog` VALUES ('2', 'flowable', 'org/flowable/eventregistry/db/liquibase/flowable-eventregistry-db-changelog.xml', '2022-03-12 08:37:28', '2', 'EXECUTED', '8:0ea825feb8e470558f0b5754352b9cda', 'addColumn tableName=FLW_CHANNEL_DEFINITION; addColumn tableName=FLW_CHANNEL_DEFINITION', '', null, '4.5.0', null, null, '7074247706');
INSERT INTO `flw_ev_databasechangelog` VALUES ('3', 'flowable', 'org/flowable/eventregistry/db/liquibase/flowable-eventregistry-db-changelog.xml', '2022-03-12 08:37:28', '3', 'EXECUTED', '8:3c2bb293350b5cbe6504331980c9dcee', 'customChange', '', null, '4.5.0', null, null, '7074247706');

-- ----------------------------
-- Table structure for flw_ev_databasechangeloglock
-- ----------------------------
DROP TABLE IF EXISTS `flw_ev_databasechangeloglock`;
CREATE TABLE `flw_ev_databasechangeloglock` (
  `ID` int(11) NOT NULL,
  `LOCKED` bit(1) NOT NULL,
  `LOCKGRANTED` datetime DEFAULT NULL,
  `LOCKEDBY` varchar(255) DEFAULT NULL,
  PRIMARY KEY (`ID`)
) ENGINE=InnoDB DEFAULT CHARSET=utf8mb4;

-- ----------------------------
-- Records of flw_ev_databasechangeloglock
-- ----------------------------
INSERT INTO `flw_ev_databasechangeloglock` VALUES ('1', '\0', null, null);

-- ----------------------------
-- Table structure for flw_ru_batch
-- ----------------------------
DROP TABLE IF EXISTS `flw_ru_batch`;
CREATE TABLE `flw_ru_batch` (
  `ID_` varchar(64) COLLATE utf8_bin NOT NULL,
  `REV_` int(11) DEFAULT NULL,
  `TYPE_` varchar(64) COLLATE utf8_bin NOT NULL,
  `SEARCH_KEY_` varchar(255) COLLATE utf8_bin DEFAULT NULL,
  `SEARCH_KEY2_` varchar(255) COLLATE utf8_bin DEFAULT NULL,
  `CREATE_TIME_` datetime(3) NOT NULL,
  `COMPLETE_TIME_` datetime(3) DEFAULT NULL,
  `STATUS_` varchar(255) COLLATE utf8_bin DEFAULT NULL,
  `BATCH_DOC_ID_` varchar(64) COLLATE utf8_bin DEFAULT NULL,
  `TENANT_ID_` varchar(255) COLLATE utf8_bin DEFAULT '',
  PRIMARY KEY (`ID_`)
) ENGINE=InnoDB DEFAULT CHARSET=utf8 COLLATE=utf8_bin;

-- ----------------------------
-- Records of flw_ru_batch
-- ----------------------------

-- ----------------------------
-- Table structure for flw_ru_batch_part
-- ----------------------------
DROP TABLE IF EXISTS `flw_ru_batch_part`;
CREATE TABLE `flw_ru_batch_part` (
  `ID_` varchar(64) COLLATE utf8_bin NOT NULL,
  `REV_` int(11) DEFAULT NULL,
  `BATCH_ID_` varchar(64) COLLATE utf8_bin DEFAULT NULL,
  `TYPE_` varchar(64) COLLATE utf8_bin NOT NULL,
  `SCOPE_ID_` varchar(64) COLLATE utf8_bin DEFAULT NULL,
  `SUB_SCOPE_ID_` varchar(64) COLLATE utf8_bin DEFAULT NULL,
  `SCOPE_TYPE_` varchar(64) COLLATE utf8_bin DEFAULT NULL,
  `SEARCH_KEY_` varchar(255) COLLATE utf8_bin DEFAULT NULL,
  `SEARCH_KEY2_` varchar(255) COLLATE utf8_bin DEFAULT NULL,
  `CREATE_TIME_` datetime(3) NOT NULL,
  `COMPLETE_TIME_` datetime(3) DEFAULT NULL,
  `STATUS_` varchar(255) COLLATE utf8_bin DEFAULT NULL,
  `RESULT_DOC_ID_` varchar(64) COLLATE utf8_bin DEFAULT NULL,
  `TENANT_ID_` varchar(255) COLLATE utf8_bin DEFAULT '',
  PRIMARY KEY (`ID_`),
  KEY `FLW_IDX_BATCH_PART` (`BATCH_ID_`),
  CONSTRAINT `FLW_FK_BATCH_PART_PARENT` FOREIGN KEY (`BATCH_ID_`) REFERENCES `flw_ru_batch` (`ID_`)
) ENGINE=InnoDB DEFAULT CHARSET=utf8 COLLATE=utf8_bin;

-- ----------------------------
-- Records of flw_ru_batch_part
-- ----------------------------

-- ----------------------------
-- Table structure for gen_table
-- ----------------------------
DROP TABLE IF EXISTS `gen_table`;
CREATE TABLE `gen_table` (
  `table_id` bigint(20) NOT NULL COMMENT '编号',
  `table_name` varchar(200) DEFAULT '' COMMENT '表名称',
  `table_comment` varchar(500) DEFAULT '' COMMENT '表描述',
  `sub_table_name` varchar(64) DEFAULT NULL COMMENT '关联子表的表名',
  `sub_table_fk_name` varchar(64) DEFAULT NULL COMMENT '子表关联的外键名',
  `class_name` varchar(100) DEFAULT '' COMMENT '实体类名称',
  `tpl_category` varchar(200) DEFAULT 'crud' COMMENT '使用的模板（crud单表操作 tree树表操作）',
  `package_name` varchar(100) DEFAULT NULL COMMENT '生成包路径',
  `module_name` varchar(30) DEFAULT NULL COMMENT '生成模块名',
  `business_name` varchar(30) DEFAULT NULL COMMENT '生成业务名',
  `function_name` varchar(50) DEFAULT NULL COMMENT '生成功能名',
  `function_author` varchar(50) DEFAULT NULL COMMENT '生成功能作者',
  `gen_type` char(1) DEFAULT '0' COMMENT '生成代码方式（0zip压缩包 1自定义路径）',
  `gen_path` varchar(200) DEFAULT '/' COMMENT '生成路径（不填默认项目路径）',
  `options` varchar(1000) DEFAULT NULL COMMENT '其它生成选项',
  `create_by` varchar(64) DEFAULT '' COMMENT '创建者',
  `create_time` datetime DEFAULT NULL COMMENT '创建时间',
  `update_by` varchar(64) DEFAULT '' COMMENT '更新者',
  `update_time` datetime DEFAULT NULL COMMENT '更新时间',
  `remark` varchar(500) DEFAULT NULL COMMENT '备注',
  PRIMARY KEY (`table_id`)
) ENGINE=InnoDB DEFAULT CHARSET=utf8mb4 COMMENT='代码生成业务表';

-- ----------------------------
-- Records of gen_table
-- ----------------------------

-- ----------------------------
-- Table structure for gen_table_column
-- ----------------------------
DROP TABLE IF EXISTS `gen_table_column`;
CREATE TABLE `gen_table_column` (
  `column_id` bigint(20) NOT NULL COMMENT '编号',
  `table_id` bigint(20) DEFAULT NULL COMMENT '归属表编号',
  `column_name` varchar(200) DEFAULT NULL COMMENT '列名称',
  `column_comment` varchar(500) DEFAULT NULL COMMENT '列描述',
  `column_type` varchar(100) DEFAULT NULL COMMENT '列类型',
  `java_type` varchar(500) DEFAULT NULL COMMENT 'JAVA类型',
  `java_field` varchar(200) DEFAULT NULL COMMENT 'JAVA字段名',
  `is_pk` char(1) DEFAULT NULL COMMENT '是否主键（1是）',
  `is_increment` char(1) DEFAULT NULL COMMENT '是否自增（1是）',
  `is_required` char(1) DEFAULT NULL COMMENT '是否必填（1是）',
  `is_insert` char(1) DEFAULT NULL COMMENT '是否为插入字段（1是）',
  `is_edit` char(1) DEFAULT NULL COMMENT '是否编辑字段（1是）',
  `is_list` char(1) DEFAULT NULL COMMENT '是否列表字段（1是）',
  `is_query` char(1) DEFAULT NULL COMMENT '是否查询字段（1是）',
  `query_type` varchar(200) DEFAULT 'EQ' COMMENT '查询方式（等于、不等于、大于、小于、范围）',
  `html_type` varchar(200) DEFAULT NULL COMMENT '显示类型（文本框、文本域、下拉框、复选框、单选框、日期控件）',
  `dict_type` varchar(200) DEFAULT '' COMMENT '字典类型',
  `sort` int(11) DEFAULT NULL COMMENT '排序',
  `create_by` varchar(64) DEFAULT '' COMMENT '创建者',
  `create_time` datetime DEFAULT NULL COMMENT '创建时间',
  `update_by` varchar(64) DEFAULT '' COMMENT '更新者',
  `update_time` datetime DEFAULT NULL COMMENT '更新时间',
  PRIMARY KEY (`column_id`)
) ENGINE=InnoDB DEFAULT CHARSET=utf8mb4 COMMENT='代码生成业务表字段';

-- ----------------------------
-- Records of gen_table_column
-- ----------------------------

-- ----------------------------
-- Table structure for sys_config
-- ----------------------------
DROP TABLE IF EXISTS `sys_config`;
CREATE TABLE `sys_config` (
  `config_id` bigint(20) NOT NULL COMMENT '参数主键',
  `config_name` varchar(100) DEFAULT '' COMMENT '参数名称',
  `config_key` varchar(100) DEFAULT '' COMMENT '参数键名',
  `config_value` varchar(500) DEFAULT '' COMMENT '参数键值',
  `config_type` char(1) DEFAULT 'N' COMMENT '系统内置（Y是 N否）',
  `create_by` varchar(64) DEFAULT '' COMMENT '创建者',
  `create_time` datetime DEFAULT NULL COMMENT '创建时间',
  `update_by` varchar(64) DEFAULT '' COMMENT '更新者',
  `update_time` datetime DEFAULT NULL COMMENT '更新时间',
  `remark` varchar(500) DEFAULT NULL COMMENT '备注',
  PRIMARY KEY (`config_id`)
) ENGINE=InnoDB DEFAULT CHARSET=utf8mb4 COMMENT='参数配置表';

-- ----------------------------
-- Records of sys_config
-- ----------------------------
INSERT INTO `sys_config` VALUES ('1', '主框架页-默认皮肤样式名称', 'sys.index.skinName', 'skin-blue', 'Y', 'admin', '2023-08-28 06:39:15', '', null, '蓝色 skin-blue、绿色 skin-green、紫色 skin-purple、红色 skin-red、黄色 skin-yellow');
INSERT INTO `sys_config` VALUES ('2', '用户管理-账号初始密码', 'sys.user.initPassword', '123456', 'Y', 'admin', '2023-08-28 06:39:15', '', null, '初始化密码 123456');
INSERT INTO `sys_config` VALUES ('3', '主框架页-侧边栏主题', 'sys.index.sideTheme', 'theme-dark', 'Y', 'admin', '2023-08-28 06:39:15', '', null, '深色主题theme-dark，浅色主题theme-light');
INSERT INTO `sys_config` VALUES ('4', '账号自助-验证码开关', 'sys.account.captchaEnabled', 'true', 'Y', 'admin', '2023-08-28 06:39:15', '', null, '是否开启验证码功能（true开启，false关闭）');
INSERT INTO `sys_config` VALUES ('5', '账号自助-是否开启用户注册功能', 'sys.account.registerUser', 'false', 'Y', 'admin', '2023-08-28 06:39:15', '', null, '是否开启注册用户功能（true开启，false关闭）');
INSERT INTO `sys_config` VALUES ('11', 'OSS预览列表资源开关', 'sys.oss.previewListResource', 'true', 'Y', 'admin', '2023-08-28 06:39:15', '', null, 'true:开启, false:关闭');

-- ----------------------------
-- Table structure for sys_dept
-- ----------------------------
DROP TABLE IF EXISTS `sys_dept`;
CREATE TABLE `sys_dept` (
  `dept_id` bigint(20) NOT NULL COMMENT '部门id',
  `parent_id` bigint(20) DEFAULT '0' COMMENT '父部门id',
  `ancestors` varchar(500) DEFAULT '' COMMENT '祖级列表',
  `dept_name` varchar(30) DEFAULT '' COMMENT '部门名称',
  `order_num` int(4) DEFAULT '0' COMMENT '显示顺序',
  `leader` varchar(20) DEFAULT NULL COMMENT '负责人',
  `phone` varchar(11) DEFAULT NULL COMMENT '联系电话',
  `email` varchar(50) DEFAULT NULL COMMENT '邮箱',
  `status` char(1) DEFAULT '0' COMMENT '部门状态（0正常 1停用）',
  `del_flag` char(1) DEFAULT '0' COMMENT '删除标志（0代表存在 2代表删除）',
  `create_by` varchar(64) DEFAULT '' COMMENT '创建者',
  `create_time` datetime DEFAULT NULL COMMENT '创建时间',
  `update_by` varchar(64) DEFAULT '' COMMENT '更新者',
  `update_time` datetime DEFAULT NULL COMMENT '更新时间',
  PRIMARY KEY (`dept_id`)
) ENGINE=InnoDB DEFAULT CHARSET=utf8mb4 COMMENT='部门表';

-- ----------------------------
-- Records of sys_dept
-- ----------------------------
INSERT INTO `sys_dept` VALUES ('100', '0', '0', '若依科技', '0', '若依', '15888888888', 'ry@qq.com', '0', '0', 'admin', '2023-08-28 06:39:15', '', null);
INSERT INTO `sys_dept` VALUES ('101', '100', '0,100', '深圳总公司', '1', '若依', '15888888888', 'ry@qq.com', '0', '0', 'admin', '2023-08-28 06:39:15', '', null);
INSERT INTO `sys_dept` VALUES ('102', '100', '0,100', '长沙分公司', '2', '若依', '15888888888', 'ry@qq.com', '0', '0', 'admin', '2023-08-28 06:39:15', '', null);
INSERT INTO `sys_dept` VALUES ('103', '101', '0,100,101', '研发部门', '1', '若依', '15888888888', 'ry@qq.com', '0', '0', 'admin', '2023-08-28 06:39:15', '', null);
INSERT INTO `sys_dept` VALUES ('104', '101', '0,100,101', '市场部门', '2', '若依', '15888888888', 'ry@qq.com', '0', '0', 'admin', '2023-08-28 06:39:15', '', null);
INSERT INTO `sys_dept` VALUES ('105', '101', '0,100,101', '测试部门', '3', '若依', '15888888888', 'ry@qq.com', '0', '0', 'admin', '2023-08-28 06:39:15', '', null);
INSERT INTO `sys_dept` VALUES ('106', '101', '0,100,101', '财务部门', '4', '若依', '15888888888', 'ry@qq.com', '0', '0', 'admin', '2023-08-28 06:39:15', '', null);
INSERT INTO `sys_dept` VALUES ('107', '101', '0,100,101', '运维部门', '5', '若依', '15888888888', 'ry@qq.com', '0', '0', 'admin', '2023-08-28 06:39:15', '', null);
INSERT INTO `sys_dept` VALUES ('108', '102', '0,100,102', '市场部门', '1', '若依', '15888888888', 'ry@qq.com', '0', '0', 'admin', '2023-08-28 06:39:15', '', null);
INSERT INTO `sys_dept` VALUES ('109', '102', '0,100,102', '财务部门', '2', '若依', '15888888888', 'ry@qq.com', '0', '0', 'admin', '2023-08-28 06:39:15', '', null);

-- ----------------------------
-- Table structure for sys_dict_data
-- ----------------------------
DROP TABLE IF EXISTS `sys_dict_data`;
CREATE TABLE `sys_dict_data` (
  `dict_code` bigint(20) NOT NULL COMMENT '字典编码',
  `dict_sort` int(4) DEFAULT '0' COMMENT '字典排序',
  `dict_label` varchar(100) DEFAULT '' COMMENT '字典标签',
  `dict_value` varchar(100) DEFAULT '' COMMENT '字典键值',
  `dict_type` varchar(100) DEFAULT '' COMMENT '字典类型',
  `css_class` varchar(100) DEFAULT NULL COMMENT '样式属性（其他样式扩展）',
  `list_class` varchar(100) DEFAULT NULL COMMENT '表格回显样式',
  `is_default` char(1) DEFAULT 'N' COMMENT '是否默认（Y是 N否）',
  `status` char(1) DEFAULT '0' COMMENT '状态（0正常 1停用）',
  `create_by` varchar(64) DEFAULT '' COMMENT '创建者',
  `create_time` datetime DEFAULT NULL COMMENT '创建时间',
  `update_by` varchar(64) DEFAULT '' COMMENT '更新者',
  `update_time` datetime DEFAULT NULL COMMENT '更新时间',
  `remark` varchar(500) DEFAULT NULL COMMENT '备注',
  PRIMARY KEY (`dict_code`)
) ENGINE=InnoDB DEFAULT CHARSET=utf8mb4 COMMENT='字典数据表';

-- ----------------------------
-- Records of sys_dict_data
-- ----------------------------
INSERT INTO `sys_dict_data` VALUES ('1', '1', '男', '0', 'sys_user_sex', '', '', 'Y', '0', 'admin', '2023-08-28 06:39:15', '', null, '性别男');
INSERT INTO `sys_dict_data` VALUES ('2', '2', '女', '1', 'sys_user_sex', '', '', 'N', '0', 'admin', '2023-08-28 06:39:15', '', null, '性别女');
INSERT INTO `sys_dict_data` VALUES ('3', '3', '未知', '2', 'sys_user_sex', '', '', 'N', '0', 'admin', '2023-08-28 06:39:15', '', null, '性别未知');
INSERT INTO `sys_dict_data` VALUES ('4', '1', '显示', '0', 'sys_show_hide', '', 'primary', 'Y', '0', 'admin', '2023-08-28 06:39:15', '', null, '显示菜单');
INSERT INTO `sys_dict_data` VALUES ('5', '2', '隐藏', '1', 'sys_show_hide', '', 'danger', 'N', '0', 'admin', '2023-08-28 06:39:15', '', null, '隐藏菜单');
INSERT INTO `sys_dict_data` VALUES ('6', '1', '正常', '0', 'sys_normal_disable', '', 'primary', 'Y', '0', 'admin', '2023-08-28 06:39:15', '', null, '正常状态');
INSERT INTO `sys_dict_data` VALUES ('7', '2', '停用', '1', 'sys_normal_disable', '', 'danger', 'N', '0', 'admin', '2023-08-28 06:39:15', '', null, '停用状态');
INSERT INTO `sys_dict_data` VALUES ('12', '1', '是', 'Y', 'sys_yes_no', '', 'primary', 'Y', '0', 'admin', '2023-08-28 06:39:15', '', null, '系统默认是');
INSERT INTO `sys_dict_data` VALUES ('13', '2', '否', 'N', 'sys_yes_no', '', 'danger', 'N', '0', 'admin', '2023-08-28 06:39:15', '', null, '系统默认否');
INSERT INTO `sys_dict_data` VALUES ('14', '1', '通知', '1', 'sys_notice_type', '', 'warning', 'Y', '0', 'admin', '2023-08-28 06:39:15', '', null, '通知');
INSERT INTO `sys_dict_data` VALUES ('15', '2', '公告', '2', 'sys_notice_type', '', 'success', 'N', '0', 'admin', '2023-08-28 06:39:15', '', null, '公告');
INSERT INTO `sys_dict_data` VALUES ('16', '1', '正常', '0', 'sys_notice_status', '', 'primary', 'Y', '0', 'admin', '2023-08-28 06:39:15', '', null, '正常状态');
INSERT INTO `sys_dict_data` VALUES ('17', '2', '关闭', '1', 'sys_notice_status', '', 'danger', 'N', '0', 'admin', '2023-08-28 06:39:15', '', null, '关闭状态');
INSERT INTO `sys_dict_data` VALUES ('18', '1', '新增', '1', 'sys_oper_type', '', 'info', 'N', '0', 'admin', '2023-08-28 06:39:15', '', null, '新增操作');
INSERT INTO `sys_dict_data` VALUES ('19', '2', '修改', '2', 'sys_oper_type', '', 'info', 'N', '0', 'admin', '2023-08-28 06:39:15', '', null, '修改操作');
INSERT INTO `sys_dict_data` VALUES ('20', '3', '删除', '3', 'sys_oper_type', '', 'danger', 'N', '0', 'admin', '2023-08-28 06:39:15', '', null, '删除操作');
INSERT INTO `sys_dict_data` VALUES ('21', '4', '授权', '4', 'sys_oper_type', '', 'primary', 'N', '0', 'admin', '2023-08-28 06:39:15', '', null, '授权操作');
INSERT INTO `sys_dict_data` VALUES ('22', '5', '导出', '5', 'sys_oper_type', '', 'warning', 'N', '0', 'admin', '2023-08-28 06:39:15', '', null, '导出操作');
INSERT INTO `sys_dict_data` VALUES ('23', '6', '导入', '6', 'sys_oper_type', '', 'warning', 'N', '0', 'admin', '2023-08-28 06:39:15', '', null, '导入操作');
INSERT INTO `sys_dict_data` VALUES ('24', '7', '强退', '7', 'sys_oper_type', '', 'danger', 'N', '0', 'admin', '2023-08-28 06:39:15', '', null, '强退操作');
INSERT INTO `sys_dict_data` VALUES ('25', '8', '生成代码', '8', 'sys_oper_type', '', 'warning', 'N', '0', 'admin', '2023-08-28 06:39:15', '', null, '生成操作');
INSERT INTO `sys_dict_data` VALUES ('26', '9', '清空数据', '9', 'sys_oper_type', '', 'danger', 'N', '0', 'admin', '2023-08-28 06:39:15', '', null, '清空操作');
INSERT INTO `sys_dict_data` VALUES ('27', '1', '成功', '0', 'sys_common_status', '', 'primary', 'N', '0', 'admin', '2023-08-28 06:39:15', '', null, '正常状态');
INSERT INTO `sys_dict_data` VALUES ('28', '2', '失败', '1', 'sys_common_status', '', 'danger', 'N', '0', 'admin', '2023-08-28 06:39:15', '', null, '停用状态');
INSERT INTO `sys_dict_data` VALUES ('29', '99', '其他', '0', 'sys_oper_type', '', 'info', 'N', '0', 'admin', '2023-08-28 06:39:15', '', null, '其他操作');
INSERT INTO `sys_dict_data` VALUES ('30', '1', '进行中', 'running', 'wf_process_status', '', 'primary', 'N', '0', 'admin', '2023-08-28 06:39:15', '', null, '进行中状态');
INSERT INTO `sys_dict_data` VALUES ('31', '2', '已终止', 'terminated', 'wf_process_status', '', 'danger', 'N', '0', 'admin', '2023-08-28 06:39:15', '', null, '已终止状态');
INSERT INTO `sys_dict_data` VALUES ('32', '3', '已完成', 'completed', 'wf_process_status', '', 'success', 'N', '0', 'admin', '2023-08-28 06:39:15', '', null, '已完成状态');
INSERT INTO `sys_dict_data` VALUES ('33', '4', '已取消', 'canceled', 'wf_process_status', '', 'warning', 'N', '0', 'admin', '2023-08-28 06:39:15', '', null, '已取消状态');

-- ----------------------------
-- Table structure for sys_dict_type
-- ----------------------------
DROP TABLE IF EXISTS `sys_dict_type`;
CREATE TABLE `sys_dict_type` (
  `dict_id` bigint(20) NOT NULL COMMENT '字典主键',
  `dict_name` varchar(100) DEFAULT '' COMMENT '字典名称',
  `dict_type` varchar(100) DEFAULT '' COMMENT '字典类型',
  `status` char(1) DEFAULT '0' COMMENT '状态（0正常 1停用）',
  `create_by` varchar(64) DEFAULT '' COMMENT '创建者',
  `create_time` datetime DEFAULT NULL COMMENT '创建时间',
  `update_by` varchar(64) DEFAULT '' COMMENT '更新者',
  `update_time` datetime DEFAULT NULL COMMENT '更新时间',
  `remark` varchar(500) DEFAULT NULL COMMENT '备注',
  PRIMARY KEY (`dict_id`),
  UNIQUE KEY `dict_type` (`dict_type`)
) ENGINE=InnoDB DEFAULT CHARSET=utf8mb4 COMMENT='字典类型表';

-- ----------------------------
-- Records of sys_dict_type
-- ----------------------------
INSERT INTO `sys_dict_type` VALUES ('1', '用户性别', 'sys_user_sex', '0', 'admin', '2023-08-28 06:39:15', '', null, '用户性别列表');
INSERT INTO `sys_dict_type` VALUES ('2', '菜单状态', 'sys_show_hide', '0', 'admin', '2023-08-28 06:39:15', '', null, '菜单状态列表');
INSERT INTO `sys_dict_type` VALUES ('3', '系统开关', 'sys_normal_disable', '0', 'admin', '2023-08-28 06:39:15', '', null, '系统开关列表');
INSERT INTO `sys_dict_type` VALUES ('6', '系统是否', 'sys_yes_no', '0', 'admin', '2023-08-28 06:39:15', '', null, '系统是否列表');
INSERT INTO `sys_dict_type` VALUES ('7', '通知类型', 'sys_notice_type', '0', 'admin', '2023-08-28 06:39:15', '', null, '通知类型列表');
INSERT INTO `sys_dict_type` VALUES ('8', '通知状态', 'sys_notice_status', '0', 'admin', '2023-08-28 06:39:15', '', null, '通知状态列表');
INSERT INTO `sys_dict_type` VALUES ('9', '操作类型', 'sys_oper_type', '0', 'admin', '2023-08-28 06:39:15', '', null, '操作类型列表');
INSERT INTO `sys_dict_type` VALUES ('10', '系统状态', 'sys_common_status', '0', 'admin', '2023-08-28 06:39:15', '', null, '登录状态列表');
INSERT INTO `sys_dict_type` VALUES ('11', '流程状态', 'wf_process_status', '0', 'admin', '2023-08-28 06:39:15', '', null, '工作流程状态');

-- ----------------------------
-- Table structure for sys_logininfor
-- ----------------------------
DROP TABLE IF EXISTS `sys_logininfor`;
CREATE TABLE `sys_logininfor` (
  `info_id` bigint(20) NOT NULL COMMENT '访问ID',
  `user_name` varchar(50) DEFAULT '' COMMENT '用户账号',
  `ipaddr` varchar(128) DEFAULT '' COMMENT '登录IP地址',
  `login_location` varchar(255) DEFAULT '' COMMENT '登录地点',
  `browser` varchar(50) DEFAULT '' COMMENT '浏览器类型',
  `os` varchar(50) DEFAULT '' COMMENT '操作系统',
  `status` char(1) DEFAULT '0' COMMENT '登录状态（0成功 1失败）',
  `msg` varchar(255) DEFAULT '' COMMENT '提示消息',
  `login_time` datetime DEFAULT NULL COMMENT '访问时间',
  PRIMARY KEY (`info_id`)
) ENGINE=InnoDB DEFAULT CHARSET=utf8mb4 COMMENT='系统访问记录';

-- ----------------------------
-- Records of sys_logininfor
-- ----------------------------
INSERT INTO `sys_logininfor` VALUES ('1696338906310873090', 'admin', '127.0.0.1', '内网IP', 'Chrome', 'Windows 10 or Windows Server 2016', '0', '登录成功', '2023-08-29 09:48:06');
INSERT INTO `sys_logininfor` VALUES ('1696343012182167554', 'admin', '127.0.0.1', '内网IP', 'Chrome', 'Windows 10 or Windows Server 2016', '0', '退出成功', '2023-08-29 10:04:25');
INSERT INTO `sys_logininfor` VALUES ('1696343033803804673', 'admin', '127.0.0.1', '内网IP', 'Chrome', 'Windows 10 or Windows Server 2016', '0', '登录成功', '2023-08-29 10:04:30');
INSERT INTO `sys_logininfor` VALUES ('1696348114381017090', 'admin', '127.0.0.1', '内网IP', 'Chrome', 'Windows 10 or Windows Server 2016', '0', '退出成功', '2023-08-29 10:24:42');
INSERT INTO `sys_logininfor` VALUES ('1696349903364919298', 'admin', '127.0.0.1', '内网IP', 'Chrome', 'Windows 10 or Windows Server 2016', '1', '验证码错误', '2023-08-29 10:31:48');
INSERT INTO `sys_logininfor` VALUES ('1696349925154328578', 'admin', '127.0.0.1', '内网IP', 'Chrome', 'Windows 10 or Windows Server 2016', '0', '登录成功', '2023-08-29 10:31:53');
INSERT INTO `sys_logininfor` VALUES ('1696394633276653569', 'admin', '127.0.0.1', '内网IP', 'Chrome', 'Windows 10 or Windows Server 2016', '0', '登录成功', '2023-08-29 13:29:33');
INSERT INTO `sys_logininfor` VALUES ('1696395196714287106', 'zhangsan', '127.0.0.1', '内网IP', 'Chrome', 'Windows 10 or Windows Server 2016', '0', '登录成功', '2023-08-29 13:31:47');
INSERT INTO `sys_logininfor` VALUES ('1696395454550736897', 'zhangsan', '127.0.0.1', '内网IP', 'Chrome', 'Windows 10 or Windows Server 2016', '0', '退出成功', '2023-08-29 13:32:49');
INSERT INTO `sys_logininfor` VALUES ('1696395482124091394', 'zhangsan', '127.0.0.1', '内网IP', 'Chrome', 'Windows 10 or Windows Server 2016', '0', '登录成功', '2023-08-29 13:32:55');
INSERT INTO `sys_logininfor` VALUES ('1696396855200808961', 'admin', '127.0.0.1', '内网IP', 'Chrome', 'Windows 10 or Windows Server 2016', '0', '退出成功', '2023-08-29 13:38:22');
INSERT INTO `sys_logininfor` VALUES ('1696396936918433793', 'ruoyi', '127.0.0.1', '内网IP', 'Chrome', 'Windows 10 or Windows Server 2016', '1', '验证码错误', '2023-08-29 13:38:42');
INSERT INTO `sys_logininfor` VALUES ('1696396995806461953', 'ry', '127.0.0.1', '内网IP', 'Chrome', 'Windows 10 or Windows Server 2016', '0', '登录成功', '2023-08-29 13:38:56');
INSERT INTO `sys_logininfor` VALUES ('1696398020915331074', 'ry', '127.0.0.1', '内网IP', 'Chrome', 'Windows 10 or Windows Server 2016', '0', '退出成功', '2023-08-29 13:43:00');
INSERT INTO `sys_logininfor` VALUES ('1696398038602711042', 'admin', '127.0.0.1', '内网IP', 'Chrome', 'Windows 10 or Windows Server 2016', '0', '登录成功', '2023-08-29 13:43:05');
INSERT INTO `sys_logininfor` VALUES ('1696509216901513218', 'admin', '127.0.0.1', '内网IP', 'Chrome', 'Windows 10 or Windows Server 2016', '0', '登录成功', '2023-08-29 21:04:52');
INSERT INTO `sys_logininfor` VALUES ('1700681091424587777', 'admin', '127.0.0.1', '内网IP', 'Chrome', 'Windows 10 or Windows Server 2016', '0', '登录成功', '2023-09-10 09:22:24');
INSERT INTO `sys_logininfor` VALUES ('1700717725482356737', 'admin', '127.0.0.1', '内网IP', 'Chrome', 'Android', '0', '登录成功', '2023-09-10 11:47:58');
INSERT INTO `sys_logininfor` VALUES ('1700787197157183490', 'admin', '127.0.0.1', '内网IP', 'Chrome', 'Android', '0', '登录成功', '2023-09-10 16:24:02');
INSERT INTO `sys_logininfor` VALUES ('1700808974583336961', 'admin', '127.0.0.1', '内网IP', 'Chrome', 'Windows 10 or Windows Server 2016', '0', '登录成功', '2023-09-10 17:50:34');
INSERT INTO `sys_logininfor` VALUES ('1700829357172723714', 'admin', '127.0.0.1', '内网IP', 'Chrome', 'Windows 10 or Windows Server 2016', '0', '登录成功', '2023-09-10 19:11:33');
INSERT INTO `sys_logininfor` VALUES ('1700839695523909633', 'admin', '127.0.0.1', '内网IP', 'Chrome', 'Windows 10 or Windows Server 2016', '0', '登录成功', '2023-09-10 19:52:38');
INSERT INTO `sys_logininfor` VALUES ('1700864190305406977', 'admin', '127.0.0.1', '内网IP', 'Chrome', 'Windows 10 or Windows Server 2016', '0', '登录成功', '2023-09-10 21:29:58');
INSERT INTO `sys_logininfor` VALUES ('1700888123650031617', 'admin', '127.0.0.1', '内网IP', 'Chrome', 'Android', '1', '验证码错误', '2023-09-10 23:05:04');
INSERT INTO `sys_logininfor` VALUES ('1700888170986946561', 'admin', '127.0.0.1', '内网IP', 'Chrome', 'Android', '0', '登录成功', '2023-09-10 23:05:16');
INSERT INTO `sys_logininfor` VALUES ('1701035987856318466', 'admin', '127.0.0.1', '内网IP', 'Chrome', 'Android', '0', '登录成功', '2023-09-11 08:52:38');
INSERT INTO `sys_logininfor` VALUES ('1701120947636240386', 'admin', '127.0.0.1', '内网IP', 'Chrome', 'Android', '0', '登录成功', '2023-09-11 14:30:14');
INSERT INTO `sys_logininfor` VALUES ('1701182581759250433', 'admin', '127.0.0.1', '内网IP', 'Chrome', 'Android', '0', '登录成功', '2023-09-11 18:35:09');
INSERT INTO `sys_logininfor` VALUES ('1701211374926413825', 'admin', '127.0.0.1', '内网IP', 'Chrome', 'Android', '0', '登录成功', '2023-09-11 20:29:33');
INSERT INTO `sys_logininfor` VALUES ('1701247798585270274', 'admin', '127.0.0.1', '内网IP', 'Chrome', 'Android', '0', '登录成功', '2023-09-11 22:54:17');
INSERT INTO `sys_logininfor` VALUES ('1701258403467702274', 'admin', '127.0.0.1', '内网IP', 'Chrome', 'Windows 10 or Windows Server 2016', '0', '登录成功', '2023-09-11 23:36:26');
INSERT INTO `sys_logininfor` VALUES ('1701393686351785986', 'admin', '127.0.0.1', '内网IP', 'Chrome', 'Android', '0', '登录成功', '2023-09-12 08:34:00');
INSERT INTO `sys_logininfor` VALUES ('1701459104680587265', 'admin', '127.0.0.1', '内网IP', 'Chrome', 'Windows 10 or Windows Server 2016', '0', '登录成功', '2023-09-12 12:53:57');
INSERT INTO `sys_logininfor` VALUES ('1701483682299465730', 'admin', '127.0.0.1', '内网IP', 'Chrome', 'Android', '0', '登录成功', '2023-09-12 14:31:37');
INSERT INTO `sys_logininfor` VALUES ('1701757780825055233', 'admin', '127.0.0.1', '内网IP', 'Chrome', 'Android', '0', '登录成功', '2023-09-13 08:40:47');
INSERT INTO `sys_logininfor` VALUES ('1701869233963864065', 'admin', '127.0.0.1', '内网IP', 'Chrome', 'Windows 10 or Windows Server 2016', '0', '退出成功', '2023-09-13 16:03:39');
INSERT INTO `sys_logininfor` VALUES ('1701869266159341569', 'admin', '127.0.0.1', '内网IP', 'Chrome', 'Windows 10 or Windows Server 2016', '0', '登录成功', '2023-09-13 16:03:47');
INSERT INTO `sys_logininfor` VALUES ('1701910042830524417', 'admin', '127.0.0.1', '内网IP', 'Chrome', 'Android', '0', '登录成功', '2023-09-13 18:45:49');
INSERT INTO `sys_logininfor` VALUES ('1701924733795520514', 'admin', '127.0.0.1', '内网IP', 'Chrome', 'Android', '0', '登录成功', '2023-09-13 19:44:11');
INSERT INTO `sys_logininfor` VALUES ('1701948138343284738', 'admin', '127.0.0.1', '内网IP', 'Chrome', 'Android', '0', '登录成功', '2023-09-13 21:17:12');
INSERT INTO `sys_logininfor` VALUES ('1701973844238499841', 'admin', '127.0.0.1', '内网IP', 'Chrome', 'Android', '0', '登录成功', '2023-09-13 22:59:20');
INSERT INTO `sys_logininfor` VALUES ('1701981558532415489', 'admin', '127.0.0.1', '内网IP', 'Chrome', 'Android', '0', '登录成功', '2023-09-13 23:29:59');
INSERT INTO `sys_logininfor` VALUES ('1702124144513290241', 'admin', '127.0.0.1', '内网IP', 'Chrome', 'Android', '0', '登录成功', '2023-09-14 08:56:35');
INSERT INTO `sys_logininfor` VALUES ('1702139720606502913', 'ry', '127.0.0.1', '内网IP', 'Chrome', 'Windows 10 or Windows Server 2016', '1', '验证码错误', '2023-09-14 09:58:28');
INSERT INTO `sys_logininfor` VALUES ('1702139741368307714', 'ry', '127.0.0.1', '内网IP', 'Chrome', 'Windows 10 or Windows Server 2016', '0', '登录成功', '2023-09-14 09:58:33');

-- ----------------------------
-- Table structure for sys_menu
-- ----------------------------
DROP TABLE IF EXISTS `sys_menu`;
CREATE TABLE `sys_menu` (
  `menu_id` bigint(20) NOT NULL COMMENT '菜单ID',
  `menu_name` varchar(50) NOT NULL COMMENT '菜单名称',
  `parent_id` bigint(20) DEFAULT '0' COMMENT '父菜单ID',
  `order_num` int(4) DEFAULT '0' COMMENT '显示顺序',
  `path` varchar(200) DEFAULT '' COMMENT '路由地址',
  `component` varchar(255) DEFAULT NULL COMMENT '组件路径',
  `query_param` varchar(255) DEFAULT NULL COMMENT '路由参数',
  `is_frame` int(1) DEFAULT '1' COMMENT '是否为外链（0是 1否）',
  `is_cache` int(1) DEFAULT '0' COMMENT '是否缓存（0缓存 1不缓存）',
  `menu_type` char(1) DEFAULT '' COMMENT '菜单类型（M目录 C菜单 F按钮）',
  `visible` char(1) DEFAULT '0' COMMENT '显示状态（0显示 1隐藏）',
  `status` char(1) DEFAULT '0' COMMENT '菜单状态（0正常 1停用）',
  `perms` varchar(100) DEFAULT NULL COMMENT '权限标识',
  `icon` varchar(100) DEFAULT '#' COMMENT '菜单图标',
  `create_by` varchar(64) DEFAULT '' COMMENT '创建者',
  `create_time` datetime DEFAULT NULL COMMENT '创建时间',
  `update_by` varchar(64) DEFAULT '' COMMENT '更新者',
  `update_time` datetime DEFAULT NULL COMMENT '更新时间',
  `remark` varchar(500) DEFAULT '' COMMENT '备注',
  PRIMARY KEY (`menu_id`)
) ENGINE=InnoDB DEFAULT CHARSET=utf8mb4 COMMENT='菜单权限表';

-- ----------------------------
-- Records of sys_menu
-- ----------------------------
INSERT INTO `sys_menu` VALUES ('1', '系统管理', '0', '6', 'system', null, '', '1', '0', 'M', '0', '0', '', 'system', 'admin', '2023-08-28 06:39:15', 'admin', '2023-09-10 09:24:08', '系统管理目录');
INSERT INTO `sys_menu` VALUES ('2', '系统监控', '0', '7', 'monitor', null, '', '1', '0', 'M', '0', '0', '', 'monitor', 'admin', '2023-08-28 06:39:15', 'admin', '2023-09-10 09:27:18', '系统监控目录');
INSERT INTO `sys_menu` VALUES ('3', '系统工具', '0', '8', 'tool', null, '', '1', '0', 'M', '0', '0', '', 'tool', 'admin', '2023-08-28 06:39:15', 'admin', '2023-09-10 09:29:47', '系统工具目录');
INSERT INTO `sys_menu` VALUES ('4', '流程管理', '0', '3', 'process', null, '', '1', '0', 'M', '0', '0', '', 'skill', 'admin', '2023-08-28 06:39:15', 'admin', '2023-09-10 09:29:55', '流程管理目录');
INSERT INTO `sys_menu` VALUES ('5', '任务管理', '0', '5', 'task', null, '', '1', '0', 'M', '0', '0', '', 'job', 'admin', '2023-08-28 06:39:15', 'admin', '2023-09-10 09:31:04', '办公管理目录');
INSERT INTO `sys_menu` VALUES ('100', '用户管理', '1', '1', 'user', 'system/user/index', '', '1', '0', 'C', '0', '0', 'system:user:list', 'user', 'admin', '2023-08-28 06:39:15', '', null, '用户管理菜单');
INSERT INTO `sys_menu` VALUES ('101', '角色管理', '1', '2', 'role', 'system/role/index', '', '1', '0', 'C', '0', '0', 'system:role:list', 'peoples', 'admin', '2023-08-28 06:39:15', '', null, '角色管理菜单');
INSERT INTO `sys_menu` VALUES ('102', '菜单管理', '1', '3', 'menu', 'system/menu/index', '', '1', '0', 'C', '0', '0', 'system:menu:list', 'tree-table', 'admin', '2023-08-28 06:39:15', '', null, '菜单管理菜单');
INSERT INTO `sys_menu` VALUES ('103', '部门管理', '1', '4', 'dept', 'system/dept/index', '', '1', '0', 'C', '0', '0', 'system:dept:list', 'tree', 'admin', '2023-08-28 06:39:15', '', null, '部门管理菜单');
INSERT INTO `sys_menu` VALUES ('104', '岗位管理', '1', '5', 'post', 'system/post/index', '', '1', '0', 'C', '0', '0', 'system:post:list', 'post', 'admin', '2023-08-28 06:39:15', '', null, '岗位管理菜单');
INSERT INTO `sys_menu` VALUES ('105', '字典管理', '1', '6', 'dict', 'system/dict/index', '', '1', '0', 'C', '0', '0', 'system:dict:list', 'dict', 'admin', '2023-08-28 06:39:15', '', null, '字典管理菜单');
INSERT INTO `sys_menu` VALUES ('106', '参数设置', '1', '7', 'config', 'system/config/index', '', '1', '0', 'C', '0', '0', 'system:config:list', 'edit', 'admin', '2023-08-28 06:39:15', '', null, '参数设置菜单');
INSERT INTO `sys_menu` VALUES ('107', '通知公告', '1', '8', 'notice', 'system/notice/index', '', '1', '0', 'C', '0', '0', 'system:notice:list', 'message', 'admin', '2023-08-28 06:39:15', '', null, '通知公告菜单');
INSERT INTO `sys_menu` VALUES ('108', '日志管理', '1', '9', 'log', '', '', '1', '0', 'M', '0', '0', '', 'log', 'admin', '2023-08-28 06:39:15', '', null, '日志管理菜单');
INSERT INTO `sys_menu` VALUES ('109', '在线用户', '2', '1', 'online', 'monitor/online/index', '', '1', '0', 'C', '0', '0', 'monitor:online:list', 'online', 'admin', '2023-08-28 06:39:15', '', null, '在线用户菜单');
INSERT INTO `sys_menu` VALUES ('111', '数据监控', '2', '3', 'druid', 'monitor/druid/index', '', '1', '0', 'C', '0', '0', 'monitor:druid:list', 'druid', 'admin', '2023-08-28 06:39:15', '', null, '数据监控菜单');
INSERT INTO `sys_menu` VALUES ('112', '缓存列表', '2', '6', 'cacheList', 'monitor/cache/list', '', '1', '0', 'C', '0', '0', 'monitor:cache:list', 'redis-list', 'admin', '2023-08-28 06:39:15', '', null, '缓存列表菜单');
INSERT INTO `sys_menu` VALUES ('113', '缓存监控', '2', '5', 'cache', 'monitor/cache/index', '', '1', '0', 'C', '0', '0', 'monitor:cache:list', 'redis', 'admin', '2023-08-28 06:39:15', '', null, '缓存监控菜单');
INSERT INTO `sys_menu` VALUES ('114', '表单构建', '3', '1', 'build', 'tool/build/index', '', '1', '0', 'C', '0', '0', 'tool:build:list', 'build', 'admin', '2023-08-28 06:39:15', '', null, '表单构建菜单');
INSERT INTO `sys_menu` VALUES ('115', '代码生成', '3', '2', 'gen', 'tool/gen/index', '', '1', '0', 'C', '0', '0', 'tool:gen:list', 'code', 'admin', '2023-08-28 06:39:15', '', null, '代码生成菜单');
INSERT INTO `sys_menu` VALUES ('117', 'Admin监控', '2', '5', 'Admin', 'monitor/admin/index', '', '1', '0', 'C', '0', '0', 'monitor:admin:list', 'dashboard', 'admin', '2023-08-28 06:39:15', '', null, 'Admin监控菜单');
INSERT INTO `sys_menu` VALUES ('118', '文件管理', '1', '10', 'oss', 'system/oss/index', '', '1', '0', 'C', '0', '0', 'system:oss:list', 'upload', 'admin', '2023-08-28 06:39:15', '', null, '文件管理菜单');
INSERT INTO `sys_menu` VALUES ('120', '任务调度中心', '2', '5', 'XxlJob', 'monitor/xxljob/index', '', '1', '0', 'C', '0', '0', 'monitor:xxljob:list', 'job', 'admin', '2023-08-28 06:39:15', '', null, 'Xxl-Job控制台菜单');
INSERT INTO `sys_menu` VALUES ('121', '流程分类', '4', '1', 'category', 'workflow/category/index', '', '1', '0', 'C', '0', '0', 'workflow:category:list', 'nested', 'admin', '2023-08-28 06:39:15', '', null, '流程分类菜单');
INSERT INTO `sys_menu` VALUES ('122', '表单配置', '4', '2', 'form', 'workflow/form/index', '', '1', '0', 'C', '0', '0', 'workflow:form:list', 'form', 'admin', '2023-08-28 06:39:15', '', null, '表单配置菜单');
INSERT INTO `sys_menu` VALUES ('123', '流程模型', '4', '3', 'model', 'workflow/model/index', '', '1', '0', 'C', '0', '0', 'workflow:model:list', 'component', 'admin', '2023-08-28 06:39:15', '', null, '流程模型菜单');
INSERT INTO `sys_menu` VALUES ('124', '部署管理', '4', '4', 'deploy', 'workflow/deploy/index', '', '1', '0', 'C', '0', '0', 'workflow:deploy:list', 'example', 'admin', '2023-08-28 06:39:15', '', null, '部署管理菜单');
INSERT INTO `sys_menu` VALUES ('125', '新建流程', '5', '1', 'create', 'workflow/work/index', '', '1', '0', 'C', '0', '0', 'workflow:process:startList', 'guide', 'admin', '2023-08-28 06:39:15', '', null, '新建流程菜单');
INSERT INTO `sys_menu` VALUES ('126', '我的流程', '5', '2', 'own', 'workflow/work/own', '', '1', '0', 'C', '0', '0', 'workflow:process:ownList', 'cascader', 'admin', '2023-08-28 06:39:15', '', null, '我的流程菜单');
INSERT INTO `sys_menu` VALUES ('127', '待办任务', '5', '3', 'todo', 'workflow/work/todo', '', '1', '0', 'C', '0', '0', 'workflow:process:todoList', 'time-range', 'admin', '2023-08-28 06:39:15', '', null, '待办任务菜单');
INSERT INTO `sys_menu` VALUES ('128', '待签任务', '5', '4', 'claim', 'workflow/work/claim', '', '1', '0', 'C', '0', '0', 'workflow:process:claimList', 'checkbox', 'admin', '2023-08-28 06:39:15', '', null, '待签任务菜单');
INSERT INTO `sys_menu` VALUES ('129', '已办任务', '5', '5', 'finished', 'workflow/work/finished', '', '1', '0', 'C', '0', '0', 'workflow:process:finishedList', 'checkbox', 'admin', '2023-08-28 06:39:15', '', null, '已办任务菜单');
INSERT INTO `sys_menu` VALUES ('130', '抄送我的', '5', '6', 'copy', 'workflow/work/copy', '', '1', '0', 'C', '0', '0', 'workflow:process:copyList', 'checkbox', 'admin', '2023-08-28 06:39:15', '', null, '抄送我的菜单');
INSERT INTO `sys_menu` VALUES ('500', '操作日志', '108', '1', 'operlog', 'monitor/operlog/index', '', '1', '0', 'C', '0', '0', 'monitor:operlog:list', 'form', 'admin', '2023-08-28 06:39:15', '', null, '操作日志菜单');
INSERT INTO `sys_menu` VALUES ('501', '登录日志', '108', '2', 'logininfor', 'monitor/logininfor/index', '', '1', '0', 'C', '0', '0', 'monitor:logininfor:list', 'logininfor', 'admin', '2023-08-28 06:39:15', '', null, '登录日志菜单');
INSERT INTO `sys_menu` VALUES ('1001', '用户查询', '100', '1', '', '', '', '1', '0', 'F', '0', '0', 'system:user:query', '#', 'admin', '2023-08-28 06:39:15', '', null, '');
INSERT INTO `sys_menu` VALUES ('1002', '用户新增', '100', '2', '', '', '', '1', '0', 'F', '0', '0', 'system:user:add', '#', 'admin', '2023-08-28 06:39:15', '', null, '');
INSERT INTO `sys_menu` VALUES ('1003', '用户修改', '100', '3', '', '', '', '1', '0', 'F', '0', '0', 'system:user:edit', '#', 'admin', '2023-08-28 06:39:15', '', null, '');
INSERT INTO `sys_menu` VALUES ('1004', '用户删除', '100', '4', '', '', '', '1', '0', 'F', '0', '0', 'system:user:remove', '#', 'admin', '2023-08-28 06:39:15', '', null, '');
INSERT INTO `sys_menu` VALUES ('1005', '用户导出', '100', '5', '', '', '', '1', '0', 'F', '0', '0', 'system:user:export', '#', 'admin', '2023-08-28 06:39:15', '', null, '');
INSERT INTO `sys_menu` VALUES ('1006', '用户导入', '100', '6', '', '', '', '1', '0', 'F', '0', '0', 'system:user:import', '#', 'admin', '2023-08-28 06:39:15', '', null, '');
INSERT INTO `sys_menu` VALUES ('1007', '重置密码', '100', '7', '', '', '', '1', '0', 'F', '0', '0', 'system:user:resetPwd', '#', 'admin', '2023-08-28 06:39:15', '', null, '');
INSERT INTO `sys_menu` VALUES ('1010', '角色查询', '101', '1', '', '', '', '1', '0', 'F', '0', '0', 'system:role:query', '#', 'admin', '2023-08-28 06:39:15', '', null, '');
INSERT INTO `sys_menu` VALUES ('1011', '角色新增', '101', '2', '', '', '', '1', '0', 'F', '0', '0', 'system:role:add', '#', 'admin', '2023-08-28 06:39:15', '', null, '');
INSERT INTO `sys_menu` VALUES ('1012', '角色修改', '101', '3', '', '', '', '1', '0', 'F', '0', '0', 'system:role:edit', '#', 'admin', '2023-08-28 06:39:15', '', null, '');
INSERT INTO `sys_menu` VALUES ('1013', '角色删除', '101', '4', '', '', '', '1', '0', 'F', '0', '0', 'system:role:remove', '#', 'admin', '2023-08-28 06:39:15', '', null, '');
INSERT INTO `sys_menu` VALUES ('1014', '角色导出', '101', '5', '', '', '', '1', '0', 'F', '0', '0', 'system:role:export', '#', 'admin', '2023-08-28 06:39:15', '', null, '');
INSERT INTO `sys_menu` VALUES ('1020', '菜单查询', '102', '1', '', '', '', '1', '0', 'F', '0', '0', 'system:menu:query', '#', 'admin', '2023-08-28 06:39:15', '', null, '');
INSERT INTO `sys_menu` VALUES ('1021', '菜单新增', '102', '2', '', '', '', '1', '0', 'F', '0', '0', 'system:menu:add', '#', 'admin', '2023-08-28 06:39:15', '', null, '');
INSERT INTO `sys_menu` VALUES ('1022', '菜单修改', '102', '3', '', '', '', '1', '0', 'F', '0', '0', 'system:menu:edit', '#', 'admin', '2023-08-28 06:39:15', '', null, '');
INSERT INTO `sys_menu` VALUES ('1023', '菜单删除', '102', '4', '', '', '', '1', '0', 'F', '0', '0', 'system:menu:remove', '#', 'admin', '2023-08-28 06:39:15', '', null, '');
INSERT INTO `sys_menu` VALUES ('1030', '部门查询', '103', '1', '', '', '', '1', '0', 'F', '0', '0', 'system:dept:query', '#', 'admin', '2023-08-28 06:39:15', '', null, '');
INSERT INTO `sys_menu` VALUES ('1031', '部门新增', '103', '2', '', '', '', '1', '0', 'F', '0', '0', 'system:dept:add', '#', 'admin', '2023-08-28 06:39:15', '', null, '');
INSERT INTO `sys_menu` VALUES ('1032', '部门修改', '103', '3', '', '', '', '1', '0', 'F', '0', '0', 'system:dept:edit', '#', 'admin', '2023-08-28 06:39:15', '', null, '');
INSERT INTO `sys_menu` VALUES ('1033', '部门删除', '103', '4', '', '', '', '1', '0', 'F', '0', '0', 'system:dept:remove', '#', 'admin', '2023-08-28 06:39:15', '', null, '');
INSERT INTO `sys_menu` VALUES ('1040', '岗位查询', '104', '1', '', '', '', '1', '0', 'F', '0', '0', 'system:post:query', '#', 'admin', '2023-08-28 06:39:15', '', null, '');
INSERT INTO `sys_menu` VALUES ('1041', '岗位新增', '104', '2', '', '', '', '1', '0', 'F', '0', '0', 'system:post:add', '#', 'admin', '2023-08-28 06:39:15', '', null, '');
INSERT INTO `sys_menu` VALUES ('1042', '岗位修改', '104', '3', '', '', '', '1', '0', 'F', '0', '0', 'system:post:edit', '#', 'admin', '2023-08-28 06:39:15', '', null, '');
INSERT INTO `sys_menu` VALUES ('1043', '岗位删除', '104', '4', '', '', '', '1', '0', 'F', '0', '0', 'system:post:remove', '#', 'admin', '2023-08-28 06:39:15', '', null, '');
INSERT INTO `sys_menu` VALUES ('1044', '岗位导出', '104', '5', '', '', '', '1', '0', 'F', '0', '0', 'system:post:export', '#', 'admin', '2023-08-28 06:39:15', '', null, '');
INSERT INTO `sys_menu` VALUES ('1050', '字典查询', '105', '1', '#', '', '', '1', '0', 'F', '0', '0', 'system:dict:query', '#', 'admin', '2023-08-28 06:39:15', '', null, '');
INSERT INTO `sys_menu` VALUES ('1051', '字典新增', '105', '2', '#', '', '', '1', '0', 'F', '0', '0', 'system:dict:add', '#', 'admin', '2023-08-28 06:39:15', '', null, '');
INSERT INTO `sys_menu` VALUES ('1052', '字典修改', '105', '3', '#', '', '', '1', '0', 'F', '0', '0', 'system:dict:edit', '#', 'admin', '2023-08-28 06:39:15', '', null, '');
INSERT INTO `sys_menu` VALUES ('1053', '字典删除', '105', '4', '#', '', '', '1', '0', 'F', '0', '0', 'system:dict:remove', '#', 'admin', '2023-08-28 06:39:15', '', null, '');
INSERT INTO `sys_menu` VALUES ('1054', '字典导出', '105', '5', '#', '', '', '1', '0', 'F', '0', '0', 'system:dict:export', '#', 'admin', '2023-08-28 06:39:15', '', null, '');
INSERT INTO `sys_menu` VALUES ('1060', '参数查询', '106', '1', '#', '', '', '1', '0', 'F', '0', '0', 'system:config:query', '#', 'admin', '2023-08-28 06:39:15', '', null, '');
INSERT INTO `sys_menu` VALUES ('1061', '参数新增', '106', '2', '#', '', '', '1', '0', 'F', '0', '0', 'system:config:add', '#', 'admin', '2023-08-28 06:39:15', '', null, '');
INSERT INTO `sys_menu` VALUES ('1062', '参数修改', '106', '3', '#', '', '', '1', '0', 'F', '0', '0', 'system:config:edit', '#', 'admin', '2023-08-28 06:39:15', '', null, '');
INSERT INTO `sys_menu` VALUES ('1063', '参数删除', '106', '4', '#', '', '', '1', '0', 'F', '0', '0', 'system:config:remove', '#', 'admin', '2023-08-28 06:39:15', '', null, '');
INSERT INTO `sys_menu` VALUES ('1064', '参数导出', '106', '5', '#', '', '', '1', '0', 'F', '0', '0', 'system:config:export', '#', 'admin', '2023-08-28 06:39:15', '', null, '');
INSERT INTO `sys_menu` VALUES ('1070', '公告查询', '107', '1', '#', '', '', '1', '0', 'F', '0', '0', 'system:notice:query', '#', 'admin', '2023-08-28 06:39:15', '', null, '');
INSERT INTO `sys_menu` VALUES ('1071', '公告新增', '107', '2', '#', '', '', '1', '0', 'F', '0', '0', 'system:notice:add', '#', 'admin', '2023-08-28 06:39:15', '', null, '');
INSERT INTO `sys_menu` VALUES ('1072', '公告修改', '107', '3', '#', '', '', '1', '0', 'F', '0', '0', 'system:notice:edit', '#', 'admin', '2023-08-28 06:39:15', '', null, '');
INSERT INTO `sys_menu` VALUES ('1073', '公告删除', '107', '4', '#', '', '', '1', '0', 'F', '0', '0', 'system:notice:remove', '#', 'admin', '2023-08-28 06:39:15', '', null, '');
INSERT INTO `sys_menu` VALUES ('1080', '操作查询', '500', '1', '#', '', '', '1', '0', 'F', '0', '0', 'monitor:operlog:query', '#', 'admin', '2023-08-28 06:39:15', '', null, '');
INSERT INTO `sys_menu` VALUES ('1081', '操作删除', '500', '2', '#', '', '', '1', '0', 'F', '0', '0', 'monitor:operlog:remove', '#', 'admin', '2023-08-28 06:39:15', '', null, '');
INSERT INTO `sys_menu` VALUES ('1082', '日志导出', '500', '4', '#', '', '', '1', '0', 'F', '0', '0', 'monitor:operlog:export', '#', 'admin', '2023-08-28 06:39:15', '', null, '');
INSERT INTO `sys_menu` VALUES ('1090', '登录查询', '501', '1', '#', '', '', '1', '0', 'F', '0', '0', 'monitor:logininfor:query', '#', 'admin', '2023-08-28 06:39:15', '', null, '');
INSERT INTO `sys_menu` VALUES ('1091', '登录删除', '501', '2', '#', '', '', '1', '0', 'F', '0', '0', 'monitor:logininfor:remove', '#', 'admin', '2023-08-28 06:39:15', '', null, '');
INSERT INTO `sys_menu` VALUES ('1092', '日志导出', '501', '3', '#', '', '', '1', '0', 'F', '0', '0', 'monitor:logininfor:export', '#', 'admin', '2023-08-28 06:39:15', '', null, '');
INSERT INTO `sys_menu` VALUES ('1093', '账户解锁', '501', '4', '#', '', '', '1', '0', 'F', '0', '0', 'monitor:logininfor:unlock', '#', 'admin', '2023-08-28 06:39:15', '', null, '');
INSERT INTO `sys_menu` VALUES ('1100', '在线查询', '109', '1', '#', '', '', '1', '0', 'F', '0', '0', 'monitor:online:query', '#', 'admin', '2023-08-28 06:39:15', '', null, '');
INSERT INTO `sys_menu` VALUES ('1101', '批量强退', '109', '2', '#', '', '', '1', '0', 'F', '0', '0', 'monitor:online:batchLogout', '#', 'admin', '2023-08-28 06:39:15', '', null, '');
INSERT INTO `sys_menu` VALUES ('1102', '单条强退', '109', '3', '#', '', '', '1', '0', 'F', '0', '0', 'monitor:online:forceLogout', '#', 'admin', '2023-08-28 06:39:15', '', null, '');
INSERT INTO `sys_menu` VALUES ('1120', '生成查询', '115', '1', '#', '', '', '1', '0', 'F', '0', '0', 'tool:gen:query', '#', 'admin', '2023-08-28 06:39:15', '', null, '');
INSERT INTO `sys_menu` VALUES ('1121', '生成修改', '115', '2', '#', '', '', '1', '0', 'F', '0', '0', 'tool:gen:edit', '#', 'admin', '2023-08-28 06:39:15', '', null, '');
INSERT INTO `sys_menu` VALUES ('1122', '生成删除', '115', '3', '#', '', '', '1', '0', 'F', '0', '0', 'tool:gen:remove', '#', 'admin', '2023-08-28 06:39:15', '', null, '');
INSERT INTO `sys_menu` VALUES ('1123', '导入代码', '115', '4', '#', '', '', '1', '0', 'F', '0', '0', 'tool:gen:import', '#', 'admin', '2023-08-28 06:39:15', '', null, '');
INSERT INTO `sys_menu` VALUES ('1124', '预览代码', '115', '5', '#', '', '', '1', '0', 'F', '0', '0', 'tool:gen:preview', '#', 'admin', '2023-08-28 06:39:15', '', null, '');
INSERT INTO `sys_menu` VALUES ('1125', '生成代码', '115', '6', '#', '', '', '1', '0', 'F', '0', '0', 'tool:gen:code', '#', 'admin', '2023-08-28 06:39:15', '', null, '');
INSERT INTO `sys_menu` VALUES ('1130', '文件查询', '118', '1', '#', '', '', '1', '0', 'F', '0', '0', 'system:oss:query', '#', 'admin', '2023-08-28 06:39:15', '', null, '');
INSERT INTO `sys_menu` VALUES ('1131', '文件上传', '118', '2', '#', '', '', '1', '0', 'F', '0', '0', 'system:oss:upload', '#', 'admin', '2023-08-28 06:39:15', '', null, '');
INSERT INTO `sys_menu` VALUES ('1132', '文件下载', '118', '3', '#', '', '', '1', '0', 'F', '0', '0', 'system:oss:download', '#', 'admin', '2023-08-28 06:39:15', '', null, '');
INSERT INTO `sys_menu` VALUES ('1133', '文件删除', '118', '4', '#', '', '', '1', '0', 'F', '0', '0', 'system:oss:remove', '#', 'admin', '2023-08-28 06:39:15', '', null, '');
INSERT INTO `sys_menu` VALUES ('1134', '配置添加', '118', '5', '#', '', '', '1', '0', 'F', '0', '0', 'system:oss:add', '#', 'admin', '2023-08-28 06:39:15', '', null, '');
INSERT INTO `sys_menu` VALUES ('1135', '配置编辑', '118', '6', '#', '', '', '1', '0', 'F', '0', '0', 'system:oss:edit', '#', 'admin', '2023-08-28 06:39:15', '', null, '');
INSERT INTO `sys_menu` VALUES ('1140', '分类查询', '121', '1', '#', '', '', '1', '0', 'F', '0', '0', 'workflow:category:query', '#', 'admin', '2023-08-28 06:39:15', '', null, '');
INSERT INTO `sys_menu` VALUES ('1141', '分类新增', '121', '2', '#', '', '', '1', '0', 'F', '0', '0', 'workflow:category:add', '#', 'admin', '2023-08-28 06:39:15', '', null, '');
INSERT INTO `sys_menu` VALUES ('1142', '分类编辑', '121', '3', '#', '', '', '1', '0', 'F', '0', '0', 'workflow:category:edit', '#', 'admin', '2023-08-28 06:39:15', '', null, '');
INSERT INTO `sys_menu` VALUES ('1143', '分类删除', '121', '4', '#', '', '', '1', '0', 'F', '0', '0', 'workflow:category:remove', '#', 'admin', '2023-08-28 06:39:15', '', null, '');
INSERT INTO `sys_menu` VALUES ('1150', '表单查询', '122', '1', '#', '', '', '1', '0', 'F', '0', '0', 'workflow:form:query', '#', 'admin', '2023-08-28 06:39:15', '', null, '');
INSERT INTO `sys_menu` VALUES ('1151', '表单新增', '122', '2', '#', '', '', '1', '0', 'F', '0', '0', 'workflow:form:add', '#', 'admin', '2023-08-28 06:39:15', '', null, '');
INSERT INTO `sys_menu` VALUES ('1152', '表单修改', '122', '3', '#', '', '', '1', '0', 'F', '0', '0', 'workflow:form:edit', '#', 'admin', '2023-08-28 06:39:15', '', null, '');
INSERT INTO `sys_menu` VALUES ('1153', '表单删除', '122', '4', '#', '', '', '1', '0', 'F', '0', '0', 'workflow:form:remove', '#', 'admin', '2023-08-28 06:39:15', '', null, '');
INSERT INTO `sys_menu` VALUES ('1154', '表单导出', '122', '5', '#', '', '', '1', '0', 'F', '0', '0', 'workflow:form:export', '#', 'admin', '2023-08-28 06:39:15', '', null, '');
INSERT INTO `sys_menu` VALUES ('1160', '模型查询', '123', '1', '#', '', '', '1', '0', 'F', '0', '0', 'workflow:model:query', '#', 'admin', '2023-08-28 06:39:15', '', null, '');
INSERT INTO `sys_menu` VALUES ('1161', '模型新增', '123', '2', '#', '', '', '1', '0', 'F', '0', '0', 'workflow:model:add', '#', 'admin', '2023-08-28 06:39:15', '', null, '');
INSERT INTO `sys_menu` VALUES ('1162', '模型修改', '123', '3', '#', '', '', '1', '0', 'F', '0', '0', 'workflow:model:edit', '#', 'admin', '2023-08-28 06:39:15', '', null, '');
INSERT INTO `sys_menu` VALUES ('1163', '模型删除', '123', '4', '#', '', '', '1', '0', 'F', '0', '0', 'workflow:model:remove', '#', 'admin', '2023-08-28 06:39:15', '', null, '');
INSERT INTO `sys_menu` VALUES ('1164', '模型导出', '123', '5', '#', '', '', '1', '0', 'F', '0', '0', 'workflow:model:export', '#', 'admin', '2023-08-28 06:39:15', '', null, '');
INSERT INTO `sys_menu` VALUES ('1165', '模型导入', '123', '6', '#', '', '', '1', '0', 'F', '0', '0', 'workflow:model:import', '#', 'admin', '2023-08-28 06:39:15', '', null, '');
INSERT INTO `sys_menu` VALUES ('1166', '模型设计', '123', '7', '#', '', '', '1', '0', 'F', '0', '0', 'workflow:model:designer', '#', 'admin', '2023-08-28 06:39:15', '', null, '');
INSERT INTO `sys_menu` VALUES ('1167', '模型保存', '123', '8', '#', '', '', '1', '0', 'F', '0', '0', 'workflow:model:save', '#', 'admin', '2023-08-28 06:39:15', '', null, '');
INSERT INTO `sys_menu` VALUES ('1168', '流程部署', '123', '9', '#', '', '', '1', '0', 'F', '0', '0', 'workflow:model:deploy', '#', 'admin', '2023-08-28 06:39:15', '', null, '');
INSERT INTO `sys_menu` VALUES ('1170', '部署查询', '124', '1', '#', '', '', '1', '0', 'F', '0', '0', 'workflow:deploy:query', '#', 'admin', '2023-08-28 06:39:15', '', null, '');
INSERT INTO `sys_menu` VALUES ('1171', '部署删除', '124', '2', '#', '', '', '1', '0', 'F', '0', '0', 'workflow:deploy:remove', '#', 'admin', '2023-08-28 06:39:15', '', null, '');
INSERT INTO `sys_menu` VALUES ('1172', '更新状态', '124', '3', '#', '', '', '1', '0', 'F', '0', '0', 'workflow:deploy:status', '#', 'admin', '2023-08-28 06:39:15', '', null, '');
INSERT INTO `sys_menu` VALUES ('1180', '发起流程', '125', '1', '#', '', '', '1', '0', 'F', '0', '0', 'workflow:process:start', '#', 'admin', '2023-08-28 06:39:15', '', null, '');
INSERT INTO `sys_menu` VALUES ('1181', '新建流程导出', '125', '2', '#', '', '', '1', '0', 'F', '0', '0', 'workflow:process:startExport', '#', 'admin', '2023-08-28 06:39:15', '', null, '');
INSERT INTO `sys_menu` VALUES ('1190', '流程详情', '126', '1', '#', '', '', '1', '0', 'F', '0', '0', 'workflow:process:query', '#', 'admin', '2023-08-28 06:39:15', '', null, '');
INSERT INTO `sys_menu` VALUES ('1191', '流程删除', '126', '2', '#', '', '', '1', '0', 'F', '0', '0', 'workflow:process:remove', '#', 'admin', '2023-08-28 06:39:15', '', null, '');
INSERT INTO `sys_menu` VALUES ('1192', '流程取消', '126', '3', '#', '', '', '1', '0', 'F', '0', '0', 'workflow:process:cancel', '#', 'admin', '2023-08-28 06:39:15', '', null, '');
INSERT INTO `sys_menu` VALUES ('1193', '我的流程导出', '126', '4', '#', '', '', '1', '0', 'F', '0', '0', 'workflow:process:ownExport', '#', 'admin', '2023-08-28 06:39:15', '', null, '');
INSERT INTO `sys_menu` VALUES ('1200', '流程办理', '127', '1', '#', '', '', '1', '0', 'F', '0', '0', 'workflow:process:approval', '#', 'admin', '2023-08-28 06:39:15', '', null, '');
INSERT INTO `sys_menu` VALUES ('1201', '待办流程导出', '127', '2', '#', '', '', '1', '0', 'F', '0', '0', 'workflow:process:todoExport', '#', 'admin', '2023-08-28 06:39:15', '', null, '');
INSERT INTO `sys_menu` VALUES ('1210', '流程签收', '128', '1', '#', '', '', '1', '0', 'F', '0', '0', 'workflow:process:claim', '#', 'admin', '2023-08-28 06:39:15', '', null, '');
INSERT INTO `sys_menu` VALUES ('1211', '待签流程导出', '128', '2', '#', '', '', '1', '0', 'F', '0', '0', 'workflow:process:claimExport', '#', 'admin', '2023-08-28 06:39:15', '', null, '');
INSERT INTO `sys_menu` VALUES ('1220', '流程撤回', '129', '1', '#', '', '', '1', '0', 'F', '0', '0', 'workflow:process:revoke', '#', 'admin', '2023-08-28 06:39:15', '', null, '');
INSERT INTO `sys_menu` VALUES ('1221', '已办流程导出', '129', '2', '#', '', '', '1', '0', 'F', '0', '0', 'workflow:process:finishedExport', '#', 'admin', '2023-08-28 06:39:15', '', null, '');
INSERT INTO `sys_menu` VALUES ('1230', '抄送流程导出', '130', '1', '#', '', '', '1', '0', 'F', '0', '0', 'workflow:process:copyExport', '#', 'admin', '2023-08-28 06:39:15', '', null, '');
INSERT INTO `sys_menu` VALUES ('1700681835728998402', '个人 中心', '0', '1', 'personal ', null, null, '1', '0', 'M', '0', '0', null, 'user', 'admin', '2023-09-10 09:25:21', 'admin', '2023-09-10 09:26:50', '');

-- ----------------------------
-- Table structure for sys_notice
-- ----------------------------
DROP TABLE IF EXISTS `sys_notice`;
CREATE TABLE `sys_notice` (
  `notice_id` bigint(20) NOT NULL COMMENT '公告ID',
  `notice_title` varchar(50) NOT NULL COMMENT '公告标题',
  `notice_type` char(1) NOT NULL COMMENT '公告类型（1通知 2公告）',
  `notice_content` longblob COMMENT '公告内容',
  `status` char(1) DEFAULT '0' COMMENT '公告状态（0正常 1关闭）',
  `create_by` varchar(64) DEFAULT '' COMMENT '创建者',
  `create_time` datetime DEFAULT NULL COMMENT '创建时间',
  `update_by` varchar(64) DEFAULT '' COMMENT '更新者',
  `update_time` datetime DEFAULT NULL COMMENT '更新时间',
  `remark` varchar(255) DEFAULT NULL COMMENT '备注',
  PRIMARY KEY (`notice_id`)
) ENGINE=InnoDB DEFAULT CHARSET=utf8mb4 COMMENT='通知公告表';

-- ----------------------------
-- Records of sys_notice
-- ----------------------------
INSERT INTO `sys_notice` VALUES ('1', '温馨提醒：2018-07-01 新版本发布啦', '2', 0xE696B0E78988E69CACE58685E5AEB9, '0', 'admin', '2023-08-28 06:39:15', '', null, '管理员');
INSERT INTO `sys_notice` VALUES ('2', '维护通知：2018-07-01 系统凌晨维护', '1', 0xE7BBB4E68AA4E58685E5AEB9, '0', 'admin', '2023-08-28 06:39:15', '', null, '管理员');

-- ----------------------------
-- Table structure for sys_oper_log
-- ----------------------------
DROP TABLE IF EXISTS `sys_oper_log`;
CREATE TABLE `sys_oper_log` (
  `oper_id` bigint(20) NOT NULL COMMENT '日志主键',
  `title` varchar(50) DEFAULT '' COMMENT '模块标题',
  `business_type` int(2) DEFAULT '0' COMMENT '业务类型（0其它 1新增 2修改 3删除）',
  `method` varchar(100) DEFAULT '' COMMENT '方法名称',
  `request_method` varchar(10) DEFAULT '' COMMENT '请求方式',
  `operator_type` int(1) DEFAULT '0' COMMENT '操作类别（0其它 1后台用户 2手机端用户）',
  `oper_name` varchar(50) DEFAULT '' COMMENT '操作人员',
  `dept_name` varchar(50) DEFAULT '' COMMENT '部门名称',
  `oper_url` varchar(255) DEFAULT '' COMMENT '请求URL',
  `oper_ip` varchar(128) DEFAULT '' COMMENT '主机地址',
  `oper_location` varchar(255) DEFAULT '' COMMENT '操作地点',
  `oper_param` varchar(2000) DEFAULT '' COMMENT '请求参数',
  `json_result` varchar(2000) DEFAULT '' COMMENT '返回参数',
  `status` int(1) DEFAULT '0' COMMENT '操作状态（0正常 1异常）',
  `error_msg` varchar(2000) DEFAULT '' COMMENT '错误消息',
  `oper_time` datetime DEFAULT NULL COMMENT '操作时间',
  PRIMARY KEY (`oper_id`)
) ENGINE=InnoDB DEFAULT CHARSET=utf8mb4 COMMENT='操作日志记录';

-- ----------------------------
-- Records of sys_oper_log
-- ----------------------------
INSERT INTO `sys_oper_log` VALUES ('1696342713392533506', '流程表单', '1', 'com.ruoyi.web.controller.workflow.WfFormController.add()', 'POST', '1', 'admin', '', '/workflow/form', '127.0.0.1', '内网IP', '{\"createBy\":null,\"createTime\":null,\"updateBy\":null,\"updateTime\":null,\"formId\":null,\"formName\":\"测试上传表单\",\"content\":\"{\\\"formRef\\\":\\\"elForm\\\",\\\"formModel\\\":\\\"formData\\\",\\\"size\\\":\\\"medium\\\",\\\"labelPosition\\\":\\\"right\\\",\\\"labelWidth\\\":100,\\\"formRules\\\":\\\"rules\\\",\\\"gutter\\\":15,\\\"disabled\\\":false,\\\"span\\\":24,\\\"formBtns\\\":true,\\\"fields\\\":[{\\\"__config__\\\":{\\\"label\\\":\\\"单行文本\\\",\\\"labelWidth\\\":null,\\\"showLabel\\\":true,\\\"changeTag\\\":true,\\\"tag\\\":\\\"el-input\\\",\\\"tagIcon\\\":\\\"input\\\",\\\"required\\\":true,\\\"layout\\\":\\\"colFormItem\\\",\\\"span\\\":24,\\\"document\\\":\\\"https://element.eleme.cn/#/zh-CN/component/input\\\",\\\"regList\\\":[],\\\"formId\\\":101,\\\"renderKey\\\":\\\"1011693274577157\\\"},\\\"__slot__\\\":{\\\"prepend\\\":\\\"\\\",\\\"append\\\":\\\"\\\"},\\\"placeholder\\\":\\\"请输入单行文本\\\",\\\"style\\\":{\\\"width\\\":\\\"100%\\\"},\\\"clearable\\\":true,\\\"prefix-icon\\\":\\\"\\\",\\\"suffix-icon\\\":\\\"\\\",\\\"maxlength\\\":null,\\\"show-word-limit\\\":false,\\\"readonly\\\":false,\\\"disabled\\\":false,\\\"__vModel__\\\":\\\"field101\\\"},{\\\"__config__\\\":{\\\"label\\\":\\\"上传\\\",\\\"tag\\\":\\\"el-upload\\\",\\\"tagIcon\\\":\\\"upload\\\",\\\"layout\\\":\\\"colFormItem\\\",\\\"defaultValue\\\":null,\\\"showLabel\\\":true,\\\"labelWidth\\\":null,\\\"required\\\":true,\\\"span\\\":24,\\\"showTip\\\":false,\\\"buttonText\\\":\\\"点击上传\\\",\\\"regList\\\":[],\\\"changeTag\\\":true,\\\"fileSize\\\":2,\\\"sizeUnit\\\":\\\"MB\\\",\\\"document\\\":\\\"https://element.eleme.cn/#/zh-CN/component/upload\\\",\\\"formId\\\":102,\\\"renderKey\\\":\\\"1021693274579012\\\"},\\\"__slot__\\\":{\\\"list-type\\\":true},\\\"action\\\":\\\"/dev-api/system/oss/upload\\\",\\\"disabled\\\":false,\\\"accept\\\":\\\"\\\",\\\"name\\\":\\\"file\\\",\\\"auto-upload\\\":true,\\\"list-type\\\":\\\"text\\\",\\\"multiple\\\":false,\\\"__vModel__\\\":\\\"field102\\\"}]}\",\"remark\":\"测试上传表单\"}', '{\"code\":200,\"msg\":\"操作成功\",\"data\":null}', '0', '', '2023-08-29 10:03:14');
INSERT INTO `sys_oper_log` VALUES ('1696342867331878914', '流程分类', '1', 'com.ruoyi.web.controller.workflow.WfCategoryController.add()', 'POST', '1', 'admin', '', '/workflow/category', '127.0.0.1', '内网IP', '{\"createBy\":null,\"createTime\":null,\"updateBy\":null,\"updateTime\":null,\"categoryId\":null,\"categoryName\":\"测试流程\",\"code\":\"celc\",\"remark\":\"测试流程\",\"delFlag\":null}', '{\"code\":200,\"msg\":\"操作成功\",\"data\":null}', '0', '', '2023-08-29 10:03:51');
INSERT INTO `sys_oper_log` VALUES ('1696343121213100033', '流程模型', '1', 'com.ruoyi.web.controller.workflow.WfModelController.add()', 'POST', '1', 'admin', '', '/workflow/model', '127.0.0.1', '内网IP', '{\"modelId\":null,\"modelName\":\"业务流程_测试上传文件流程\",\"modelKey\":\"Process_1693274676504\",\"category\":\"celc\",\"description\":null,\"formType\":null,\"formId\":null,\"bpmnXml\":null,\"newVersion\":null}', '{\"code\":200,\"msg\":\"操作成功\",\"data\":null}', '0', '', '2023-08-29 10:04:51');
INSERT INTO `sys_oper_log` VALUES ('1696343337580466177', '保存流程模型', '1', 'com.ruoyi.web.controller.workflow.WfModelController.save()', 'POST', '1', 'admin', '', '/workflow/model/save', '127.0.0.1', '内网IP', '{\"modelId\":\"704f99da-4610-11ee-bc76-601895569a42\",\"modelName\":null,\"modelKey\":null,\"category\":null,\"description\":null,\"formType\":null,\"formId\":null,\"bpmnXml\":\"<?xml version=\\\"1.0\\\" encoding=\\\"UTF-8\\\"?>\\n<bpmn2:definitions xmlns:xsi=\\\"http://www.w3.org/2001/XMLSchema-instance\\\" xmlns:bpmn2=\\\"http://www.omg.org/spec/BPMN/20100524/MODEL\\\" xmlns:bpmndi=\\\"http://www.omg.org/spec/BPMN/20100524/DI\\\" xmlns:dc=\\\"http://www.omg.org/spec/DD/20100524/DC\\\" xmlns:di=\\\"http://www.omg.org/spec/DD/20100524/DI\\\" xmlns:flowable=\\\"http://flowable.org/bpmn\\\" id=\\\"diagram_Process_1693274676504\\\" targetNamespace=\\\"http://flowable.org/bpmn\\\" xsi:schemaLocation=\\\"http://www.omg.org/spec/BPMN/20100524/MODEL BPMN20.xsd\\\">\\n  <bpmn2:process id=\\\"Process_1693274676504\\\" name=\\\"业务流程_测试上传文件流程\\\" isExecutable=\\\"true\\\">\\n    <bpmn2:startEvent id=\\\"Event_0gt7djs\\\">\\n      <bpmn2:outgoing>Flow_1s6hspv</bpmn2:outgoing>\\n    </bpmn2:startEvent>\\n    <bpmn2:userTask id=\\\"Activity_13yamhx\\\" flowable:dataType=\\\"INITIATOR\\\" flowable:assignee=\\\"${initiator}\\\" flowable:text=\\\"流程发起人\\\">\\n      <bpmn2:incoming>Flow_1s6hspv</bpmn2:incoming>\\n      <bpmn2:outgoing>Flow_0a6992y</bpmn2:outgoing>\\n    </bpmn2:userTask>\\n    <bpmn2:sequenceFlow id=\\\"Flow_1s6hspv\\\" sourceRef=\\\"Event_0gt7djs\\\" targetRef=\\\"Activity_13yamhx\\\" />\\n    <bpmn2:userTask id=\\\"Activity_1y9h5oh\\\" flowable:dataType=\\\"USERS\\\" flowable:assignee=\\\"1\\\" flowable:text=\\\"若依管理员\\\">\\n      <bpmn2:incoming>Flow_0a6992y</bpmn2:incoming>\\n      <bpmn2:outgoing>Flow_1el77h3</bpmn2:outgoing>\\n    </bpmn2:userTask>\\n    <bpmn2:sequenceFlow id=\\\"Flow_0a6992y\\\" sourceRef=\\\"Activity_13yamhx\\\" targetRef=\\\"Activity_1y9h5oh\\\" />\\n    <bpmn2:userTask id=\\\"Activity_19mgb4c\\\" flowable:dataType=\\\"USERS\\\" flowable:assignee=\\\"2\\\" flowable:text=\\\"若依\\\">\\n      <bpmn2:incoming>Flow_1el77h3</bpmn2:incoming>\\n      <bpmn2:outgoing>Flow_01r09xu</bpmn2:outgoing>\\n    </bpmn2:userTask>\\n    <bpmn2:sequenceFlow id=\\\"Flow_1el77h3\\\" sourceRef=\\\"Activity_1y9h5oh\\\" targetRef=\\\"Activity_', '', '1', '请配置流程表单', '2023-08-29 10:05:43');
INSERT INTO `sys_oper_log` VALUES ('1696343419570720769', '保存流程模型', '1', 'com.ruoyi.web.controller.workflow.WfModelController.save()', 'POST', '1', 'admin', '', '/workflow/model/save', '127.0.0.1', '内网IP', '{\"modelId\":\"704f99da-4610-11ee-bc76-601895569a42\",\"modelName\":null,\"modelKey\":null,\"category\":null,\"description\":null,\"formType\":null,\"formId\":null,\"bpmnXml\":\"<?xml version=\\\"1.0\\\" encoding=\\\"UTF-8\\\"?>\\n<bpmn2:definitions xmlns:xsi=\\\"http://www.w3.org/2001/XMLSchema-instance\\\" xmlns:bpmn2=\\\"http://www.omg.org/spec/BPMN/20100524/MODEL\\\" xmlns:bpmndi=\\\"http://www.omg.org/spec/BPMN/20100524/DI\\\" xmlns:dc=\\\"http://www.omg.org/spec/DD/20100524/DC\\\" xmlns:di=\\\"http://www.omg.org/spec/DD/20100524/DI\\\" xmlns:flowable=\\\"http://flowable.org/bpmn\\\" id=\\\"diagram_Process_1693274676504\\\" targetNamespace=\\\"http://flowable.org/bpmn\\\" xsi:schemaLocation=\\\"http://www.omg.org/spec/BPMN/20100524/MODEL BPMN20.xsd\\\">\\n  <bpmn2:process id=\\\"Process_1693274676504\\\" name=\\\"业务流程_测试上传文件流程\\\" isExecutable=\\\"true\\\">\\n    <bpmn2:startEvent id=\\\"Event_0gt7djs\\\">\\n      <bpmn2:outgoing>Flow_1s6hspv</bpmn2:outgoing>\\n    </bpmn2:startEvent>\\n    <bpmn2:userTask id=\\\"Activity_13yamhx\\\" flowable:formKey=\\\"key_1696342713128292354\\\" flowable:dataType=\\\"INITIATOR\\\" flowable:assignee=\\\"${initiator}\\\" flowable:text=\\\"流程发起人\\\">\\n      <bpmn2:incoming>Flow_1s6hspv</bpmn2:incoming>\\n      <bpmn2:outgoing>Flow_0a6992y</bpmn2:outgoing>\\n    </bpmn2:userTask>\\n    <bpmn2:sequenceFlow id=\\\"Flow_1s6hspv\\\" sourceRef=\\\"Event_0gt7djs\\\" targetRef=\\\"Activity_13yamhx\\\" />\\n    <bpmn2:userTask id=\\\"Activity_1y9h5oh\\\" flowable:dataType=\\\"USERS\\\" flowable:assignee=\\\"1\\\" flowable:text=\\\"若依管理员\\\">\\n      <bpmn2:incoming>Flow_0a6992y</bpmn2:incoming>\\n      <bpmn2:outgoing>Flow_1el77h3</bpmn2:outgoing>\\n    </bpmn2:userTask>\\n    <bpmn2:sequenceFlow id=\\\"Flow_0a6992y\\\" sourceRef=\\\"Activity_13yamhx\\\" targetRef=\\\"Activity_1y9h5oh\\\" />\\n    <bpmn2:userTask id=\\\"Activity_19mgb4c\\\" flowable:dataType=\\\"USERS\\\" flowable:assignee=\\\"2\\\" flowable:text=\\\"若依\\\">\\n      <bpmn2:incoming>Flow_1el77h3</bpmn2:incoming>\\n      <bpmn2:outgoing>Flow_01r09xu</bpmn2:outgoing>\\n    </bpmn2:userTask>\\n    <bpmn2:sequenceFlow id=\\\"Flow_1el77h3\\\" sourceR', '', '1', '请配置流程表单', '2023-08-29 10:06:02');
INSERT INTO `sys_oper_log` VALUES ('1696343490886471681', '保存流程模型', '1', 'com.ruoyi.web.controller.workflow.WfModelController.save()', 'POST', '1', 'admin', '', '/workflow/model/save', '127.0.0.1', '内网IP', '{\"modelId\":\"704f99da-4610-11ee-bc76-601895569a42\",\"modelName\":null,\"modelKey\":null,\"category\":null,\"description\":null,\"formType\":null,\"formId\":null,\"bpmnXml\":\"<?xml version=\\\"1.0\\\" encoding=\\\"UTF-8\\\"?>\\n<bpmn2:definitions xmlns:xsi=\\\"http://www.w3.org/2001/XMLSchema-instance\\\" xmlns:bpmn2=\\\"http://www.omg.org/spec/BPMN/20100524/MODEL\\\" xmlns:bpmndi=\\\"http://www.omg.org/spec/BPMN/20100524/DI\\\" xmlns:dc=\\\"http://www.omg.org/spec/DD/20100524/DC\\\" xmlns:di=\\\"http://www.omg.org/spec/DD/20100524/DI\\\" xmlns:flowable=\\\"http://flowable.org/bpmn\\\" id=\\\"diagram_Process_1693274676504\\\" targetNamespace=\\\"http://flowable.org/bpmn\\\" xsi:schemaLocation=\\\"http://www.omg.org/spec/BPMN/20100524/MODEL BPMN20.xsd\\\">\\n  <bpmn2:process id=\\\"Process_1693274676504\\\" name=\\\"业务流程_测试上传文件流程\\\" isExecutable=\\\"true\\\">\\n    <bpmn2:startEvent id=\\\"Event_0gt7djs\\\" flowable:formKey=\\\"key_1696342713128292354\\\">\\n      <bpmn2:outgoing>Flow_1s6hspv</bpmn2:outgoing>\\n    </bpmn2:startEvent>\\n    <bpmn2:userTask id=\\\"Activity_13yamhx\\\" flowable:formKey=\\\"\\\" flowable:dataType=\\\"INITIATOR\\\" flowable:assignee=\\\"${initiator}\\\" flowable:text=\\\"流程发起人\\\">\\n      <bpmn2:incoming>Flow_1s6hspv</bpmn2:incoming>\\n      <bpmn2:outgoing>Flow_0a6992y</bpmn2:outgoing>\\n    </bpmn2:userTask>\\n    <bpmn2:sequenceFlow id=\\\"Flow_1s6hspv\\\" sourceRef=\\\"Event_0gt7djs\\\" targetRef=\\\"Activity_13yamhx\\\" />\\n    <bpmn2:userTask id=\\\"Activity_1y9h5oh\\\" flowable:dataType=\\\"USERS\\\" flowable:assignee=\\\"1\\\" flowable:text=\\\"若依管理员\\\">\\n      <bpmn2:incoming>Flow_0a6992y</bpmn2:incoming>\\n      <bpmn2:outgoing>Flow_1el77h3</bpmn2:outgoing>\\n    </bpmn2:userTask>\\n    <bpmn2:sequenceFlow id=\\\"Flow_0a6992y\\\" sourceRef=\\\"Activity_13yamhx\\\" targetRef=\\\"Activity_1y9h5oh\\\" />\\n    <bpmn2:userTask id=\\\"Activity_19mgb4c\\\" flowable:dataType=\\\"USERS\\\" flowable:assignee=\\\"2\\\" flowable:text=\\\"若依\\\">\\n      <bpmn2:incoming>Flow_1el77h3</bpmn2:incoming>\\n      <bpmn2:outgoing>Flow_01r09xu</bpmn2:outgoing>\\n    </bpmn2:userTask>\\n    <bpmn2:sequenceFlow id=\\\"', '{\"code\":200,\"msg\":\"操作成功\",\"data\":null}', '0', '', '2023-08-29 10:06:19');
INSERT INTO `sys_oper_log` VALUES ('1696343513103699969', '部署流程模型', '1', 'com.ruoyi.web.controller.workflow.WfModelController.deployModel()', 'POST', '1', 'admin', '', '/workflow/model/deploy', '127.0.0.1', '内网IP', '\"a4d8165b-4610-11ee-bc76-601895569a42\"', '{\"code\":200,\"msg\":\"操作成功\",\"data\":null}', '0', '', '2023-08-29 10:06:25');
INSERT INTO `sys_oper_log` VALUES ('1696343777554567169', 'OSS对象存储', '1', 'com.ruoyi.web.controller.system.SysOssController.upload()', 'POST', '1', 'admin', '', '/system/oss/upload', '127.0.0.1', '内网IP', '', '', '1', '创建Bucket失败, 请核对配置信息:[Unable to execute HTTP request: Connect to 127.0.0.1:9000 [/127.0.0.1] failed: Connection refused: connect]', '2023-08-29 10:07:28');
INSERT INTO `sys_oper_log` VALUES ('1696394822938886146', '用户管理', '1', 'com.ruoyi.web.controller.system.SysUserController.add()', 'POST', '1', 'admin', '', '/system/user', '127.0.0.1', '内网IP', '{\"createBy\":\"admin\",\"createTime\":\"2023-08-29 13:30:17\",\"updateBy\":\"admin\",\"updateTime\":\"2023-08-29 13:30:17\",\"userId\":\"1696394822808862721\",\"deptId\":101,\"userName\":\"zhangsan\",\"nickName\":\"战三\",\"userType\":null,\"email\":null,\"phonenumber\":null,\"sex\":null,\"avatar\":null,\"status\":\"0\",\"delFlag\":null,\"loginIp\":null,\"loginDate\":null,\"remark\":null,\"dept\":null,\"roles\":null,\"roleIds\":[],\"postIds\":[],\"roleId\":null,\"admin\":false}', '{\"code\":200,\"msg\":\"操作成功\",\"data\":null}', '0', '', '2023-08-29 13:30:18');
INSERT INTO `sys_oper_log` VALUES ('1696395085552648194', '用户管理', '2', 'com.ruoyi.web.controller.system.SysUserController.edit()', 'PUT', '1', 'admin', '', '/system/user', '127.0.0.1', '内网IP', '{\"createBy\":\"admin\",\"createTime\":\"2023-08-29 13:30:18\",\"updateBy\":\"admin\",\"updateTime\":\"2023-08-29 13:31:20\",\"userId\":\"1696394822808862721\",\"deptId\":101,\"userName\":\"zhangsan\",\"nickName\":\"张三\",\"userType\":\"sys_user\",\"email\":\"\",\"phonenumber\":\"\",\"sex\":\"0\",\"avatar\":\"\",\"status\":\"0\",\"delFlag\":\"0\",\"loginIp\":\"\",\"loginDate\":null,\"remark\":null,\"dept\":{\"createBy\":null,\"createTime\":null,\"updateBy\":null,\"updateTime\":null,\"parentName\":null,\"parentId\":100,\"children\":[],\"deptId\":101,\"deptName\":\"深圳总公司\",\"orderNum\":1,\"leader\":\"若依\",\"phone\":null,\"email\":null,\"status\":\"0\",\"delFlag\":null,\"ancestors\":\"0,100\"},\"roles\":[],\"roleIds\":[],\"postIds\":[],\"roleId\":null,\"admin\":false}', '{\"code\":200,\"msg\":\"操作成功\",\"data\":null}', '0', '', '2023-08-29 13:31:21');
INSERT INTO `sys_oper_log` VALUES ('1696395327635292161', '用户管理', '2', 'com.ruoyi.web.controller.system.SysUserController.edit()', 'PUT', '1', 'admin', '', '/system/user', '127.0.0.1', '内网IP', '{\"createBy\":\"admin\",\"createTime\":\"2023-08-29 13:30:18\",\"updateBy\":\"admin\",\"updateTime\":\"2023-08-29 13:32:18\",\"userId\":\"1696394822808862721\",\"deptId\":101,\"userName\":\"zhangsan\",\"nickName\":\"张三\",\"userType\":\"sys_user\",\"email\":\"\",\"phonenumber\":\"\",\"sex\":\"0\",\"avatar\":\"\",\"status\":\"0\",\"delFlag\":\"0\",\"loginIp\":\"127.0.0.1\",\"loginDate\":\"2023-08-29 13:31:47\",\"remark\":null,\"dept\":{\"createBy\":null,\"createTime\":null,\"updateBy\":null,\"updateTime\":null,\"parentName\":null,\"parentId\":100,\"children\":[],\"deptId\":101,\"deptName\":\"深圳总公司\",\"orderNum\":1,\"leader\":\"若依\",\"phone\":null,\"email\":null,\"status\":\"0\",\"delFlag\":null,\"ancestors\":\"0,100\"},\"roles\":[],\"roleIds\":[2],\"postIds\":[],\"roleId\":null,\"admin\":false}', '{\"code\":200,\"msg\":\"操作成功\",\"data\":null}', '0', '', '2023-08-29 13:32:18');
INSERT INTO `sys_oper_log` VALUES ('1696396021478031362', '流程表单', '2', 'com.ruoyi.web.controller.workflow.WfFormController.edit()', 'PUT', '1', 'zhangsan', '', '/workflow/form', '127.0.0.1', '内网IP', '{\"createBy\":null,\"createTime\":null,\"updateBy\":null,\"updateTime\":null,\"formId\":\"1696342713128292354\",\"formName\":\"测试上传表单\",\"content\":\"{\\\"formRef\\\":\\\"elForm\\\",\\\"formModel\\\":\\\"formData\\\",\\\"size\\\":\\\"medium\\\",\\\"labelPosition\\\":\\\"right\\\",\\\"labelWidth\\\":100,\\\"formRules\\\":\\\"rules\\\",\\\"gutter\\\":15,\\\"disabled\\\":false,\\\"span\\\":24,\\\"formBtns\\\":true,\\\"fields\\\":[{\\\"__config__\\\":{\\\"label\\\":\\\"单行文本\\\",\\\"labelWidth\\\":null,\\\"showLabel\\\":true,\\\"changeTag\\\":true,\\\"tag\\\":\\\"el-input\\\",\\\"tagIcon\\\":\\\"input\\\",\\\"required\\\":true,\\\"layout\\\":\\\"colFormItem\\\",\\\"span\\\":24,\\\"document\\\":\\\"https://element.eleme.cn/#/zh-CN/component/input\\\",\\\"regList\\\":[],\\\"formId\\\":101,\\\"renderKey\\\":\\\"1011693274577157\\\"},\\\"__slot__\\\":{\\\"prepend\\\":\\\"\\\",\\\"append\\\":\\\"\\\"},\\\"placeholder\\\":\\\"请输入单行文本\\\",\\\"style\\\":{\\\"width\\\":\\\"100%\\\"},\\\"clearable\\\":true,\\\"prefix-icon\\\":\\\"\\\",\\\"suffix-icon\\\":\\\"\\\",\\\"maxlength\\\":null,\\\"show-word-limit\\\":false,\\\"readonly\\\":false,\\\"disabled\\\":false,\\\"__vModel__\\\":\\\"field101\\\"},{\\\"__config__\\\":{\\\"label\\\":\\\"上传\\\",\\\"tag\\\":\\\"el-upload\\\",\\\"tagIcon\\\":\\\"upload\\\",\\\"layout\\\":\\\"colFormItem\\\",\\\"defaultValue\\\":null,\\\"showLabel\\\":true,\\\"labelWidth\\\":null,\\\"required\\\":false,\\\"span\\\":24,\\\"showTip\\\":false,\\\"buttonText\\\":\\\"点击上传\\\",\\\"regList\\\":[],\\\"changeTag\\\":true,\\\"fileSize\\\":2,\\\"sizeUnit\\\":\\\"MB\\\",\\\"document\\\":\\\"https://element.eleme.cn/#/zh-CN/component/upload\\\",\\\"formId\\\":102,\\\"renderKey\\\":\\\"1021693274579012\\\"},\\\"__slot__\\\":{\\\"list-type\\\":true},\\\"action\\\":\\\"/dev-api/system/oss/upload\\\",\\\"disabled\\\":false,\\\"accept\\\":\\\"\\\",\\\"name\\\":\\\"file\\\",\\\"auto-upload\\\":true,\\\"list-type\\\":\\\"text\\\",\\\"multiple\\\":false,\\\"__vModel__\\\":\\\"field102\\\"}]}\",\"remark\":\"测试上传表单\"}', '{\"code\":200,\"msg\":\"操作成功\",\"data\":null}', '0', '', '2023-08-29 13:35:04');
INSERT INTO `sys_oper_log` VALUES ('1696396198066618369', '保存流程模型', '1', 'com.ruoyi.web.controller.workflow.WfModelController.save()', 'POST', '1', 'zhangsan', '', '/workflow/model/save', '127.0.0.1', '内网IP', '{\"modelId\":\"a4d8165b-4610-11ee-bc76-601895569a42\",\"modelName\":null,\"modelKey\":null,\"category\":null,\"description\":null,\"formType\":null,\"formId\":null,\"bpmnXml\":\"<?xml version=\\\"1.0\\\" encoding=\\\"UTF-8\\\"?>\\n<bpmn2:definitions xmlns:xsi=\\\"http://www.w3.org/2001/XMLSchema-instance\\\" xmlns:bpmn2=\\\"http://www.omg.org/spec/BPMN/20100524/MODEL\\\" xmlns:bpmndi=\\\"http://www.omg.org/spec/BPMN/20100524/DI\\\" xmlns:dc=\\\"http://www.omg.org/spec/DD/20100524/DC\\\" xmlns:di=\\\"http://www.omg.org/spec/DD/20100524/DI\\\" xmlns:flowable=\\\"http://flowable.org/bpmn\\\" id=\\\"diagram_Process_1693274676504\\\" targetNamespace=\\\"http://flowable.org/bpmn\\\" xsi:schemaLocation=\\\"http://www.omg.org/spec/BPMN/20100524/MODEL BPMN20.xsd\\\">\\n  <bpmn2:process id=\\\"Process_1693274676504\\\" name=\\\"业务流程_测试上传文件流程\\\" isExecutable=\\\"true\\\">\\n    <bpmn2:startEvent id=\\\"Event_0gt7djs\\\" flowable:formKey=\\\"key_1696342713128292354\\\">\\n      <bpmn2:outgoing>Flow_1s6hspv</bpmn2:outgoing>\\n    </bpmn2:startEvent>\\n    <bpmn2:userTask id=\\\"Activity_13yamhx\\\" flowable:formKey=\\\"\\\" flowable:dataType=\\\"INITIATOR\\\" flowable:assignee=\\\"${initiator}\\\" flowable:text=\\\"流程发起人\\\">\\n      <bpmn2:incoming>Flow_1s6hspv</bpmn2:incoming>\\n      <bpmn2:outgoing>Flow_0a6992y</bpmn2:outgoing>\\n    </bpmn2:userTask>\\n    <bpmn2:sequenceFlow id=\\\"Flow_1s6hspv\\\" sourceRef=\\\"Event_0gt7djs\\\" targetRef=\\\"Activity_13yamhx\\\" />\\n    <bpmn2:userTask id=\\\"Activity_1y9h5oh\\\" flowable:dataType=\\\"USERS\\\" flowable:assignee=\\\"1\\\" flowable:text=\\\"若依管理员\\\">\\n      <bpmn2:incoming>Flow_0a6992y</bpmn2:incoming>\\n      <bpmn2:outgoing>Flow_1el77h3</bpmn2:outgoing>\\n    </bpmn2:userTask>\\n    <bpmn2:sequenceFlow id=\\\"Flow_0a6992y\\\" sourceRef=\\\"Activity_13yamhx\\\" targetRef=\\\"Activity_1y9h5oh\\\" />\\n    <bpmn2:userTask id=\\\"Activity_19mgb4c\\\" flowable:dataType=\\\"USERS\\\" flowable:assignee=\\\"2\\\" flowable:text=\\\"若依\\\">\\n      <bpmn2:incoming>Flow_1el77h3</bpmn2:incoming>\\n      <bpmn2:outgoing>Flow_01r09xu</bpmn2:outgoing>\\n    </bpmn2:userTask>\\n    <bpmn2:sequenceFlow id=\\\"', '{\"code\":200,\"msg\":\"操作成功\",\"data\":null}', '0', '', '2023-08-29 13:35:46');
INSERT INTO `sys_oper_log` VALUES ('1696396215464591362', '部署流程模型', '1', 'com.ruoyi.web.controller.workflow.WfModelController.deployModel()', 'POST', '1', 'zhangsan', '', '/workflow/model/deploy', '127.0.0.1', '内网IP', '\"e6fe6ba7-462d-11ee-b58f-601895569a42\"', '{\"code\":200,\"msg\":\"操作成功\",\"data\":null}', '0', '', '2023-08-29 13:35:50');
INSERT INTO `sys_oper_log` VALUES ('1696509415522779137', '流程模型', '1', 'com.ruoyi.web.controller.workflow.WfModelController.add()', 'POST', '1', 'admin', '', '/workflow/model', '127.0.0.1', '内网IP', '{\"modelId\":null,\"modelName\":\"业务流程_测试动态指定审批人\",\"modelKey\":\"Process_1693314311374\",\"category\":\"celc\",\"description\":\"测试动态指定审批人\",\"formType\":null,\"formId\":null,\"bpmnXml\":null,\"newVersion\":null}', '{\"code\":200,\"msg\":\"操作成功\",\"data\":null}', '0', '', '2023-08-29 21:05:39');
INSERT INTO `sys_oper_log` VALUES ('1696509750161129474', '保存流程模型', '1', 'com.ruoyi.web.controller.workflow.WfModelController.save()', 'POST', '1', 'admin', '', '/workflow/model/save', '127.0.0.1', '内网IP', '{\"modelId\":\"c00cca8a-466c-11ee-a6f0-601895569a42\",\"modelName\":null,\"modelKey\":null,\"category\":null,\"description\":null,\"formType\":null,\"formId\":null,\"bpmnXml\":\"<?xml version=\\\"1.0\\\" encoding=\\\"UTF-8\\\"?>\\n<bpmn2:definitions xmlns:xsi=\\\"http://www.w3.org/2001/XMLSchema-instance\\\" xmlns:bpmn2=\\\"http://www.omg.org/spec/BPMN/20100524/MODEL\\\" xmlns:bpmndi=\\\"http://www.omg.org/spec/BPMN/20100524/DI\\\" xmlns:dc=\\\"http://www.omg.org/spec/DD/20100524/DC\\\" xmlns:di=\\\"http://www.omg.org/spec/DD/20100524/DI\\\" xmlns:flowable=\\\"http://flowable.org/bpmn\\\" id=\\\"diagram_Process_1693314311374\\\" targetNamespace=\\\"http://flowable.org/bpmn\\\" xsi:schemaLocation=\\\"http://www.omg.org/spec/BPMN/20100524/MODEL BPMN20.xsd\\\">\\n  <bpmn2:process id=\\\"Process_1693314311374\\\" name=\\\"业务流程_测试动态指定审批人\\\" isExecutable=\\\"true\\\">\\n    <bpmn2:startEvent id=\\\"Event_0xabok4\\\">\\n      <bpmn2:outgoing>Flow_1i2r23e</bpmn2:outgoing>\\n    </bpmn2:startEvent>\\n    <bpmn2:userTask id=\\\"Activity_0omrlnq\\\" flowable:dataType=\\\"INITIATOR\\\" flowable:assignee=\\\"${initiator}\\\" flowable:text=\\\"流程发起人\\\">\\n      <bpmn2:incoming>Flow_1i2r23e</bpmn2:incoming>\\n      <bpmn2:outgoing>Flow_0jnzl0j</bpmn2:outgoing>\\n    </bpmn2:userTask>\\n    <bpmn2:sequenceFlow id=\\\"Flow_1i2r23e\\\" sourceRef=\\\"Event_0xabok4\\\" targetRef=\\\"Activity_0omrlnq\\\" />\\n    <bpmn2:userTask id=\\\"Activity_08qmmuf\\\" flowable:dataType=\\\"INITIATOR\\\" flowable:assignee=\\\"${initiator}\\\" flowable:text=\\\"流程发起人\\\">\\n      <bpmn2:incoming>Flow_0jnzl0j</bpmn2:incoming>\\n      <bpmn2:outgoing>Flow_194v8tr</bpmn2:outgoing>\\n    </bpmn2:userTask>\\n    <bpmn2:sequenceFlow id=\\\"Flow_0jnzl0j\\\" sourceRef=\\\"Activity_0omrlnq\\\" targetRef=\\\"Activity_08qmmuf\\\" />\\n    <bpmn2:userTask id=\\\"Activity_0mkdj16\\\" flowable:dataType=\\\"ROLES\\\" flowable:assignee=\\\"${assignee}\\\">\\n      <bpmn2:incoming>Flow_194v8tr</bpmn2:incoming>\\n      <bpmn2:outgoing>Flow_1riqa2a</bpmn2:outgoing>\\n      <bpmn2:multiInstanceLoopCharacteristics flowable:collection=\\\"${multiInstanceHandler.getUserIds(execution)}\\', '', '1', '请配置流程表单', '2023-08-29 21:06:59');
INSERT INTO `sys_oper_log` VALUES ('1696509786861289474', '保存流程模型', '1', 'com.ruoyi.web.controller.workflow.WfModelController.save()', 'POST', '1', 'admin', '', '/workflow/model/save', '127.0.0.1', '内网IP', '{\"modelId\":\"c00cca8a-466c-11ee-a6f0-601895569a42\",\"modelName\":null,\"modelKey\":null,\"category\":null,\"description\":null,\"formType\":null,\"formId\":null,\"bpmnXml\":\"<?xml version=\\\"1.0\\\" encoding=\\\"UTF-8\\\"?>\\n<bpmn2:definitions xmlns:xsi=\\\"http://www.w3.org/2001/XMLSchema-instance\\\" xmlns:bpmn2=\\\"http://www.omg.org/spec/BPMN/20100524/MODEL\\\" xmlns:bpmndi=\\\"http://www.omg.org/spec/BPMN/20100524/DI\\\" xmlns:dc=\\\"http://www.omg.org/spec/DD/20100524/DC\\\" xmlns:di=\\\"http://www.omg.org/spec/DD/20100524/DI\\\" xmlns:flowable=\\\"http://flowable.org/bpmn\\\" id=\\\"diagram_Process_1693314311374\\\" targetNamespace=\\\"http://flowable.org/bpmn\\\" xsi:schemaLocation=\\\"http://www.omg.org/spec/BPMN/20100524/MODEL BPMN20.xsd\\\">\\n  <bpmn2:process id=\\\"Process_1693314311374\\\" name=\\\"业务流程_测试动态指定审批人\\\" isExecutable=\\\"true\\\">\\n    <bpmn2:startEvent id=\\\"Event_0xabok4\\\" flowable:formKey=\\\"key_1696342713128292354\\\">\\n      <bpmn2:outgoing>Flow_1i2r23e</bpmn2:outgoing>\\n    </bpmn2:startEvent>\\n    <bpmn2:userTask id=\\\"Activity_0omrlnq\\\" flowable:dataType=\\\"INITIATOR\\\" flowable:assignee=\\\"${initiator}\\\" flowable:text=\\\"流程发起人\\\">\\n      <bpmn2:incoming>Flow_1i2r23e</bpmn2:incoming>\\n      <bpmn2:outgoing>Flow_0jnzl0j</bpmn2:outgoing>\\n    </bpmn2:userTask>\\n    <bpmn2:sequenceFlow id=\\\"Flow_1i2r23e\\\" sourceRef=\\\"Event_0xabok4\\\" targetRef=\\\"Activity_0omrlnq\\\" />\\n    <bpmn2:userTask id=\\\"Activity_08qmmuf\\\" flowable:dataType=\\\"INITIATOR\\\" flowable:assignee=\\\"${initiator}\\\" flowable:text=\\\"流程发起人\\\">\\n      <bpmn2:incoming>Flow_0jnzl0j</bpmn2:incoming>\\n      <bpmn2:outgoing>Flow_194v8tr</bpmn2:outgoing>\\n    </bpmn2:userTask>\\n    <bpmn2:sequenceFlow id=\\\"Flow_0jnzl0j\\\" sourceRef=\\\"Activity_0omrlnq\\\" targetRef=\\\"Activity_08qmmuf\\\" />\\n    <bpmn2:userTask id=\\\"Activity_0mkdj16\\\" flowable:dataType=\\\"ROLES\\\" flowable:assignee=\\\"${assignee}\\\">\\n      <bpmn2:incoming>Flow_194v8tr</bpmn2:incoming>\\n      <bpmn2:outgoing>Flow_1riqa2a</bpmn2:outgoing>\\n      <bpmn2:multiInstanceLoopCharacteristics flowable:collection=\\\"$', '{\"code\":200,\"msg\":\"操作成功\",\"data\":null}', '0', '', '2023-08-29 21:07:07');
INSERT INTO `sys_oper_log` VALUES ('1696509818868023297', '部署流程模型', '1', 'com.ruoyi.web.controller.workflow.WfModelController.deployModel()', 'POST', '1', 'admin', '', '/workflow/model/deploy', '127.0.0.1', '内网IP', '\"f4e7accb-466c-11ee-a6f0-601895569a42\"', '{\"code\":200,\"msg\":\"操作成功\",\"data\":null}', '0', '', '2023-08-29 21:07:15');
INSERT INTO `sys_oper_log` VALUES ('1700681526482964481', '菜单管理', '2', 'com.ruoyi.web.controller.system.SysMenuController.edit()', 'PUT', '1', 'admin', '', '/system/menu', '127.0.0.1', '内网IP', '{\"createBy\":\"admin\",\"createTime\":\"2023-08-28 06:39:15\",\"updateBy\":\"admin\",\"updateTime\":\"2023-09-10 09:24:07\",\"parentName\":null,\"parentId\":0,\"children\":[],\"menuId\":1,\"menuName\":\"系统管理\",\"orderNum\":6,\"path\":\"system\",\"component\":null,\"queryParam\":\"\",\"isFrame\":\"1\",\"isCache\":\"0\",\"menuType\":\"M\",\"visible\":\"0\",\"status\":\"0\",\"perms\":\"\",\"icon\":\"system\",\"remark\":\"系统管理目录\"}', '{\"code\":200,\"msg\":\"操作成功\",\"data\":null}', '0', '', '2023-09-10 09:24:08');
INSERT INTO `sys_oper_log` VALUES ('1700681835728998403', '菜单管理', '1', 'com.ruoyi.web.controller.system.SysMenuController.add()', 'POST', '1', 'admin', '', '/system/menu', '127.0.0.1', '内网IP', '{\"createBy\":\"admin\",\"createTime\":\"2023-09-10 09:25:21\",\"updateBy\":\"admin\",\"updateTime\":\"2023-09-10 09:25:21\",\"parentName\":null,\"parentId\":0,\"children\":[],\"menuId\":\"1700681835728998402\",\"menuName\":\"个人 中心\",\"orderNum\":1,\"path\":\"http://\",\"component\":null,\"queryParam\":null,\"isFrame\":\"1\",\"isCache\":\"0\",\"menuType\":\"M\",\"visible\":\"0\",\"status\":\"0\",\"icon\":\"user\",\"remark\":null}', '{\"code\":200,\"msg\":\"操作成功\",\"data\":null}', '0', '', '2023-09-10 09:25:21');
INSERT INTO `sys_oper_log` VALUES ('1700682159462158337', '菜单管理', '2', 'com.ruoyi.web.controller.system.SysMenuController.edit()', 'PUT', '1', 'admin', '', '/system/menu', '127.0.0.1', '内网IP', '{\"createBy\":\"admin\",\"createTime\":\"2023-09-10 09:25:21\",\"updateBy\":\"admin\",\"updateTime\":\"2023-09-10 09:26:38\",\"parentName\":null,\"parentId\":0,\"children\":[],\"menuId\":\"1700681835728998402\",\"menuName\":\"个人 中心\",\"orderNum\":1,\"path\":\"Personal \",\"component\":null,\"queryParam\":null,\"isFrame\":\"1\",\"isCache\":\"0\",\"menuType\":\"M\",\"visible\":\"0\",\"status\":\"0\",\"icon\":\"user\",\"remark\":\"\"}', '{\"code\":200,\"msg\":\"操作成功\",\"data\":null}', '0', '', '2023-09-10 09:26:39');
INSERT INTO `sys_oper_log` VALUES ('1700682205830189057', '菜单管理', '2', 'com.ruoyi.web.controller.system.SysMenuController.edit()', 'PUT', '1', 'admin', '', '/system/menu', '127.0.0.1', '内网IP', '{\"createBy\":\"admin\",\"createTime\":\"2023-09-10 09:25:21\",\"updateBy\":\"admin\",\"updateTime\":\"2023-09-10 09:26:49\",\"parentName\":null,\"parentId\":0,\"children\":[],\"menuId\":\"1700681835728998402\",\"menuName\":\"个人 中心\",\"orderNum\":1,\"path\":\"personal \",\"component\":null,\"queryParam\":null,\"isFrame\":\"1\",\"isCache\":\"0\",\"menuType\":\"M\",\"visible\":\"0\",\"status\":\"0\",\"icon\":\"user\",\"remark\":\"\"}', '{\"code\":200,\"msg\":\"操作成功\",\"data\":null}', '0', '', '2023-09-10 09:26:50');
INSERT INTO `sys_oper_log` VALUES ('1700682323962761217', '菜单管理', '2', 'com.ruoyi.web.controller.system.SysMenuController.edit()', 'PUT', '1', 'admin', '', '/system/menu', '127.0.0.1', '内网IP', '{\"createBy\":\"admin\",\"createTime\":\"2023-08-28 06:39:15\",\"updateBy\":\"admin\",\"updateTime\":\"2023-09-10 09:27:17\",\"parentName\":null,\"parentId\":0,\"children\":[],\"menuId\":2,\"menuName\":\"系统监控\",\"orderNum\":7,\"path\":\"monitor\",\"component\":null,\"queryParam\":\"\",\"isFrame\":\"1\",\"isCache\":\"0\",\"menuType\":\"M\",\"visible\":\"0\",\"status\":\"0\",\"perms\":\"\",\"icon\":\"monitor\",\"remark\":\"系统监控目录\"}', '{\"code\":200,\"msg\":\"操作成功\",\"data\":null}', '0', '', '2023-09-10 09:27:18');
INSERT INTO `sys_oper_log` VALUES ('1700682831314161665', '菜单管理', '1', 'com.ruoyi.web.controller.system.SysMenuController.add()', 'POST', '1', 'admin', '', '/system/menu', '127.0.0.1', '内网IP', '{\"createBy\":null,\"createTime\":null,\"updateBy\":null,\"updateTime\":null,\"parentName\":null,\"parentId\":0,\"children\":[],\"menuId\":null,\"menuName\":\"流程管理\",\"orderNum\":3,\"path\":\" process\",\"component\":null,\"queryParam\":null,\"isFrame\":\"1\",\"isCache\":\"0\",\"menuType\":\"M\",\"visible\":\"0\",\"status\":\"0\",\"icon\":\"swagger\",\"remark\":null}', '{\"code\":500,\"msg\":\"新增菜单\'流程管理\'失败，菜单名称已存在\",\"data\":null}', '0', '', '2023-09-10 09:29:19');
INSERT INTO `sys_oper_log` VALUES ('1700682950868602881', '菜单管理', '2', 'com.ruoyi.web.controller.system.SysMenuController.edit()', 'PUT', '1', 'admin', '', '/system/menu', '127.0.0.1', '内网IP', '{\"createBy\":\"admin\",\"createTime\":\"2023-08-28 06:39:15\",\"updateBy\":\"admin\",\"updateTime\":\"2023-09-10 09:29:47\",\"parentName\":null,\"parentId\":0,\"children\":[],\"menuId\":3,\"menuName\":\"系统工具\",\"orderNum\":8,\"path\":\"tool\",\"component\":null,\"queryParam\":\"\",\"isFrame\":\"1\",\"isCache\":\"0\",\"menuType\":\"M\",\"visible\":\"0\",\"status\":\"0\",\"perms\":\"\",\"icon\":\"tool\",\"remark\":\"系统工具目录\"}', '{\"code\":200,\"msg\":\"操作成功\",\"data\":null}', '0', '', '2023-09-10 09:29:47');
INSERT INTO `sys_oper_log` VALUES ('1700682982900502529', '菜单管理', '2', 'com.ruoyi.web.controller.system.SysMenuController.edit()', 'PUT', '1', 'admin', '', '/system/menu', '127.0.0.1', '内网IP', '{\"createBy\":\"admin\",\"createTime\":\"2023-08-28 06:39:15\",\"updateBy\":\"admin\",\"updateTime\":\"2023-09-10 09:29:54\",\"parentName\":null,\"parentId\":0,\"children\":[],\"menuId\":4,\"menuName\":\"流程管理\",\"orderNum\":3,\"path\":\"process\",\"component\":null,\"queryParam\":\"\",\"isFrame\":\"1\",\"isCache\":\"0\",\"menuType\":\"M\",\"visible\":\"0\",\"status\":\"0\",\"perms\":\"\",\"icon\":\"skill\",\"remark\":\"流程管理目录\"}', '{\"code\":200,\"msg\":\"操作成功\",\"data\":null}', '0', '', '2023-09-10 09:29:55');
INSERT INTO `sys_oper_log` VALUES ('1700683137116672002', '菜单管理', '2', 'com.ruoyi.web.controller.system.SysMenuController.edit()', 'PUT', '1', 'admin', '', '/system/menu', '127.0.0.1', '内网IP', '{\"createBy\":\"admin\",\"createTime\":\"2023-08-28 06:39:15\",\"updateBy\":\"admin\",\"updateTime\":\"2023-09-10 09:30:31\",\"parentName\":null,\"parentId\":0,\"children\":[],\"menuId\":5,\"menuName\":\"任务管理\",\"orderNum\":5,\"path\":\"work\",\"component\":null,\"queryParam\":\"\",\"isFrame\":\"1\",\"isCache\":\"0\",\"menuType\":\"M\",\"visible\":\"0\",\"status\":\"0\",\"perms\":\"\",\"icon\":\"job\",\"remark\":\"办公管理目录\"}', '{\"code\":200,\"msg\":\"操作成功\",\"data\":null}', '0', '', '2023-09-10 09:30:32');
INSERT INTO `sys_oper_log` VALUES ('1700683273637072897', '菜单管理', '2', 'com.ruoyi.web.controller.system.SysMenuController.edit()', 'PUT', '1', 'admin', '', '/system/menu', '127.0.0.1', '内网IP', '{\"createBy\":\"admin\",\"createTime\":\"2023-08-28 06:39:15\",\"updateBy\":\"admin\",\"updateTime\":\"2023-09-10 09:31:04\",\"parentName\":null,\"parentId\":0,\"children\":[],\"menuId\":5,\"menuName\":\"任务管理\",\"orderNum\":5,\"path\":\"task\",\"component\":null,\"queryParam\":\"\",\"isFrame\":\"1\",\"isCache\":\"0\",\"menuType\":\"M\",\"visible\":\"0\",\"status\":\"0\",\"perms\":\"\",\"icon\":\"job\",\"remark\":\"办公管理目录\"}', '{\"code\":200,\"msg\":\"操作成功\",\"data\":null}', '0', '', '2023-09-10 09:31:04');
INSERT INTO `sys_oper_log` VALUES ('1700788030779297793', '流程表单', '1', 'com.ruoyi.web.controller.workflow.WfFormController.add()', 'POST', '1', 'admin', '', '/workflow/form', '127.0.0.1', '内网IP', '{\"createBy\":null,\"createTime\":null,\"updateBy\":null,\"updateTime\":null,\"formId\":null,\"formName\":\"test\",\"content\":null,\"remark\":\"test\"}', '{\"code\":200,\"msg\":\"操作成功\",\"data\":null}', '0', '', '2023-09-10 16:27:20');
INSERT INTO `sys_oper_log` VALUES ('1700794255038353410', '流程表单', '1', 'com.ruoyi.web.controller.workflow.WfFormController.add()', 'POST', '1', 'admin', '', '/workflow/form', '127.0.0.1', '内网IP', '{\"createBy\":null,\"createTime\":null,\"updateBy\":null,\"updateTime\":null,\"formId\":null,\"formName\":\"aaaaa\",\"content\":\"{\\\"list\\\":[{\\\"id\\\":\\\"fd_1694335910706\\\",\\\"_id\\\":\\\"fd_1694335910706\\\",\\\"compType\\\":\\\"input\\\",\\\"ele\\\":\\\"el-input\\\",\\\"compName\\\":\\\"单行文本\\\",\\\"compIcon\\\":\\\"input\\\",\\\"viewType\\\":\\\"text\\\",\\\"config\\\":true,\\\"showLabel\\\":true,\\\"label\\\":\\\"单行文本\\\",\\\"labelWidth\\\":80,\\\"placeholder\\\":\\\"请输入文本\\\",\\\"required\\\":false,\\\"maxLength\\\":50,\\\"gutter\\\":15,\\\"span\\\":24,\\\"width\\\":\\\"100%\\\",\\\"clearable\\\":true,\\\"disabled\\\":false,\\\"readonly\\\":false,\\\"status\\\":\\\"normal\\\",\\\"prefix-icon\\\":\\\"\\\",\\\"suffix-icon\\\":\\\"\\\",\\\"value\\\":\\\"\\\",\\\"rules\\\":[],\\\"rulesType\\\":\\\"default\\\",\\\"prepend\\\":\\\"\\\",\\\"append\\\":\\\"\\\",\\\"classStyle\\\":[],\\\"cssStyle\\\":\\\"\\\",\\\"layout\\\":\\\"colItem\\\"},{\\\"id\\\":\\\"fd_1694335914455\\\",\\\"_id\\\":\\\"fd_1694335914455\\\",\\\"compType\\\":\\\"date\\\",\\\"ele\\\":\\\"el-date-picker\\\",\\\"compName\\\":\\\"日期\\\",\\\"compIcon\\\":\\\"date\\\",\\\"viewType\\\":\\\"text\\\",\\\"config\\\":true,\\\"showLabel\\\":true,\\\"label\\\":\\\"日期\\\",\\\"labelWidth\\\":80,\\\"placeholder\\\":\\\"请选择\\\",\\\"required\\\":false,\\\"maxLength\\\":50,\\\"gutter\\\":15,\\\"span\\\":24,\\\"clearable\\\":true,\\\"disabled\\\":false,\\\"readonly\\\":false,\\\"value\\\":\\\"\\\",\\\"rules\\\":[],\\\"type\\\":\\\"date\\\",\\\"format\\\":\\\"yyyy-MM-dd\\\",\\\"value-format\\\":\\\"yyyy-MM-dd\\\",\\\"range-separator\\\":\\\"-\\\",\\\"start-placeholder\\\":\\\"开始日期\\\",\\\"end-placeholder\\\":\\\"结束日期\\\",\\\"classStyle\\\":[],\\\"cssStyle\\\":\\\"\\\",\\\"layout\\\":\\\"colItem\\\"}],\\\"config\\\":{\\\"version\\\":\\\"2.1.6\\\",\\\"formRef\\\":\\\"elForm\\\",\\\"formModel\\\":\\\"form\\\",\\\"rules\\\":\\\"rules\\\",\\\"size\\\":\\\"medium\\\",\\\"labelPosition\\\":\\\"right\\\",\\\"labelWidth\\\":80,\\\"formRules\\\":\\\"rules\\\",\\\"gutter\\\":15,\\\"disabled\\\":false,\\\"dynamicTableAllowed\\\":true,\\\"classStyle\\\":\\\"\\\"}}\",\"remark\":\"aaaaa\"}', '{\"code\":200,\"msg\":\"操作成功\",\"data\":null}', '0', '', '2023-09-10 16:52:04');
INSERT INTO `sys_oper_log` VALUES ('1700799756711104513', '流程表单', '1', 'com.ruoyi.web.controller.workflow.WfFormController.add()', 'POST', '1', 'admin', '', '/workflow/form', '127.0.0.1', '内网IP', '{\"createBy\":null,\"createTime\":null,\"updateBy\":null,\"updateTime\":null,\"formId\":null,\"formName\":\"test\",\"content\":\"{\\\"list\\\":[{\\\"id\\\":\\\"fd_1694337225774\\\",\\\"_id\\\":\\\"fd_1694337225774\\\",\\\"compType\\\":\\\"input\\\",\\\"ele\\\":\\\"el-input\\\",\\\"compName\\\":\\\"单行文本\\\",\\\"compIcon\\\":\\\"input\\\",\\\"viewType\\\":\\\"text\\\",\\\"config\\\":true,\\\"showLabel\\\":true,\\\"label\\\":\\\"单行文本\\\",\\\"labelWidth\\\":80,\\\"placeholder\\\":\\\"请输入文本\\\",\\\"required\\\":false,\\\"maxLength\\\":50,\\\"gutter\\\":15,\\\"span\\\":24,\\\"width\\\":\\\"100%\\\",\\\"clearable\\\":true,\\\"disabled\\\":false,\\\"readonly\\\":false,\\\"status\\\":\\\"normal\\\",\\\"prefix-icon\\\":\\\"\\\",\\\"suffix-icon\\\":\\\"\\\",\\\"value\\\":\\\"\\\",\\\"rules\\\":[],\\\"rulesType\\\":\\\"default\\\",\\\"prepend\\\":\\\"\\\",\\\"append\\\":\\\"\\\",\\\"classStyle\\\":[],\\\"cssStyle\\\":\\\"\\\",\\\"layout\\\":\\\"colItem\\\"},{\\\"id\\\":\\\"fd_1694337230624\\\",\\\"_id\\\":\\\"fd_1694337230624\\\",\\\"compType\\\":\\\"Switch\\\",\\\"ele\\\":\\\"el-switch\\\",\\\"compName\\\":\\\"开关\\\",\\\"label\\\":\\\"开关\\\",\\\"compIcon\\\":\\\"switch\\\",\\\"viewType\\\":\\\"component\\\",\\\"config\\\":true,\\\"showLabel\\\":true,\\\"gutter\\\":15,\\\"labelWidth\\\":80,\\\"value\\\":\\\"false\\\",\\\"rules\\\":[],\\\"span\\\":24,\\\"disabled\\\":false,\\\"required\\\":false,\\\"active-color\\\":\\\"#409EFF\\\",\\\"inactive-color\\\":\\\"#DCDFE6\\\",\\\"active-value\\\":\\\"true\\\",\\\"inactive-value\\\":\\\"false\\\",\\\"classStyle\\\":[],\\\"cssStyle\\\":\\\"\\\",\\\"layout\\\":\\\"colItem\\\"}],\\\"config\\\":{\\\"version\\\":\\\"2.1.6\\\",\\\"formRef\\\":\\\"elForm\\\",\\\"formModel\\\":\\\"form\\\",\\\"rules\\\":\\\"rules\\\",\\\"size\\\":\\\"medium\\\",\\\"labelPosition\\\":\\\"right\\\",\\\"labelWidth\\\":80,\\\"formRules\\\":\\\"rules\\\",\\\"gutter\\\":15,\\\"disabled\\\":false,\\\"dynamicTableAllowed\\\":true,\\\"classStyle\\\":\\\"\\\"}}\",\"remark\":\"test\"}', '{\"code\":200,\"msg\":\"操作成功\",\"data\":null}', '0', '', '2023-09-10 17:13:56');
INSERT INTO `sys_oper_log` VALUES ('1700799778508902401', '流程表单', '3', 'com.ruoyi.web.controller.workflow.WfFormController.remove()', 'DELETE', '1', 'admin', '', '/workflow/form/1700788028174635009', '127.0.0.1', '内网IP', '{}', '{\"code\":200,\"msg\":\"操作成功\",\"data\":null}', '0', '', '2023-09-10 17:14:01');
INSERT INTO `sys_oper_log` VALUES ('1700799841620594689', '流程表单', '2', 'com.ruoyi.web.controller.workflow.WfFormController.edit()', 'PUT', '1', 'admin', '', '/workflow/form', '127.0.0.1', '内网IP', '{\"createBy\":null,\"createTime\":null,\"updateBy\":null,\"updateTime\":null,\"formId\":null,\"formName\":\"test\",\"content\":\"{\\\"list\\\":[{\\\"id\\\":\\\"fd_1694337225774\\\",\\\"_id\\\":\\\"fd_1694337225774\\\",\\\"compType\\\":\\\"input\\\",\\\"ele\\\":\\\"el-input\\\",\\\"compName\\\":\\\"单行文本\\\",\\\"compIcon\\\":\\\"input\\\",\\\"viewType\\\":\\\"text\\\",\\\"config\\\":true,\\\"showLabel\\\":true,\\\"label\\\":\\\"单行文本\\\",\\\"labelWidth\\\":80,\\\"placeholder\\\":\\\"请输入文本\\\",\\\"required\\\":false,\\\"maxLength\\\":50,\\\"gutter\\\":15,\\\"span\\\":24,\\\"width\\\":\\\"100%\\\",\\\"clearable\\\":true,\\\"disabled\\\":false,\\\"readonly\\\":false,\\\"status\\\":\\\"normal\\\",\\\"prefix-icon\\\":\\\"\\\",\\\"suffix-icon\\\":\\\"\\\",\\\"value\\\":\\\"\\\",\\\"rules\\\":[],\\\"rulesType\\\":\\\"default\\\",\\\"prepend\\\":\\\"\\\",\\\"append\\\":\\\"\\\",\\\"classStyle\\\":[],\\\"cssStyle\\\":\\\"\\\",\\\"layout\\\":\\\"colItem\\\"},{\\\"id\\\":\\\"fd_1694337230624\\\",\\\"_id\\\":\\\"fd_1694337230624\\\",\\\"compType\\\":\\\"Switch\\\",\\\"ele\\\":\\\"el-switch\\\",\\\"compName\\\":\\\"开关\\\",\\\"label\\\":\\\"开关\\\",\\\"compIcon\\\":\\\"switch\\\",\\\"viewType\\\":\\\"component\\\",\\\"config\\\":true,\\\"showLabel\\\":true,\\\"gutter\\\":15,\\\"labelWidth\\\":80,\\\"value\\\":\\\"false\\\",\\\"rules\\\":[],\\\"span\\\":24,\\\"disabled\\\":false,\\\"required\\\":false,\\\"active-color\\\":\\\"#409EFF\\\",\\\"inactive-color\\\":\\\"#DCDFE6\\\",\\\"active-value\\\":\\\"true\\\",\\\"inactive-value\\\":\\\"false\\\",\\\"classStyle\\\":[],\\\"cssStyle\\\":\\\"\\\",\\\"layout\\\":\\\"colItem\\\"},{\\\"id\\\":\\\"fd_1694337253725\\\",\\\"_id\\\":\\\"fd_1694337253725\\\",\\\"compType\\\":\\\"date\\\",\\\"ele\\\":\\\"el-date-picker\\\",\\\"compName\\\":\\\"日期\\\",\\\"compIcon\\\":\\\"date\\\",\\\"viewType\\\":\\\"text\\\",\\\"config\\\":true,\\\"showLabel\\\":true,\\\"label\\\":\\\"日期\\\",\\\"labelWidth\\\":80,\\\"placeholder\\\":\\\"请选择\\\",\\\"required\\\":false,\\\"maxLength\\\":50,\\\"gutter\\\":15,\\\"span\\\":24,\\\"clearable\\\":true,\\\"disabled\\\":false,\\\"readonly\\\":false,\\\"value\\\":\\\"\\\",\\\"rules\\\":[],\\\"type\\\":\\\"date\\\",\\\"format\\\":\\\"yyyy-MM-dd\\\",\\\"value-format\\\":\\\"yyyy-MM-dd\\\",\\\"range-separator\\\":\\\"-\\\",\\\"start-placeholder\\\":\\\"开始日期\\\",\\\"end-placeholder\\\":\\\"结束日期\\\",\\\"classStyle\\\":[],\\\"cssStyle\\\":\\\"\\\",\\\"layout\\\":\\\"colItem\\\"}],\\\"config\\\":{\\\"version\\\":\\\"2.1.6\\\",\\\"formRef\\\":\\\"elForm\\\",\\\"formModel\\\":\\\"form\\\",\\\"rules\\\":\\\"rules\\\",\\\"size\\\":', '{\"code\":500,\"msg\":\"操作失败\",\"data\":null}', '0', '', '2023-09-10 17:14:16');
INSERT INTO `sys_oper_log` VALUES ('1700799932041400322', '流程表单', '2', 'com.ruoyi.web.controller.workflow.WfFormController.edit()', 'PUT', '1', 'admin', '', '/workflow/form', '127.0.0.1', '内网IP', '{\"createBy\":null,\"createTime\":null,\"updateBy\":null,\"updateTime\":null,\"formId\":null,\"formName\":\"test\",\"content\":\"{\\\"list\\\":[{\\\"id\\\":\\\"fd_1694337225774\\\",\\\"_id\\\":\\\"fd_1694337225774\\\",\\\"compType\\\":\\\"input\\\",\\\"ele\\\":\\\"el-input\\\",\\\"compName\\\":\\\"单行文本\\\",\\\"compIcon\\\":\\\"input\\\",\\\"viewType\\\":\\\"text\\\",\\\"config\\\":true,\\\"showLabel\\\":true,\\\"label\\\":\\\"单行文本\\\",\\\"labelWidth\\\":80,\\\"placeholder\\\":\\\"请输入文本\\\",\\\"required\\\":false,\\\"maxLength\\\":50,\\\"gutter\\\":15,\\\"span\\\":24,\\\"width\\\":\\\"100%\\\",\\\"clearable\\\":true,\\\"disabled\\\":false,\\\"readonly\\\":false,\\\"status\\\":\\\"normal\\\",\\\"prefix-icon\\\":\\\"\\\",\\\"suffix-icon\\\":\\\"\\\",\\\"value\\\":\\\"\\\",\\\"rules\\\":[],\\\"rulesType\\\":\\\"default\\\",\\\"prepend\\\":\\\"\\\",\\\"append\\\":\\\"\\\",\\\"classStyle\\\":[],\\\"cssStyle\\\":\\\"\\\",\\\"layout\\\":\\\"colItem\\\"},{\\\"id\\\":\\\"fd_1694337230624\\\",\\\"_id\\\":\\\"fd_1694337230624\\\",\\\"compType\\\":\\\"Switch\\\",\\\"ele\\\":\\\"el-switch\\\",\\\"compName\\\":\\\"开关\\\",\\\"label\\\":\\\"开关\\\",\\\"compIcon\\\":\\\"switch\\\",\\\"viewType\\\":\\\"component\\\",\\\"config\\\":true,\\\"showLabel\\\":true,\\\"gutter\\\":15,\\\"labelWidth\\\":80,\\\"value\\\":\\\"false\\\",\\\"rules\\\":[],\\\"span\\\":24,\\\"disabled\\\":false,\\\"required\\\":false,\\\"active-color\\\":\\\"#409EFF\\\",\\\"inactive-color\\\":\\\"#DCDFE6\\\",\\\"active-value\\\":\\\"true\\\",\\\"inactive-value\\\":\\\"false\\\",\\\"classStyle\\\":[],\\\"cssStyle\\\":\\\"\\\",\\\"layout\\\":\\\"colItem\\\"}],\\\"config\\\":{\\\"version\\\":\\\"2.1.6\\\",\\\"formRef\\\":\\\"elForm\\\",\\\"formModel\\\":\\\"form\\\",\\\"rules\\\":\\\"rules\\\",\\\"size\\\":\\\"medium\\\",\\\"labelPosition\\\":\\\"right\\\",\\\"labelWidth\\\":80,\\\"formRules\\\":\\\"rules\\\",\\\"gutter\\\":15,\\\"disabled\\\":false,\\\"dynamicTableAllowed\\\":true,\\\"classStyle\\\":\\\"\\\"}}\",\"remark\":\"test\"}', '{\"code\":500,\"msg\":\"操作失败\",\"data\":null}', '0', '', '2023-09-10 17:14:38');
INSERT INTO `sys_oper_log` VALUES ('1700800998808096769', '流程表单', '2', 'com.ruoyi.web.controller.workflow.WfFormController.edit()', 'PUT', '1', 'admin', '', '/workflow/form', '127.0.0.1', '内网IP', '{\"createBy\":null,\"createTime\":null,\"updateBy\":null,\"updateTime\":null,\"formId\":null,\"formName\":\"test\",\"content\":\"{\\\"list\\\":[{\\\"id\\\":\\\"fd_1694337225774\\\",\\\"_id\\\":\\\"fd_1694337225774\\\",\\\"compType\\\":\\\"input\\\",\\\"ele\\\":\\\"el-input\\\",\\\"compName\\\":\\\"单行文本\\\",\\\"compIcon\\\":\\\"input\\\",\\\"viewType\\\":\\\"text\\\",\\\"config\\\":true,\\\"showLabel\\\":true,\\\"label\\\":\\\"单行文本\\\",\\\"labelWidth\\\":80,\\\"placeholder\\\":\\\"请输入文本\\\",\\\"required\\\":false,\\\"maxLength\\\":50,\\\"gutter\\\":15,\\\"span\\\":24,\\\"width\\\":\\\"100%\\\",\\\"clearable\\\":true,\\\"disabled\\\":false,\\\"readonly\\\":false,\\\"status\\\":\\\"normal\\\",\\\"prefix-icon\\\":\\\"\\\",\\\"suffix-icon\\\":\\\"\\\",\\\"value\\\":\\\"\\\",\\\"rules\\\":[],\\\"rulesType\\\":\\\"default\\\",\\\"prepend\\\":\\\"\\\",\\\"append\\\":\\\"\\\",\\\"classStyle\\\":[],\\\"cssStyle\\\":\\\"\\\",\\\"layout\\\":\\\"colItem\\\"},{\\\"id\\\":\\\"fd_1694337230624\\\",\\\"_id\\\":\\\"fd_1694337230624\\\",\\\"compType\\\":\\\"Switch\\\",\\\"ele\\\":\\\"el-switch\\\",\\\"compName\\\":\\\"开关\\\",\\\"label\\\":\\\"开关\\\",\\\"compIcon\\\":\\\"switch\\\",\\\"viewType\\\":\\\"component\\\",\\\"config\\\":true,\\\"showLabel\\\":true,\\\"gutter\\\":15,\\\"labelWidth\\\":80,\\\"value\\\":\\\"false\\\",\\\"rules\\\":[],\\\"span\\\":24,\\\"disabled\\\":false,\\\"required\\\":false,\\\"active-color\\\":\\\"#409EFF\\\",\\\"inactive-color\\\":\\\"#DCDFE6\\\",\\\"active-value\\\":\\\"true\\\",\\\"inactive-value\\\":\\\"false\\\",\\\"classStyle\\\":[],\\\"cssStyle\\\":\\\"\\\",\\\"layout\\\":\\\"colItem\\\"},{\\\"id\\\":\\\"fd_1694337528778\\\",\\\"_id\\\":\\\"fd_1694337528778\\\",\\\"compType\\\":\\\"textarea\\\",\\\"ele\\\":\\\"el-input\\\",\\\"compName\\\":\\\"多行文本\\\",\\\"compIcon\\\":\\\"textarea\\\",\\\"viewType\\\":\\\"text\\\",\\\"config\\\":true,\\\"showLabel\\\":true,\\\"label\\\":\\\"多行文本\\\",\\\"labelWidth\\\":80,\\\"placeholder\\\":\\\"请输入文本\\\",\\\"type\\\":\\\"textarea\\\",\\\"required\\\":false,\\\"maxlength\\\":50,\\\"show-word-limit\\\":false,\\\"gutter\\\":15,\\\"span\\\":24,\\\"clearable\\\":true,\\\"disabled\\\":false,\\\"readonly\\\":false,\\\"rows\\\":4,\\\"status\\\":\\\"normal\\\",\\\"value\\\":\\\"\\\",\\\"rules\\\":[],\\\"ruleError\\\":\\\"该字段不能为空\\\",\\\"classStyle\\\":[],\\\"cssStyle\\\":\\\"\\\",\\\"layout\\\":\\\"colItem\\\"}],\\\"config\\\":{\\\"version\\\":\\\"2.1.6\\\",\\\"formRef\\\":\\\"elForm\\\",\\\"formModel\\\":\\\"form\\\",\\\"rules\\\":\\\"rules\\\",\\\"size\\\":\\\"medium\\\",\\\"labelPosition\\\":\\\"right\\\",\\\"labelW', '{\"code\":500,\"msg\":\"操作失败\",\"data\":null}', '0', '', '2023-09-10 17:18:52');
INSERT INTO `sys_oper_log` VALUES ('1700801425956016130', '流程表单', '1', 'com.ruoyi.web.controller.workflow.WfFormController.add()', 'POST', '1', 'admin', '', '/workflow/form', '127.0.0.1', '内网IP', '{\"createBy\":null,\"createTime\":null,\"updateBy\":null,\"updateTime\":null,\"formId\":null,\"formName\":\"bbbb\",\"content\":\"{\\\"list\\\":[{\\\"id\\\":\\\"fd_1694337626863\\\",\\\"_id\\\":\\\"fd_1694337626863\\\",\\\"compType\\\":\\\"input\\\",\\\"ele\\\":\\\"el-input\\\",\\\"compName\\\":\\\"单行文本\\\",\\\"compIcon\\\":\\\"input\\\",\\\"viewType\\\":\\\"text\\\",\\\"config\\\":true,\\\"showLabel\\\":true,\\\"label\\\":\\\"单行文本\\\",\\\"labelWidth\\\":80,\\\"placeholder\\\":\\\"请输入文本\\\",\\\"required\\\":false,\\\"maxLength\\\":50,\\\"gutter\\\":15,\\\"span\\\":24,\\\"width\\\":\\\"100%\\\",\\\"clearable\\\":true,\\\"disabled\\\":false,\\\"readonly\\\":false,\\\"status\\\":\\\"normal\\\",\\\"prefix-icon\\\":\\\"\\\",\\\"suffix-icon\\\":\\\"\\\",\\\"value\\\":\\\"\\\",\\\"rules\\\":[],\\\"rulesType\\\":\\\"default\\\",\\\"prepend\\\":\\\"\\\",\\\"append\\\":\\\"\\\",\\\"classStyle\\\":[],\\\"cssStyle\\\":\\\"\\\",\\\"layout\\\":\\\"colItem\\\"},{\\\"id\\\":\\\"fd_1694337627946\\\",\\\"_id\\\":\\\"fd_1694337627946\\\",\\\"compType\\\":\\\"date\\\",\\\"ele\\\":\\\"el-date-picker\\\",\\\"compName\\\":\\\"日期\\\",\\\"compIcon\\\":\\\"date\\\",\\\"viewType\\\":\\\"text\\\",\\\"config\\\":true,\\\"showLabel\\\":true,\\\"label\\\":\\\"日期\\\",\\\"labelWidth\\\":80,\\\"placeholder\\\":\\\"请选择\\\",\\\"required\\\":false,\\\"maxLength\\\":50,\\\"gutter\\\":15,\\\"span\\\":24,\\\"clearable\\\":true,\\\"disabled\\\":false,\\\"readonly\\\":false,\\\"value\\\":\\\"\\\",\\\"rules\\\":[],\\\"type\\\":\\\"date\\\",\\\"format\\\":\\\"yyyy-MM-dd\\\",\\\"value-format\\\":\\\"yyyy-MM-dd\\\",\\\"range-separator\\\":\\\"-\\\",\\\"start-placeholder\\\":\\\"开始日期\\\",\\\"end-placeholder\\\":\\\"结束日期\\\",\\\"classStyle\\\":[],\\\"cssStyle\\\":\\\"\\\",\\\"layout\\\":\\\"colItem\\\"}],\\\"config\\\":{\\\"version\\\":\\\"2.1.6\\\",\\\"formRef\\\":\\\"elForm\\\",\\\"formModel\\\":\\\"form\\\",\\\"rules\\\":\\\"rules\\\",\\\"size\\\":\\\"medium\\\",\\\"labelPosition\\\":\\\"right\\\",\\\"labelWidth\\\":80,\\\"formRules\\\":\\\"rules\\\",\\\"gutter\\\":15,\\\"disabled\\\":false,\\\"dynamicTableAllowed\\\":true,\\\"classStyle\\\":\\\"\\\"}}\",\"remark\":\"bbbb\"}', '{\"code\":200,\"msg\":\"操作成功\",\"data\":null}', '0', '', '2023-09-10 17:20:34');
INSERT INTO `sys_oper_log` VALUES ('1700801450136178689', '流程表单', '2', 'com.ruoyi.web.controller.workflow.WfFormController.edit()', 'PUT', '1', 'admin', '', '/workflow/form', '127.0.0.1', '内网IP', '{\"createBy\":null,\"createTime\":null,\"updateBy\":null,\"updateTime\":null,\"formId\":null,\"formName\":\"bbbb\",\"content\":\"{\\\"list\\\":[{\\\"id\\\":\\\"fd_1694337626863\\\",\\\"_id\\\":\\\"fd_1694337626863\\\",\\\"compType\\\":\\\"input\\\",\\\"ele\\\":\\\"el-input\\\",\\\"compName\\\":\\\"单行文本\\\",\\\"compIcon\\\":\\\"input\\\",\\\"viewType\\\":\\\"text\\\",\\\"config\\\":true,\\\"showLabel\\\":true,\\\"label\\\":\\\"单行文本\\\",\\\"labelWidth\\\":80,\\\"placeholder\\\":\\\"请输入文本\\\",\\\"required\\\":false,\\\"maxLength\\\":50,\\\"gutter\\\":15,\\\"span\\\":24,\\\"width\\\":\\\"100%\\\",\\\"clearable\\\":true,\\\"disabled\\\":false,\\\"readonly\\\":false,\\\"status\\\":\\\"normal\\\",\\\"prefix-icon\\\":\\\"\\\",\\\"suffix-icon\\\":\\\"\\\",\\\"value\\\":\\\"\\\",\\\"rules\\\":[],\\\"rulesType\\\":\\\"default\\\",\\\"prepend\\\":\\\"\\\",\\\"append\\\":\\\"\\\",\\\"classStyle\\\":[],\\\"cssStyle\\\":\\\"\\\",\\\"layout\\\":\\\"colItem\\\"},{\\\"id\\\":\\\"fd_1694337627946\\\",\\\"_id\\\":\\\"fd_1694337627946\\\",\\\"compType\\\":\\\"date\\\",\\\"ele\\\":\\\"el-date-picker\\\",\\\"compName\\\":\\\"日期\\\",\\\"compIcon\\\":\\\"date\\\",\\\"viewType\\\":\\\"text\\\",\\\"config\\\":true,\\\"showLabel\\\":true,\\\"label\\\":\\\"日期\\\",\\\"labelWidth\\\":80,\\\"placeholder\\\":\\\"请选择\\\",\\\"required\\\":false,\\\"maxLength\\\":50,\\\"gutter\\\":15,\\\"span\\\":24,\\\"clearable\\\":true,\\\"disabled\\\":false,\\\"readonly\\\":false,\\\"value\\\":\\\"\\\",\\\"rules\\\":[],\\\"type\\\":\\\"date\\\",\\\"format\\\":\\\"yyyy-MM-dd\\\",\\\"value-format\\\":\\\"yyyy-MM-dd\\\",\\\"range-separator\\\":\\\"-\\\",\\\"start-placeholder\\\":\\\"开始日期\\\",\\\"end-placeholder\\\":\\\"结束日期\\\",\\\"classStyle\\\":[],\\\"cssStyle\\\":\\\"\\\",\\\"layout\\\":\\\"colItem\\\"}],\\\"config\\\":{\\\"version\\\":\\\"2.1.6\\\",\\\"formRef\\\":\\\"elForm\\\",\\\"formModel\\\":\\\"form\\\",\\\"rules\\\":\\\"rules\\\",\\\"size\\\":\\\"medium\\\",\\\"labelPosition\\\":\\\"right\\\",\\\"labelWidth\\\":80,\\\"formRules\\\":\\\"rules\\\",\\\"gutter\\\":15,\\\"disabled\\\":false,\\\"dynamicTableAllowed\\\":true,\\\"classStyle\\\":\\\"\\\"}}\",\"remark\":\"bbbb\"}', '{\"code\":500,\"msg\":\"操作失败\",\"data\":null}', '0', '', '2023-09-10 17:20:40');
INSERT INTO `sys_oper_log` VALUES ('1700803423317135361', '流程表单', '2', 'com.ruoyi.web.controller.workflow.WfFormController.edit()', 'PUT', '1', 'admin', '', '/workflow/form', '127.0.0.1', '内网IP', '{\"createBy\":null,\"createTime\":null,\"updateBy\":null,\"updateTime\":null,\"formId\":null,\"formName\":\"bbbb\",\"content\":\"{\\\"list\\\":[{\\\"id\\\":\\\"fd_1694337626863\\\",\\\"_id\\\":\\\"fd_1694337626863\\\",\\\"compType\\\":\\\"input\\\",\\\"ele\\\":\\\"el-input\\\",\\\"compName\\\":\\\"单行文本\\\",\\\"compIcon\\\":\\\"input\\\",\\\"viewType\\\":\\\"text\\\",\\\"config\\\":true,\\\"showLabel\\\":true,\\\"label\\\":\\\"单行文本\\\",\\\"labelWidth\\\":80,\\\"placeholder\\\":\\\"请输入文本\\\",\\\"required\\\":false,\\\"maxLength\\\":50,\\\"gutter\\\":15,\\\"span\\\":24,\\\"width\\\":\\\"100%\\\",\\\"clearable\\\":true,\\\"disabled\\\":false,\\\"readonly\\\":false,\\\"status\\\":\\\"normal\\\",\\\"prefix-icon\\\":\\\"\\\",\\\"suffix-icon\\\":\\\"\\\",\\\"value\\\":\\\"\\\",\\\"rules\\\":[],\\\"rulesType\\\":\\\"default\\\",\\\"prepend\\\":\\\"\\\",\\\"append\\\":\\\"\\\",\\\"classStyle\\\":[],\\\"cssStyle\\\":\\\"\\\",\\\"layout\\\":\\\"colItem\\\"},{\\\"id\\\":\\\"fd_1694337627946\\\",\\\"_id\\\":\\\"fd_1694337627946\\\",\\\"compType\\\":\\\"date\\\",\\\"ele\\\":\\\"el-date-picker\\\",\\\"compName\\\":\\\"日期\\\",\\\"compIcon\\\":\\\"date\\\",\\\"viewType\\\":\\\"text\\\",\\\"config\\\":true,\\\"showLabel\\\":true,\\\"label\\\":\\\"日期\\\",\\\"labelWidth\\\":80,\\\"placeholder\\\":\\\"请选择\\\",\\\"required\\\":false,\\\"maxLength\\\":50,\\\"gutter\\\":15,\\\"span\\\":24,\\\"clearable\\\":true,\\\"disabled\\\":false,\\\"readonly\\\":false,\\\"value\\\":\\\"\\\",\\\"rules\\\":[],\\\"type\\\":\\\"date\\\",\\\"format\\\":\\\"yyyy-MM-dd\\\",\\\"value-format\\\":\\\"yyyy-MM-dd\\\",\\\"range-separator\\\":\\\"-\\\",\\\"start-placeholder\\\":\\\"开始日期\\\",\\\"end-placeholder\\\":\\\"结束日期\\\",\\\"classStyle\\\":[],\\\"cssStyle\\\":\\\"\\\",\\\"layout\\\":\\\"colItem\\\"},{\\\"id\\\":\\\"fd_1694338107085\\\",\\\"_id\\\":\\\"fd_1694338107085\\\",\\\"compType\\\":\\\"upload\\\",\\\"ele\\\":\\\"el-upload\\\",\\\"compName\\\":\\\"附件\\\",\\\"compIcon\\\":\\\"att\\\",\\\"viewType\\\":\\\"component\\\",\\\"config\\\":true,\\\"showLabel\\\":true,\\\"label\\\":\\\"附件上传\\\",\\\"labelWidth\\\":80,\\\"gutter\\\":15,\\\"span\\\":24,\\\"required\\\":false,\\\"action\\\":\\\"https://jsonplaceholder.typicode.com/posts/\\\",\\\"multiple\\\":false,\\\"name\\\":\\\"file\\\",\\\"show-file-list\\\":true,\\\"list-type\\\":\\\"text\\\",\\\"value\\\":\\\"\\\",\\\"width\\\":100,\\\"buttonText\\\":\\\"请上传附件\\\",\\\"showTip\\\":false,\\\"tips\\\":\\\"点击按钮上传附件\\\",\\\"accept\\\":\\\".pdf, .doc, .docx, .xls, .xlsx\\\",\\\"fileSize\\\":10,\\\"headers\\\":{\\\"X-Access-Token\\\":\\\"token', '{\"code\":500,\"msg\":\"操作失败\",\"data\":null}', '0', '', '2023-09-10 17:28:30');
INSERT INTO `sys_oper_log` VALUES ('1700804127784046594', '流程表单', '2', 'com.ruoyi.web.controller.workflow.WfFormController.edit()', 'PUT', '1', 'admin', '', '/workflow/form', '127.0.0.1', '内网IP', '{\"createBy\":null,\"createTime\":null,\"updateBy\":null,\"updateTime\":null,\"formId\":null,\"formName\":\"bbbb\",\"content\":\"{\\\"list\\\":[{\\\"id\\\":\\\"fd_1694337626863\\\",\\\"_id\\\":\\\"fd_1694337626863\\\",\\\"compType\\\":\\\"input\\\",\\\"ele\\\":\\\"el-input\\\",\\\"compName\\\":\\\"单行文本\\\",\\\"compIcon\\\":\\\"input\\\",\\\"viewType\\\":\\\"text\\\",\\\"config\\\":true,\\\"showLabel\\\":true,\\\"label\\\":\\\"单行文本\\\",\\\"labelWidth\\\":80,\\\"placeholder\\\":\\\"请输入文本\\\",\\\"required\\\":false,\\\"maxLength\\\":50,\\\"gutter\\\":15,\\\"span\\\":24,\\\"width\\\":\\\"100%\\\",\\\"clearable\\\":true,\\\"disabled\\\":false,\\\"readonly\\\":false,\\\"status\\\":\\\"normal\\\",\\\"prefix-icon\\\":\\\"\\\",\\\"suffix-icon\\\":\\\"\\\",\\\"value\\\":\\\"\\\",\\\"rules\\\":[],\\\"rulesType\\\":\\\"default\\\",\\\"prepend\\\":\\\"\\\",\\\"append\\\":\\\"\\\",\\\"classStyle\\\":[],\\\"cssStyle\\\":\\\"\\\",\\\"layout\\\":\\\"colItem\\\"},{\\\"id\\\":\\\"fd_1694337627946\\\",\\\"_id\\\":\\\"fd_1694337627946\\\",\\\"compType\\\":\\\"date\\\",\\\"ele\\\":\\\"el-date-picker\\\",\\\"compName\\\":\\\"日期\\\",\\\"compIcon\\\":\\\"date\\\",\\\"viewType\\\":\\\"text\\\",\\\"config\\\":true,\\\"showLabel\\\":true,\\\"label\\\":\\\"日期\\\",\\\"labelWidth\\\":80,\\\"placeholder\\\":\\\"请选择\\\",\\\"required\\\":false,\\\"maxLength\\\":50,\\\"gutter\\\":15,\\\"span\\\":24,\\\"clearable\\\":true,\\\"disabled\\\":false,\\\"readonly\\\":false,\\\"value\\\":\\\"\\\",\\\"rules\\\":[],\\\"type\\\":\\\"date\\\",\\\"format\\\":\\\"yyyy-MM-dd\\\",\\\"value-format\\\":\\\"yyyy-MM-dd\\\",\\\"range-separator\\\":\\\"-\\\",\\\"start-placeholder\\\":\\\"开始日期\\\",\\\"end-placeholder\\\":\\\"结束日期\\\",\\\"classStyle\\\":[],\\\"cssStyle\\\":\\\"\\\",\\\"layout\\\":\\\"colItem\\\"},{\\\"id\\\":\\\"fd_1694338275149\\\",\\\"_id\\\":\\\"fd_1694338275149\\\",\\\"compType\\\":\\\"upload\\\",\\\"ele\\\":\\\"el-upload\\\",\\\"compName\\\":\\\"附件\\\",\\\"compIcon\\\":\\\"att\\\",\\\"viewType\\\":\\\"component\\\",\\\"config\\\":true,\\\"showLabel\\\":true,\\\"label\\\":\\\"附件上传\\\",\\\"labelWidth\\\":80,\\\"gutter\\\":15,\\\"span\\\":24,\\\"required\\\":false,\\\"action\\\":\\\"https://jsonplaceholder.typicode.com/posts/\\\",\\\"multiple\\\":false,\\\"name\\\":\\\"file\\\",\\\"show-file-list\\\":true,\\\"list-type\\\":\\\"text\\\",\\\"value\\\":\\\"\\\",\\\"width\\\":100,\\\"buttonText\\\":\\\"请上传附件\\\",\\\"showTip\\\":false,\\\"tips\\\":\\\"点击按钮上传附件\\\",\\\"accept\\\":\\\".pdf, .doc, .docx, .xls, .xlsx\\\",\\\"fileSize\\\":10,\\\"headers\\\":{\\\"X-Access-Token\\\":\\\"token', '{\"code\":500,\"msg\":\"操作失败\",\"data\":null}', '0', '', '2023-09-10 17:31:18');
INSERT INTO `sys_oper_log` VALUES ('1700804533968834562', '流程表单', '2', 'com.ruoyi.web.controller.workflow.WfFormController.edit()', 'PUT', '1', 'admin', '', '/workflow/form', '127.0.0.1', '内网IP', '{\"createBy\":null,\"createTime\":null,\"updateBy\":null,\"updateTime\":null,\"formId\":\"1700801425771466753\",\"formName\":\"bbbb\",\"content\":\"{\\\"list\\\":[{\\\"id\\\":\\\"fd_1694337626863\\\",\\\"_id\\\":\\\"fd_1694337626863\\\",\\\"compType\\\":\\\"input\\\",\\\"ele\\\":\\\"el-input\\\",\\\"compName\\\":\\\"单行文本\\\",\\\"compIcon\\\":\\\"input\\\",\\\"viewType\\\":\\\"text\\\",\\\"config\\\":true,\\\"showLabel\\\":true,\\\"label\\\":\\\"单行文本\\\",\\\"labelWidth\\\":80,\\\"placeholder\\\":\\\"请输入文本\\\",\\\"required\\\":false,\\\"maxLength\\\":50,\\\"gutter\\\":15,\\\"span\\\":24,\\\"width\\\":\\\"100%\\\",\\\"clearable\\\":true,\\\"disabled\\\":false,\\\"readonly\\\":false,\\\"status\\\":\\\"normal\\\",\\\"prefix-icon\\\":\\\"\\\",\\\"suffix-icon\\\":\\\"\\\",\\\"value\\\":\\\"\\\",\\\"rules\\\":[],\\\"rulesType\\\":\\\"default\\\",\\\"prepend\\\":\\\"\\\",\\\"append\\\":\\\"\\\",\\\"classStyle\\\":[],\\\"cssStyle\\\":\\\"\\\",\\\"layout\\\":\\\"colItem\\\"},{\\\"id\\\":\\\"fd_1694337627946\\\",\\\"_id\\\":\\\"fd_1694337627946\\\",\\\"compType\\\":\\\"date\\\",\\\"ele\\\":\\\"el-date-picker\\\",\\\"compName\\\":\\\"日期\\\",\\\"compIcon\\\":\\\"date\\\",\\\"viewType\\\":\\\"text\\\",\\\"config\\\":true,\\\"showLabel\\\":true,\\\"label\\\":\\\"日期\\\",\\\"labelWidth\\\":80,\\\"placeholder\\\":\\\"请选择\\\",\\\"required\\\":false,\\\"maxLength\\\":50,\\\"gutter\\\":15,\\\"span\\\":24,\\\"clearable\\\":true,\\\"disabled\\\":false,\\\"readonly\\\":false,\\\"value\\\":\\\"\\\",\\\"rules\\\":[],\\\"type\\\":\\\"date\\\",\\\"format\\\":\\\"yyyy-MM-dd\\\",\\\"value-format\\\":\\\"yyyy-MM-dd\\\",\\\"range-separator\\\":\\\"-\\\",\\\"start-placeholder\\\":\\\"开始日期\\\",\\\"end-placeholder\\\":\\\"结束日期\\\",\\\"classStyle\\\":[],\\\"cssStyle\\\":\\\"\\\",\\\"layout\\\":\\\"colItem\\\"},{\\\"id\\\":\\\"fd_1694338372642\\\",\\\"_id\\\":\\\"fd_1694338372642\\\",\\\"compType\\\":\\\"upload\\\",\\\"ele\\\":\\\"el-upload\\\",\\\"compName\\\":\\\"附件\\\",\\\"compIcon\\\":\\\"att\\\",\\\"viewType\\\":\\\"component\\\",\\\"config\\\":true,\\\"showLabel\\\":true,\\\"label\\\":\\\"附件上传\\\",\\\"labelWidth\\\":80,\\\"gutter\\\":15,\\\"span\\\":24,\\\"required\\\":false,\\\"action\\\":\\\"https://jsonplaceholder.typicode.com/posts/\\\",\\\"multiple\\\":false,\\\"name\\\":\\\"file\\\",\\\"show-file-list\\\":true,\\\"list-type\\\":\\\"text\\\",\\\"value\\\":\\\"\\\",\\\"width\\\":100,\\\"buttonText\\\":\\\"请上传附件\\\",\\\"showTip\\\":false,\\\"tips\\\":\\\"点击按钮上传附件\\\",\\\"accept\\\":\\\".pdf, .doc, .docx, .xls, .xlsx\\\",\\\"fileSize\\\":10,\\\"headers\\\":{\\\"X-Acces', '{\"code\":200,\"msg\":\"操作成功\",\"data\":null}', '0', '', '2023-09-10 17:32:55');
INSERT INTO `sys_oper_log` VALUES ('1700806560627167233', '流程表单', '3', 'com.ruoyi.web.controller.workflow.WfFormController.remove()', 'DELETE', '1', 'admin', '', '/workflow/form/1696342713128292354', '127.0.0.1', '内网IP', '{}', '{\"code\":200,\"msg\":\"操作成功\",\"data\":null}', '0', '', '2023-09-10 17:40:58');
INSERT INTO `sys_oper_log` VALUES ('1700840453208150018', '流程表单', '2', 'com.ruoyi.web.controller.workflow.WfFormController.edit()', 'PUT', '1', 'admin', '', '/workflow/form', '127.0.0.1', '内网IP', '{\"createBy\":null,\"createTime\":null,\"updateBy\":null,\"updateTime\":null,\"formId\":\"1700801425771466753\",\"formName\":\"上传附件表单\",\"content\":\"{\\\"list\\\":[{\\\"id\\\":\\\"fd_1694337626863\\\",\\\"_id\\\":\\\"fd_1694337626863\\\",\\\"compType\\\":\\\"input\\\",\\\"ele\\\":\\\"el-input\\\",\\\"compName\\\":\\\"单行文本\\\",\\\"compIcon\\\":\\\"input\\\",\\\"viewType\\\":\\\"text\\\",\\\"config\\\":true,\\\"showLabel\\\":true,\\\"label\\\":\\\"单行文本\\\",\\\"labelWidth\\\":80,\\\"placeholder\\\":\\\"请输入文本\\\",\\\"required\\\":false,\\\"maxLength\\\":50,\\\"gutter\\\":15,\\\"span\\\":24,\\\"width\\\":\\\"100%\\\",\\\"clearable\\\":true,\\\"disabled\\\":false,\\\"readonly\\\":false,\\\"status\\\":\\\"normal\\\",\\\"prefix-icon\\\":\\\"\\\",\\\"suffix-icon\\\":\\\"\\\",\\\"value\\\":\\\"\\\",\\\"rules\\\":[],\\\"rulesType\\\":\\\"default\\\",\\\"prepend\\\":\\\"\\\",\\\"append\\\":\\\"\\\",\\\"classStyle\\\":[],\\\"cssStyle\\\":\\\"\\\",\\\"layout\\\":\\\"colItem\\\"},{\\\"id\\\":\\\"fd_1694337627946\\\",\\\"_id\\\":\\\"fd_1694337627946\\\",\\\"compType\\\":\\\"date\\\",\\\"ele\\\":\\\"el-date-picker\\\",\\\"compName\\\":\\\"日期\\\",\\\"compIcon\\\":\\\"date\\\",\\\"viewType\\\":\\\"text\\\",\\\"config\\\":true,\\\"showLabel\\\":true,\\\"label\\\":\\\"日期\\\",\\\"labelWidth\\\":80,\\\"placeholder\\\":\\\"请选择\\\",\\\"required\\\":false,\\\"maxLength\\\":50,\\\"gutter\\\":15,\\\"span\\\":24,\\\"clearable\\\":true,\\\"disabled\\\":false,\\\"readonly\\\":false,\\\"value\\\":\\\"\\\",\\\"rules\\\":[],\\\"type\\\":\\\"date\\\",\\\"format\\\":\\\"yyyy-MM-dd\\\",\\\"value-format\\\":\\\"yyyy-MM-dd\\\",\\\"range-separator\\\":\\\"-\\\",\\\"start-placeholder\\\":\\\"开始日期\\\",\\\"end-placeholder\\\":\\\"结束日期\\\",\\\"classStyle\\\":[],\\\"cssStyle\\\":\\\"\\\",\\\"layout\\\":\\\"colItem\\\"},{\\\"id\\\":\\\"fd_1694338372642\\\",\\\"_id\\\":\\\"fd_1694338372642\\\",\\\"compType\\\":\\\"upload\\\",\\\"ele\\\":\\\"el-upload\\\",\\\"compName\\\":\\\"附件\\\",\\\"compIcon\\\":\\\"att\\\",\\\"viewType\\\":\\\"component\\\",\\\"config\\\":true,\\\"showLabel\\\":true,\\\"label\\\":\\\"附件上传\\\",\\\"labelWidth\\\":80,\\\"gutter\\\":15,\\\"span\\\":24,\\\"required\\\":false,\\\"action\\\":\\\"https://jsonplaceholder.typicode.com/posts/\\\",\\\"multiple\\\":false,\\\"name\\\":\\\"file\\\",\\\"show-file-list\\\":true,\\\"list-type\\\":\\\"text\\\",\\\"value\\\":\\\"\\\",\\\"width\\\":100,\\\"buttonText\\\":\\\"请上传附件\\\",\\\"showTip\\\":false,\\\"tips\\\":\\\"点击按钮上传附件\\\",\\\"accept\\\":\\\".pdf, .doc, .docx, .xls, .xlsx\\\",\\\"fileSize\\\":10,\\\"headers\\\":{\\\"X-Acc', '{\"code\":200,\"msg\":\"操作成功\",\"data\":null}', '0', '', '2023-09-10 19:55:39');
INSERT INTO `sys_oper_log` VALUES ('1700840585433583618', '保存流程模型', '1', 'com.ruoyi.web.controller.workflow.WfModelController.save()', 'POST', '1', 'admin', '', '/workflow/model/save', '127.0.0.1', '内网IP', '{\"modelId\":\"f4e7accb-466c-11ee-a6f0-601895569a42\",\"modelName\":null,\"modelKey\":null,\"category\":null,\"description\":null,\"formType\":null,\"formId\":null,\"bpmnXml\":\"<?xml version=\\\"1.0\\\" encoding=\\\"UTF-8\\\"?>\\n<bpmn2:definitions xmlns:xsi=\\\"http://www.w3.org/2001/XMLSchema-instance\\\" xmlns:bpmn2=\\\"http://www.omg.org/spec/BPMN/20100524/MODEL\\\" xmlns:bpmndi=\\\"http://www.omg.org/spec/BPMN/20100524/DI\\\" xmlns:dc=\\\"http://www.omg.org/spec/DD/20100524/DC\\\" xmlns:di=\\\"http://www.omg.org/spec/DD/20100524/DI\\\" xmlns:flowable=\\\"http://flowable.org/bpmn\\\" id=\\\"diagram_Process_1693314311374\\\" targetNamespace=\\\"http://flowable.org/bpmn\\\" xsi:schemaLocation=\\\"http://www.omg.org/spec/BPMN/20100524/MODEL BPMN20.xsd\\\">\\n  <bpmn2:process id=\\\"Process_1693314311374\\\" name=\\\"业务流程_测试动态指定审批人\\\" isExecutable=\\\"true\\\">\\n    <bpmn2:startEvent id=\\\"Event_0xabok4\\\" flowable:formKey=\\\"key_1700801425771466753\\\">\\n      <bpmn2:outgoing>Flow_1i2r23e</bpmn2:outgoing>\\n    </bpmn2:startEvent>\\n    <bpmn2:userTask id=\\\"Activity_0omrlnq\\\" flowable:dataType=\\\"INITIATOR\\\" flowable:assignee=\\\"${initiator}\\\" flowable:text=\\\"流程发起人\\\">\\n      <bpmn2:incoming>Flow_1i2r23e</bpmn2:incoming>\\n      <bpmn2:outgoing>Flow_0jnzl0j</bpmn2:outgoing>\\n    </bpmn2:userTask>\\n    <bpmn2:sequenceFlow id=\\\"Flow_1i2r23e\\\" sourceRef=\\\"Event_0xabok4\\\" targetRef=\\\"Activity_0omrlnq\\\" />\\n    <bpmn2:userTask id=\\\"Activity_08qmmuf\\\" flowable:dataType=\\\"INITIATOR\\\" flowable:assignee=\\\"${initiator}\\\" flowable:text=\\\"流程发起人\\\">\\n      <bpmn2:incoming>Flow_0jnzl0j</bpmn2:incoming>\\n      <bpmn2:outgoing>Flow_194v8tr</bpmn2:outgoing>\\n    </bpmn2:userTask>\\n    <bpmn2:sequenceFlow id=\\\"Flow_0jnzl0j\\\" sourceRef=\\\"Activity_0omrlnq\\\" targetRef=\\\"Activity_08qmmuf\\\" />\\n    <bpmn2:userTask id=\\\"Activity_0mkdj16\\\" flowable:dataType=\\\"ROLES\\\" flowable:assignee=\\\"${assignee}\\\">\\n      <bpmn2:incoming>Flow_194v8tr</bpmn2:incoming>\\n      <bpmn2:outgoing>Flow_1riqa2a</bpmn2:outgoing>\\n      <bpmn2:multiInstanceLoopCharacteristics flowable:collection=\\\"$', '{\"code\":200,\"msg\":\"操作成功\",\"data\":null}', '0', '', '2023-09-10 19:56:10');
INSERT INTO `sys_oper_log` VALUES ('1700840606468018178', '部署流程模型', '1', 'com.ruoyi.web.controller.workflow.WfModelController.deployModel()', 'POST', '1', 'admin', '', '/workflow/model/deploy', '127.0.0.1', '内网IP', '\"085c2621-4fd1-11ee-8e54-601895569a42\"', '{\"code\":200,\"msg\":\"操作成功\",\"data\":null}', '0', '', '2023-09-10 19:56:15');
INSERT INTO `sys_oper_log` VALUES ('1701121965824507905', '流程表单', '2', 'com.ruoyi.web.controller.workflow.WfFormController.edit()', 'PUT', '1', 'admin', '', '/workflow/form', '127.0.0.1', '内网IP', '{\"createBy\":null,\"createTime\":null,\"updateBy\":null,\"updateTime\":null,\"formId\":\"1700801425771466753\",\"formName\":\"上传附件表单\",\"content\":\"{\\\"list\\\":[{\\\"id\\\":\\\"fd_1694337626863\\\",\\\"_id\\\":\\\"fd_1694337626863\\\",\\\"compType\\\":\\\"input\\\",\\\"ele\\\":\\\"el-input\\\",\\\"compName\\\":\\\"单行文本\\\",\\\"compIcon\\\":\\\"input\\\",\\\"viewType\\\":\\\"text\\\",\\\"config\\\":true,\\\"showLabel\\\":true,\\\"label\\\":\\\"单行文本\\\",\\\"labelWidth\\\":80,\\\"placeholder\\\":\\\"请输入文本\\\",\\\"required\\\":false,\\\"maxLength\\\":50,\\\"gutter\\\":15,\\\"span\\\":24,\\\"width\\\":\\\"100%\\\",\\\"clearable\\\":true,\\\"disabled\\\":false,\\\"readonly\\\":false,\\\"status\\\":\\\"normal\\\",\\\"prefix-icon\\\":\\\"\\\",\\\"suffix-icon\\\":\\\"\\\",\\\"value\\\":\\\"\\\",\\\"rules\\\":[],\\\"rulesType\\\":\\\"default\\\",\\\"prepend\\\":\\\"\\\",\\\"append\\\":\\\"\\\",\\\"classStyle\\\":[],\\\"cssStyle\\\":\\\"\\\",\\\"layout\\\":\\\"colItem\\\"},{\\\"id\\\":\\\"fd_1694337627946\\\",\\\"_id\\\":\\\"fd_1694337627946\\\",\\\"compType\\\":\\\"date\\\",\\\"ele\\\":\\\"el-date-picker\\\",\\\"compName\\\":\\\"日期\\\",\\\"compIcon\\\":\\\"date\\\",\\\"viewType\\\":\\\"text\\\",\\\"config\\\":true,\\\"showLabel\\\":true,\\\"label\\\":\\\"日期\\\",\\\"labelWidth\\\":80,\\\"placeholder\\\":\\\"请选择\\\",\\\"required\\\":false,\\\"maxLength\\\":50,\\\"gutter\\\":15,\\\"span\\\":24,\\\"clearable\\\":true,\\\"disabled\\\":false,\\\"readonly\\\":false,\\\"value\\\":\\\"\\\",\\\"rules\\\":[],\\\"type\\\":\\\"date\\\",\\\"format\\\":\\\"yyyy-MM-dd\\\",\\\"value-format\\\":\\\"yyyy-MM-dd\\\",\\\"range-separator\\\":\\\"-\\\",\\\"start-placeholder\\\":\\\"开始日期\\\",\\\"end-placeholder\\\":\\\"结束日期\\\",\\\"classStyle\\\":[],\\\"cssStyle\\\":\\\"\\\",\\\"layout\\\":\\\"colItem\\\"},{\\\"id\\\":\\\"fd_1694414044949\\\",\\\"_id\\\":\\\"fd_1694414044949\\\",\\\"compType\\\":\\\"upload\\\",\\\"ele\\\":\\\"el-upload\\\",\\\"compName\\\":\\\"附件\\\",\\\"compIcon\\\":\\\"att\\\",\\\"viewType\\\":\\\"component\\\",\\\"config\\\":true,\\\"showLabel\\\":true,\\\"label\\\":\\\"附件上传\\\",\\\"labelWidth\\\":80,\\\"gutter\\\":15,\\\"span\\\":24,\\\"required\\\":false,\\\"action\\\":\\\"http://localhost:9060/common/uploads\\\",\\\"multiple\\\":false,\\\"name\\\":\\\"file\\\",\\\"show-file-list\\\":true,\\\"list-type\\\":\\\"text\\\",\\\"value\\\":\\\"\\\",\\\"width\\\":100,\\\"buttonText\\\":\\\"请上传附件\\\",\\\"showTip\\\":false,\\\"tips\\\":\\\"点击按钮上传附件\\\",\\\"accept\\\":\\\".pdf, .doc, .docx, .xls, .xlsx\\\",\\\"fileSize\\\":10,\\\"headers\\\":{\\\"Authorizatio', '{\"code\":200,\"msg\":\"操作成功\",\"data\":null}', '0', '', '2023-09-11 14:34:17');
INSERT INTO `sys_oper_log` VALUES ('1701122204295856129', '保存流程模型', '1', 'com.ruoyi.web.controller.workflow.WfModelController.save()', 'POST', '1', 'admin', '', '/workflow/model/save', '127.0.0.1', '内网IP', '{\"modelId\":\"e6fe6ba7-462d-11ee-b58f-601895569a42\",\"modelName\":null,\"modelKey\":null,\"category\":null,\"description\":null,\"formType\":null,\"formId\":null,\"bpmnXml\":\"<?xml version=\\\"1.0\\\" encoding=\\\"UTF-8\\\"?>\\n<bpmn2:definitions xmlns:xsi=\\\"http://www.w3.org/2001/XMLSchema-instance\\\" xmlns:bpmn2=\\\"http://www.omg.org/spec/BPMN/20100524/MODEL\\\" xmlns:bpmndi=\\\"http://www.omg.org/spec/BPMN/20100524/DI\\\" xmlns:dc=\\\"http://www.omg.org/spec/DD/20100524/DC\\\" xmlns:di=\\\"http://www.omg.org/spec/DD/20100524/DI\\\" xmlns:flowable=\\\"http://flowable.org/bpmn\\\" id=\\\"diagram_Process_1693274676504\\\" targetNamespace=\\\"http://flowable.org/bpmn\\\" xsi:schemaLocation=\\\"http://www.omg.org/spec/BPMN/20100524/MODEL BPMN20.xsd\\\">\\n  <bpmn2:process id=\\\"Process_1693274676504\\\" name=\\\"业务流程_测试上传文件流程\\\" isExecutable=\\\"true\\\">\\n    <bpmn2:startEvent id=\\\"Event_0gt7djs\\\" flowable:formKey=\\\"key_1700801425771466753\\\">\\n      <bpmn2:outgoing>Flow_1s6hspv</bpmn2:outgoing>\\n    </bpmn2:startEvent>\\n    <bpmn2:userTask id=\\\"Activity_13yamhx\\\" flowable:formKey=\\\"\\\" flowable:dataType=\\\"INITIATOR\\\" flowable:assignee=\\\"${initiator}\\\" flowable:text=\\\"流程发起人\\\">\\n      <bpmn2:incoming>Flow_1s6hspv</bpmn2:incoming>\\n      <bpmn2:outgoing>Flow_0a6992y</bpmn2:outgoing>\\n    </bpmn2:userTask>\\n    <bpmn2:sequenceFlow id=\\\"Flow_1s6hspv\\\" sourceRef=\\\"Event_0gt7djs\\\" targetRef=\\\"Activity_13yamhx\\\" />\\n    <bpmn2:userTask id=\\\"Activity_1y9h5oh\\\" flowable:dataType=\\\"USERS\\\" flowable:assignee=\\\"1\\\" flowable:text=\\\"若依管理员\\\">\\n      <bpmn2:incoming>Flow_0a6992y</bpmn2:incoming>\\n      <bpmn2:outgoing>Flow_1el77h3</bpmn2:outgoing>\\n    </bpmn2:userTask>\\n    <bpmn2:sequenceFlow id=\\\"Flow_0a6992y\\\" sourceRef=\\\"Activity_13yamhx\\\" targetRef=\\\"Activity_1y9h5oh\\\" />\\n    <bpmn2:userTask id=\\\"Activity_19mgb4c\\\" flowable:dataType=\\\"USERS\\\" flowable:assignee=\\\"2\\\" flowable:text=\\\"若依\\\">\\n      <bpmn2:incoming>Flow_1el77h3</bpmn2:incoming>\\n      <bpmn2:outgoing>Flow_01r09xu</bpmn2:outgoing>\\n    </bpmn2:userTask>\\n    <bpmn2:sequenceFlow id=\\\"', '{\"code\":200,\"msg\":\"操作成功\",\"data\":null}', '0', '', '2023-09-11 14:35:13');
INSERT INTO `sys_oper_log` VALUES ('1701122228236943362', '部署流程模型', '1', 'com.ruoyi.web.controller.workflow.WfModelController.deployModel()', 'POST', '1', 'admin', '', '/workflow/model/deploy', '127.0.0.1', '内网IP', '\"5cdbcc9b-506d-11ee-a346-601895569a42\"', '{\"code\":200,\"msg\":\"操作成功\",\"data\":null}', '0', '', '2023-09-11 14:35:19');
INSERT INTO `sys_oper_log` VALUES ('1701142919392862209', '流程表单', '2', 'com.ruoyi.web.controller.workflow.WfFormController.edit()', 'PUT', '1', 'admin', '', '/workflow/form', '127.0.0.1', '内网IP', '{\"createBy\":null,\"createTime\":null,\"updateBy\":null,\"updateTime\":null,\"formId\":\"1700801425771466753\",\"formName\":\"上传附件表单\",\"content\":\"{\\\"list\\\":[{\\\"id\\\":\\\"fd_1694337626863\\\",\\\"_id\\\":\\\"fd_1694337626863\\\",\\\"compType\\\":\\\"input\\\",\\\"ele\\\":\\\"el-input\\\",\\\"compName\\\":\\\"单行文本\\\",\\\"compIcon\\\":\\\"input\\\",\\\"viewType\\\":\\\"text\\\",\\\"config\\\":true,\\\"showLabel\\\":true,\\\"label\\\":\\\"单行文本\\\",\\\"labelWidth\\\":80,\\\"placeholder\\\":\\\"请输入文本\\\",\\\"required\\\":false,\\\"maxLength\\\":50,\\\"gutter\\\":15,\\\"span\\\":24,\\\"width\\\":\\\"100%\\\",\\\"clearable\\\":true,\\\"disabled\\\":false,\\\"readonly\\\":false,\\\"status\\\":\\\"normal\\\",\\\"prefix-icon\\\":\\\"\\\",\\\"suffix-icon\\\":\\\"\\\",\\\"value\\\":\\\"\\\",\\\"rules\\\":[],\\\"rulesType\\\":\\\"default\\\",\\\"prepend\\\":\\\"\\\",\\\"append\\\":\\\"\\\",\\\"classStyle\\\":[],\\\"cssStyle\\\":\\\"\\\",\\\"layout\\\":\\\"colItem\\\"},{\\\"id\\\":\\\"fd_1694337627946\\\",\\\"_id\\\":\\\"fd_1694337627946\\\",\\\"compType\\\":\\\"date\\\",\\\"ele\\\":\\\"el-date-picker\\\",\\\"compName\\\":\\\"日期\\\",\\\"compIcon\\\":\\\"date\\\",\\\"viewType\\\":\\\"text\\\",\\\"config\\\":true,\\\"showLabel\\\":true,\\\"label\\\":\\\"日期\\\",\\\"labelWidth\\\":80,\\\"placeholder\\\":\\\"请选择\\\",\\\"required\\\":false,\\\"maxLength\\\":50,\\\"gutter\\\":15,\\\"span\\\":24,\\\"clearable\\\":true,\\\"disabled\\\":false,\\\"readonly\\\":false,\\\"value\\\":\\\"\\\",\\\"rules\\\":[],\\\"type\\\":\\\"date\\\",\\\"format\\\":\\\"yyyy-MM-dd\\\",\\\"value-format\\\":\\\"yyyy-MM-dd\\\",\\\"range-separator\\\":\\\"-\\\",\\\"start-placeholder\\\":\\\"开始日期\\\",\\\"end-placeholder\\\":\\\"结束日期\\\",\\\"classStyle\\\":[],\\\"cssStyle\\\":\\\"\\\",\\\"layout\\\":\\\"colItem\\\"},{\\\"id\\\":\\\"fd_1694419039887\\\",\\\"_id\\\":\\\"fd_1694419039887\\\",\\\"compType\\\":\\\"upload\\\",\\\"ele\\\":\\\"el-upload\\\",\\\"compName\\\":\\\"附件\\\",\\\"compIcon\\\":\\\"att\\\",\\\"viewType\\\":\\\"component\\\",\\\"config\\\":true,\\\"showLabel\\\":true,\\\"label\\\":\\\"附件上传\\\",\\\"labelWidth\\\":80,\\\"gutter\\\":15,\\\"span\\\":24,\\\"required\\\":false,\\\"action\\\":\\\"http://localhost:9060/common/upload\\\",\\\"multiple\\\":false,\\\"name\\\":\\\"file\\\",\\\"show-file-list\\\":true,\\\"list-type\\\":\\\"text\\\",\\\"value\\\":\\\"\\\",\\\"width\\\":100,\\\"buttonText\\\":\\\"请上传附件\\\",\\\"showTip\\\":false,\\\"tips\\\":\\\"点击按钮上传附件\\\",\\\"accept\\\":\\\".pdf, .doc, .docx, .xls, .xlsx\\\",\\\"fileSize\\\":10,\\\"headers\\\":{\\\"Authorization', '{\"code\":200,\"msg\":\"操作成功\",\"data\":null}', '0', '', '2023-09-11 15:57:32');
INSERT INTO `sys_oper_log` VALUES ('1701143465344442370', '保存流程模型', '1', 'com.ruoyi.web.controller.workflow.WfModelController.save()', 'POST', '1', 'admin', '', '/workflow/model/save', '127.0.0.1', '内网IP', '{\"modelId\":\"5cdbcc9b-506d-11ee-a346-601895569a42\",\"modelName\":null,\"modelKey\":null,\"category\":null,\"description\":null,\"formType\":null,\"formId\":null,\"bpmnXml\":\"<?xml version=\\\"1.0\\\" encoding=\\\"UTF-8\\\"?>\\n<bpmn2:definitions xmlns:xsi=\\\"http://www.w3.org/2001/XMLSchema-instance\\\" xmlns:bpmn2=\\\"http://www.omg.org/spec/BPMN/20100524/MODEL\\\" xmlns:bpmndi=\\\"http://www.omg.org/spec/BPMN/20100524/DI\\\" xmlns:dc=\\\"http://www.omg.org/spec/DD/20100524/DC\\\" xmlns:di=\\\"http://www.omg.org/spec/DD/20100524/DI\\\" xmlns:flowable=\\\"http://flowable.org/bpmn\\\" id=\\\"diagram_Process_1693274676504\\\" targetNamespace=\\\"http://flowable.org/bpmn\\\" xsi:schemaLocation=\\\"http://www.omg.org/spec/BPMN/20100524/MODEL BPMN20.xsd\\\">\\n  <bpmn2:process id=\\\"Process_1693274676504\\\" name=\\\"业务流程_测试上传文件流程\\\" isExecutable=\\\"true\\\">\\n    <bpmn2:startEvent id=\\\"Event_0gt7djs\\\" flowable:formKey=\\\"key_1700801425771466753\\\">\\n      <bpmn2:outgoing>Flow_1s6hspv</bpmn2:outgoing>\\n    </bpmn2:startEvent>\\n    <bpmn2:userTask id=\\\"Activity_13yamhx\\\" flowable:formKey=\\\"\\\" flowable:dataType=\\\"INITIATOR\\\" flowable:assignee=\\\"${initiator}\\\" flowable:text=\\\"流程发起人\\\">\\n      <bpmn2:incoming>Flow_1s6hspv</bpmn2:incoming>\\n      <bpmn2:outgoing>Flow_0a6992y</bpmn2:outgoing>\\n    </bpmn2:userTask>\\n    <bpmn2:sequenceFlow id=\\\"Flow_1s6hspv\\\" sourceRef=\\\"Event_0gt7djs\\\" targetRef=\\\"Activity_13yamhx\\\" />\\n    <bpmn2:userTask id=\\\"Activity_1y9h5oh\\\" flowable:dataType=\\\"USERS\\\" flowable:assignee=\\\"1\\\" flowable:text=\\\"若依管理员\\\">\\n      <bpmn2:incoming>Flow_0a6992y</bpmn2:incoming>\\n      <bpmn2:outgoing>Flow_1el77h3</bpmn2:outgoing>\\n    </bpmn2:userTask>\\n    <bpmn2:sequenceFlow id=\\\"Flow_0a6992y\\\" sourceRef=\\\"Activity_13yamhx\\\" targetRef=\\\"Activity_1y9h5oh\\\" />\\n    <bpmn2:userTask id=\\\"Activity_19mgb4c\\\" flowable:dataType=\\\"USERS\\\" flowable:assignee=\\\"2\\\" flowable:text=\\\"若依\\\">\\n      <bpmn2:incoming>Flow_1el77h3</bpmn2:incoming>\\n      <bpmn2:outgoing>Flow_01r09xu</bpmn2:outgoing>\\n    </bpmn2:userTask>\\n    <bpmn2:sequenceFlow id=\\\"', '{\"code\":200,\"msg\":\"操作成功\",\"data\":null}', '0', '', '2023-09-11 15:59:43');
INSERT INTO `sys_oper_log` VALUES ('1701143486227881985', '部署流程模型', '1', 'com.ruoyi.web.controller.workflow.WfModelController.deployModel()', 'POST', '1', 'admin', '', '/workflow/model/deploy', '127.0.0.1', '内网IP', '\"2a3c16fa-5079-11ee-9a8a-601895569a42\"', '{\"code\":200,\"msg\":\"操作成功\",\"data\":null}', '0', '', '2023-09-11 15:59:47');
INSERT INTO `sys_oper_log` VALUES ('1701145124988592129', '用户头像', '2', 'com.ruoyi.web.controller.system.SysProfileController.avatar()', 'POST', '1', 'admin', '', '/system/user/profile/avatar', '127.0.0.1', '内网IP', '', '{\"code\":500,\"msg\":\"文件格式不正确，请上传[bmp, gif, jpg, jpeg, png]格式\",\"data\":null}', '0', '', '2023-09-11 16:06:18');
INSERT INTO `sys_oper_log` VALUES ('1701145165140664321', '用户头像', '2', 'com.ruoyi.web.controller.system.SysProfileController.avatar()', 'POST', '1', 'admin', '', '/system/user/profile/avatar', '127.0.0.1', '内网IP', '', '{\"code\":500,\"msg\":\"文件格式不正确，请上传[bmp, gif, jpg, jpeg, png]格式\",\"data\":null}', '0', '', '2023-09-11 16:06:28');
INSERT INTO `sys_oper_log` VALUES ('1701145291301134337', '用户头像', '2', 'com.ruoyi.web.controller.system.SysProfileController.avatar()', 'POST', '1', 'admin', '', '/system/user/profile/avatar', '127.0.0.1', '内网IP', '', '{\"code\":500,\"msg\":\"文件格式不正确，请上传[bmp, gif, jpg, jpeg, png]格式\",\"data\":null}', '0', '', '2023-09-11 16:06:58');
INSERT INTO `sys_oper_log` VALUES ('1701151384391720961', '用户头像', '2', 'com.ruoyi.web.controller.system.SysProfileController.avatar()', 'POST', '1', 'admin', '', '/system/user/profile/avatar', '127.0.0.1', '内网IP', '', '', '1', '创建Bucket失败, 请核对配置信息:[Unable to execute HTTP request: Connect to 127.0.0.1:9000 [/127.0.0.1] failed: Connection refused: connect]', '2023-09-11 16:31:11');
INSERT INTO `sys_oper_log` VALUES ('1701151396106412034', '用户头像', '2', 'com.ruoyi.web.controller.system.SysProfileController.avatar()', 'POST', '1', 'admin', '', '/system/user/profile/avatar', '127.0.0.1', '内网IP', '', '', '1', '创建Bucket失败, 请核对配置信息:[Unable to execute HTTP request: Connect to 127.0.0.1:9000 [/127.0.0.1] failed: Connection refused: connect]', '2023-09-11 16:31:13');
INSERT INTO `sys_oper_log` VALUES ('1701151576427929601', '用户头像', '2', 'com.ruoyi.web.controller.system.SysProfileController.avatar()', 'POST', '1', 'admin', '', '/system/user/profile/avatar', '127.0.0.1', '内网IP', '', '', '1', '创建Bucket失败, 请核对配置信息:[Unable to execute HTTP request: Connect to 127.0.0.1:9000 [/127.0.0.1] failed: Connection refused: connect]', '2023-09-11 16:31:56');
INSERT INTO `sys_oper_log` VALUES ('1701248652696559618', '流程表单', '2', 'com.ruoyi.web.controller.workflow.WfFormController.edit()', 'PUT', '1', 'admin', '', '/workflow/form', '127.0.0.1', '内网IP', '{\"createBy\":null,\"createTime\":null,\"updateBy\":null,\"updateTime\":null,\"formId\":\"1700799756509777921\",\"formName\":\"test\",\"content\":\"{\\\"list\\\":[{\\\"id\\\":\\\"fd_1694337225774\\\",\\\"_id\\\":\\\"fd_1694337225774\\\",\\\"compType\\\":\\\"input\\\",\\\"ele\\\":\\\"el-input\\\",\\\"compName\\\":\\\"单行文本\\\",\\\"compIcon\\\":\\\"input\\\",\\\"viewType\\\":\\\"text\\\",\\\"config\\\":true,\\\"showLabel\\\":true,\\\"label\\\":\\\"单行文本\\\",\\\"labelWidth\\\":80,\\\"placeholder\\\":\\\"请输入文本\\\",\\\"required\\\":false,\\\"maxLength\\\":50,\\\"gutter\\\":15,\\\"span\\\":24,\\\"width\\\":\\\"100%\\\",\\\"clearable\\\":true,\\\"disabled\\\":false,\\\"readonly\\\":false,\\\"status\\\":\\\"normal\\\",\\\"prefix-icon\\\":\\\"\\\",\\\"suffix-icon\\\":\\\"\\\",\\\"value\\\":\\\"\\\",\\\"rules\\\":[],\\\"rulesType\\\":\\\"default\\\",\\\"prepend\\\":\\\"\\\",\\\"append\\\":\\\"\\\",\\\"classStyle\\\":[],\\\"cssStyle\\\":\\\"\\\",\\\"layout\\\":\\\"colItem\\\"},{\\\"id\\\":\\\"fd_1694337230624\\\",\\\"_id\\\":\\\"fd_1694337230624\\\",\\\"compType\\\":\\\"Switch\\\",\\\"ele\\\":\\\"el-switch\\\",\\\"compName\\\":\\\"开关\\\",\\\"label\\\":\\\"开关\\\",\\\"compIcon\\\":\\\"switch\\\",\\\"viewType\\\":\\\"component\\\",\\\"config\\\":true,\\\"showLabel\\\":true,\\\"gutter\\\":15,\\\"labelWidth\\\":80,\\\"value\\\":false,\\\"rules\\\":[],\\\"span\\\":24,\\\"disabled\\\":false,\\\"required\\\":false,\\\"active-color\\\":\\\"#409EFF\\\",\\\"inactive-color\\\":\\\"#DCDFE6\\\",\\\"active-value\\\":\\\"true\\\",\\\"inactive-value\\\":\\\"false\\\",\\\"classStyle\\\":[],\\\"cssStyle\\\":\\\"\\\",\\\"layout\\\":\\\"colItem\\\"},{\\\"id\\\":\\\"fd_1694444258291\\\",\\\"_id\\\":\\\"fd_1694444258291\\\",\\\"compType\\\":\\\"date\\\",\\\"ele\\\":\\\"el-date-picker\\\",\\\"compName\\\":\\\"日期\\\",\\\"compIcon\\\":\\\"date\\\",\\\"viewType\\\":\\\"text\\\",\\\"config\\\":true,\\\"showLabel\\\":true,\\\"label\\\":\\\"日期\\\",\\\"labelWidth\\\":80,\\\"placeholder\\\":\\\"请选择\\\",\\\"required\\\":false,\\\"maxLength\\\":50,\\\"gutter\\\":15,\\\"span\\\":24,\\\"clearable\\\":true,\\\"disabled\\\":false,\\\"readonly\\\":false,\\\"value\\\":\\\"\\\",\\\"rules\\\":[],\\\"type\\\":\\\"date\\\",\\\"format\\\":\\\"yyyy-MM-dd\\\",\\\"value-format\\\":\\\"yyyy-MM-dd\\\",\\\"range-separator\\\":\\\"-\\\",\\\"start-placeholder\\\":\\\"开始日期\\\",\\\"end-placeholder\\\":\\\"结束日期\\\",\\\"classStyle\\\":[],\\\"cssStyle\\\":\\\"\\\",\\\"layout\\\":\\\"colItem\\\"}],\\\"config\\\":{\\\"version\\\":\\\"2.1.6\\\",\\\"formRef\\\":\\\"elForm\\\",\\\"formModel\\\":\\\"form\\\",\\\"rules\\\":\\\"rule', '{\"code\":200,\"msg\":\"操作成功\",\"data\":null}', '0', '', '2023-09-11 22:57:41');

-- ----------------------------
-- Table structure for sys_oss
-- ----------------------------
DROP TABLE IF EXISTS `sys_oss`;
CREATE TABLE `sys_oss` (
  `oss_id` bigint(20) NOT NULL COMMENT '对象存储主键',
  `file_name` varchar(255) NOT NULL DEFAULT '' COMMENT '文件名',
  `original_name` varchar(255) NOT NULL DEFAULT '' COMMENT '原名',
  `file_suffix` varchar(10) NOT NULL DEFAULT '' COMMENT '文件后缀名',
  `url` varchar(500) NOT NULL COMMENT 'URL地址',
  `create_time` datetime DEFAULT NULL COMMENT '创建时间',
  `create_by` varchar(64) DEFAULT '' COMMENT '上传人',
  `update_time` datetime DEFAULT NULL COMMENT '更新时间',
  `update_by` varchar(64) DEFAULT '' COMMENT '更新人',
  `service` varchar(20) NOT NULL DEFAULT 'minio' COMMENT '服务商',
  PRIMARY KEY (`oss_id`)
) ENGINE=InnoDB DEFAULT CHARSET=utf8mb4 COMMENT='OSS对象存储表';

-- ----------------------------
-- Records of sys_oss
-- ----------------------------

-- ----------------------------
-- Table structure for sys_oss_config
-- ----------------------------
DROP TABLE IF EXISTS `sys_oss_config`;
CREATE TABLE `sys_oss_config` (
  `oss_config_id` bigint(20) NOT NULL COMMENT '主建',
  `config_key` varchar(20) NOT NULL DEFAULT '' COMMENT '配置key',
  `access_key` varchar(255) DEFAULT '' COMMENT 'accessKey',
  `secret_key` varchar(255) DEFAULT '' COMMENT '秘钥',
  `bucket_name` varchar(255) DEFAULT '' COMMENT '桶名称',
  `prefix` varchar(255) DEFAULT '' COMMENT '前缀',
  `endpoint` varchar(255) DEFAULT '' COMMENT '访问站点',
  `domain` varchar(255) DEFAULT '' COMMENT '自定义域名',
  `is_https` char(1) DEFAULT 'N' COMMENT '是否https（Y=是,N=否）',
  `region` varchar(255) DEFAULT '' COMMENT '域',
  `access_policy` char(1) NOT NULL DEFAULT '1' COMMENT '桶权限类型(0=private 1=public 2=custom)',
  `status` char(1) DEFAULT '1' COMMENT '状态（0=正常,1=停用）',
  `ext1` varchar(255) DEFAULT '' COMMENT '扩展字段',
  `create_by` varchar(64) DEFAULT '' COMMENT '创建者',
  `create_time` datetime DEFAULT NULL COMMENT '创建时间',
  `update_by` varchar(64) DEFAULT '' COMMENT '更新者',
  `update_time` datetime DEFAULT NULL COMMENT '更新时间',
  `remark` varchar(500) DEFAULT NULL COMMENT '备注',
  PRIMARY KEY (`oss_config_id`)
) ENGINE=InnoDB DEFAULT CHARSET=utf8mb4 COMMENT='对象存储配置表';

-- ----------------------------
-- Records of sys_oss_config
-- ----------------------------
INSERT INTO `sys_oss_config` VALUES ('1', 'minio', 'ruoyi', 'ruoyi123', 'ruoyi', '', '127.0.0.1:9000', '', 'N', '', '1', '0', '', 'admin', '2023-08-28 06:39:15', 'admin', '2023-08-28 06:39:15', null);
INSERT INTO `sys_oss_config` VALUES ('2', 'qiniu', 'XXXXXXXXXXXXXXX', 'XXXXXXXXXXXXXXX', 'ruoyi', '', 's3-cn-north-1.qiniucs.com', '', 'N', '', '1', '1', '', 'admin', '2023-08-28 06:39:15', 'admin', '2023-08-28 06:39:15', null);
INSERT INTO `sys_oss_config` VALUES ('3', 'aliyun', 'XXXXXXXXXXXXXXX', 'XXXXXXXXXXXXXXX', 'ruoyi', '', 'oss-cn-beijing.aliyuncs.com', '', 'N', '', '1', '1', '', 'admin', '2023-08-28 06:39:15', 'admin', '2023-08-28 06:39:15', null);
INSERT INTO `sys_oss_config` VALUES ('4', 'qcloud', 'XXXXXXXXXXXXXXX', 'XXXXXXXXXXXXXXX', 'ruoyi-1250000000', '', 'cos.ap-beijing.myqcloud.com', '', 'N', 'ap-beijing', '1', '1', '', 'admin', '2023-08-28 06:39:15', 'admin', '2023-08-28 06:39:15', null);
INSERT INTO `sys_oss_config` VALUES ('5', 'image', 'ruoyi', 'ruoyi123', 'ruoyi', 'image', '127.0.0.1:9000', '', 'N', '', '1', '1', '', 'admin', '2023-08-28 06:39:15', 'admin', '2023-08-28 06:39:15', null);

-- ----------------------------
-- Table structure for sys_post
-- ----------------------------
DROP TABLE IF EXISTS `sys_post`;
CREATE TABLE `sys_post` (
  `post_id` bigint(20) NOT NULL COMMENT '岗位ID',
  `post_code` varchar(64) NOT NULL COMMENT '岗位编码',
  `post_name` varchar(50) NOT NULL COMMENT '岗位名称',
  `post_sort` int(4) NOT NULL COMMENT '显示顺序',
  `status` char(1) NOT NULL COMMENT '状态（0正常 1停用）',
  `create_by` varchar(64) DEFAULT '' COMMENT '创建者',
  `create_time` datetime DEFAULT NULL COMMENT '创建时间',
  `update_by` varchar(64) DEFAULT '' COMMENT '更新者',
  `update_time` datetime DEFAULT NULL COMMENT '更新时间',
  `remark` varchar(500) DEFAULT NULL COMMENT '备注',
  PRIMARY KEY (`post_id`)
) ENGINE=InnoDB DEFAULT CHARSET=utf8mb4 COMMENT='岗位信息表';

-- ----------------------------
-- Records of sys_post
-- ----------------------------
INSERT INTO `sys_post` VALUES ('1', 'ceo', '董事长', '1', '0', 'admin', '2023-08-28 06:39:15', '', null, '');
INSERT INTO `sys_post` VALUES ('2', 'se', '项目经理', '2', '0', 'admin', '2023-08-28 06:39:15', '', null, '');
INSERT INTO `sys_post` VALUES ('3', 'hr', '人力资源', '3', '0', 'admin', '2023-08-28 06:39:15', '', null, '');
INSERT INTO `sys_post` VALUES ('4', 'user', '普通员工', '4', '0', 'admin', '2023-08-28 06:39:15', '', null, '');

-- ----------------------------
-- Table structure for sys_role
-- ----------------------------
DROP TABLE IF EXISTS `sys_role`;
CREATE TABLE `sys_role` (
  `role_id` bigint(20) NOT NULL COMMENT '角色ID',
  `role_name` varchar(30) NOT NULL COMMENT '角色名称',
  `role_key` varchar(100) NOT NULL COMMENT '角色权限字符串',
  `role_sort` int(4) NOT NULL COMMENT '显示顺序',
  `data_scope` char(1) DEFAULT '1' COMMENT '数据范围（1：全部数据权限 2：自定数据权限 3：本部门数据权限 4：本部门及以下数据权限）',
  `menu_check_strictly` tinyint(1) DEFAULT '1' COMMENT '菜单树选择项是否关联显示',
  `dept_check_strictly` tinyint(1) DEFAULT '1' COMMENT '部门树选择项是否关联显示',
  `status` char(1) NOT NULL COMMENT '角色状态（0正常 1停用）',
  `del_flag` char(1) DEFAULT '0' COMMENT '删除标志（0代表存在 2代表删除）',
  `create_by` varchar(64) DEFAULT '' COMMENT '创建者',
  `create_time` datetime DEFAULT NULL COMMENT '创建时间',
  `update_by` varchar(64) DEFAULT '' COMMENT '更新者',
  `update_time` datetime DEFAULT NULL COMMENT '更新时间',
  `remark` varchar(500) DEFAULT NULL COMMENT '备注',
  PRIMARY KEY (`role_id`)
) ENGINE=InnoDB DEFAULT CHARSET=utf8mb4 COMMENT='角色信息表';

-- ----------------------------
-- Records of sys_role
-- ----------------------------
INSERT INTO `sys_role` VALUES ('1', '超级管理员', 'admin', '1', '1', '1', '1', '0', '0', 'admin', '2023-08-28 06:39:15', '', null, '超级管理员');
INSERT INTO `sys_role` VALUES ('2', '普通角色', 'common', '2', '2', '1', '1', '0', '0', 'admin', '2023-08-28 06:39:15', '', null, '普通角色');

-- ----------------------------
-- Table structure for sys_role_dept
-- ----------------------------
DROP TABLE IF EXISTS `sys_role_dept`;
CREATE TABLE `sys_role_dept` (
  `role_id` bigint(20) NOT NULL COMMENT '角色ID',
  `dept_id` bigint(20) NOT NULL COMMENT '部门ID',
  PRIMARY KEY (`role_id`,`dept_id`)
) ENGINE=InnoDB DEFAULT CHARSET=utf8mb4 COMMENT='角色和部门关联表';

-- ----------------------------
-- Records of sys_role_dept
-- ----------------------------
INSERT INTO `sys_role_dept` VALUES ('2', '100');
INSERT INTO `sys_role_dept` VALUES ('2', '101');
INSERT INTO `sys_role_dept` VALUES ('2', '105');

-- ----------------------------
-- Table structure for sys_role_menu
-- ----------------------------
DROP TABLE IF EXISTS `sys_role_menu`;
CREATE TABLE `sys_role_menu` (
  `role_id` bigint(20) NOT NULL COMMENT '角色ID',
  `menu_id` bigint(20) NOT NULL COMMENT '菜单ID',
  PRIMARY KEY (`role_id`,`menu_id`)
) ENGINE=InnoDB DEFAULT CHARSET=utf8mb4 COMMENT='角色和菜单关联表';

-- ----------------------------
-- Records of sys_role_menu
-- ----------------------------
INSERT INTO `sys_role_menu` VALUES ('2', '1');
INSERT INTO `sys_role_menu` VALUES ('2', '2');
INSERT INTO `sys_role_menu` VALUES ('2', '3');
INSERT INTO `sys_role_menu` VALUES ('2', '4');
INSERT INTO `sys_role_menu` VALUES ('2', '5');
INSERT INTO `sys_role_menu` VALUES ('2', '100');
INSERT INTO `sys_role_menu` VALUES ('2', '101');
INSERT INTO `sys_role_menu` VALUES ('2', '102');
INSERT INTO `sys_role_menu` VALUES ('2', '103');
INSERT INTO `sys_role_menu` VALUES ('2', '104');
INSERT INTO `sys_role_menu` VALUES ('2', '105');
INSERT INTO `sys_role_menu` VALUES ('2', '106');
INSERT INTO `sys_role_menu` VALUES ('2', '107');
INSERT INTO `sys_role_menu` VALUES ('2', '108');
INSERT INTO `sys_role_menu` VALUES ('2', '109');
INSERT INTO `sys_role_menu` VALUES ('2', '111');
INSERT INTO `sys_role_menu` VALUES ('2', '112');
INSERT INTO `sys_role_menu` VALUES ('2', '113');
INSERT INTO `sys_role_menu` VALUES ('2', '114');
INSERT INTO `sys_role_menu` VALUES ('2', '115');
INSERT INTO `sys_role_menu` VALUES ('2', '117');
INSERT INTO `sys_role_menu` VALUES ('2', '118');
INSERT INTO `sys_role_menu` VALUES ('2', '120');
INSERT INTO `sys_role_menu` VALUES ('2', '121');
INSERT INTO `sys_role_menu` VALUES ('2', '122');
INSERT INTO `sys_role_menu` VALUES ('2', '123');
INSERT INTO `sys_role_menu` VALUES ('2', '124');
INSERT INTO `sys_role_menu` VALUES ('2', '125');
INSERT INTO `sys_role_menu` VALUES ('2', '126');
INSERT INTO `sys_role_menu` VALUES ('2', '127');
INSERT INTO `sys_role_menu` VALUES ('2', '128');
INSERT INTO `sys_role_menu` VALUES ('2', '129');
INSERT INTO `sys_role_menu` VALUES ('2', '130');
INSERT INTO `sys_role_menu` VALUES ('2', '500');
INSERT INTO `sys_role_menu` VALUES ('2', '501');
INSERT INTO `sys_role_menu` VALUES ('2', '1001');
INSERT INTO `sys_role_menu` VALUES ('2', '1002');
INSERT INTO `sys_role_menu` VALUES ('2', '1003');
INSERT INTO `sys_role_menu` VALUES ('2', '1004');
INSERT INTO `sys_role_menu` VALUES ('2', '1005');
INSERT INTO `sys_role_menu` VALUES ('2', '1006');
INSERT INTO `sys_role_menu` VALUES ('2', '1007');
INSERT INTO `sys_role_menu` VALUES ('2', '1010');
INSERT INTO `sys_role_menu` VALUES ('2', '1011');
INSERT INTO `sys_role_menu` VALUES ('2', '1012');
INSERT INTO `sys_role_menu` VALUES ('2', '1013');
INSERT INTO `sys_role_menu` VALUES ('2', '1014');
INSERT INTO `sys_role_menu` VALUES ('2', '1020');
INSERT INTO `sys_role_menu` VALUES ('2', '1021');
INSERT INTO `sys_role_menu` VALUES ('2', '1022');
INSERT INTO `sys_role_menu` VALUES ('2', '1023');
INSERT INTO `sys_role_menu` VALUES ('2', '1030');
INSERT INTO `sys_role_menu` VALUES ('2', '1031');
INSERT INTO `sys_role_menu` VALUES ('2', '1032');
INSERT INTO `sys_role_menu` VALUES ('2', '1033');
INSERT INTO `sys_role_menu` VALUES ('2', '1040');
INSERT INTO `sys_role_menu` VALUES ('2', '1041');
INSERT INTO `sys_role_menu` VALUES ('2', '1042');
INSERT INTO `sys_role_menu` VALUES ('2', '1043');
INSERT INTO `sys_role_menu` VALUES ('2', '1044');
INSERT INTO `sys_role_menu` VALUES ('2', '1050');
INSERT INTO `sys_role_menu` VALUES ('2', '1051');
INSERT INTO `sys_role_menu` VALUES ('2', '1052');
INSERT INTO `sys_role_menu` VALUES ('2', '1053');
INSERT INTO `sys_role_menu` VALUES ('2', '1054');
INSERT INTO `sys_role_menu` VALUES ('2', '1060');
INSERT INTO `sys_role_menu` VALUES ('2', '1061');
INSERT INTO `sys_role_menu` VALUES ('2', '1062');
INSERT INTO `sys_role_menu` VALUES ('2', '1063');
INSERT INTO `sys_role_menu` VALUES ('2', '1064');
INSERT INTO `sys_role_menu` VALUES ('2', '1070');
INSERT INTO `sys_role_menu` VALUES ('2', '1071');
INSERT INTO `sys_role_menu` VALUES ('2', '1072');
INSERT INTO `sys_role_menu` VALUES ('2', '1073');
INSERT INTO `sys_role_menu` VALUES ('2', '1080');
INSERT INTO `sys_role_menu` VALUES ('2', '1081');
INSERT INTO `sys_role_menu` VALUES ('2', '1082');
INSERT INTO `sys_role_menu` VALUES ('2', '1090');
INSERT INTO `sys_role_menu` VALUES ('2', '1091');
INSERT INTO `sys_role_menu` VALUES ('2', '1092');
INSERT INTO `sys_role_menu` VALUES ('2', '1093');
INSERT INTO `sys_role_menu` VALUES ('2', '1100');
INSERT INTO `sys_role_menu` VALUES ('2', '1101');
INSERT INTO `sys_role_menu` VALUES ('2', '1102');
INSERT INTO `sys_role_menu` VALUES ('2', '1120');
INSERT INTO `sys_role_menu` VALUES ('2', '1121');
INSERT INTO `sys_role_menu` VALUES ('2', '1122');
INSERT INTO `sys_role_menu` VALUES ('2', '1123');
INSERT INTO `sys_role_menu` VALUES ('2', '1124');
INSERT INTO `sys_role_menu` VALUES ('2', '1125');
INSERT INTO `sys_role_menu` VALUES ('2', '1130');
INSERT INTO `sys_role_menu` VALUES ('2', '1131');
INSERT INTO `sys_role_menu` VALUES ('2', '1132');
INSERT INTO `sys_role_menu` VALUES ('2', '1133');
INSERT INTO `sys_role_menu` VALUES ('2', '1134');
INSERT INTO `sys_role_menu` VALUES ('2', '1135');
INSERT INTO `sys_role_menu` VALUES ('2', '1140');
INSERT INTO `sys_role_menu` VALUES ('2', '1141');
INSERT INTO `sys_role_menu` VALUES ('2', '1142');
INSERT INTO `sys_role_menu` VALUES ('2', '1143');
INSERT INTO `sys_role_menu` VALUES ('2', '1150');
INSERT INTO `sys_role_menu` VALUES ('2', '1151');
INSERT INTO `sys_role_menu` VALUES ('2', '1152');
INSERT INTO `sys_role_menu` VALUES ('2', '1153');
INSERT INTO `sys_role_menu` VALUES ('2', '1154');
INSERT INTO `sys_role_menu` VALUES ('2', '1160');
INSERT INTO `sys_role_menu` VALUES ('2', '1161');
INSERT INTO `sys_role_menu` VALUES ('2', '1162');
INSERT INTO `sys_role_menu` VALUES ('2', '1163');
INSERT INTO `sys_role_menu` VALUES ('2', '1164');
INSERT INTO `sys_role_menu` VALUES ('2', '1165');
INSERT INTO `sys_role_menu` VALUES ('2', '1166');
INSERT INTO `sys_role_menu` VALUES ('2', '1167');
INSERT INTO `sys_role_menu` VALUES ('2', '1168');
INSERT INTO `sys_role_menu` VALUES ('2', '1170');
INSERT INTO `sys_role_menu` VALUES ('2', '1171');
INSERT INTO `sys_role_menu` VALUES ('2', '1172');
INSERT INTO `sys_role_menu` VALUES ('2', '1180');
INSERT INTO `sys_role_menu` VALUES ('2', '1181');
INSERT INTO `sys_role_menu` VALUES ('2', '1190');
INSERT INTO `sys_role_menu` VALUES ('2', '1191');
INSERT INTO `sys_role_menu` VALUES ('2', '1192');
INSERT INTO `sys_role_menu` VALUES ('2', '1193');
INSERT INTO `sys_role_menu` VALUES ('2', '1200');
INSERT INTO `sys_role_menu` VALUES ('2', '1201');
INSERT INTO `sys_role_menu` VALUES ('2', '1210');
INSERT INTO `sys_role_menu` VALUES ('2', '1211');
INSERT INTO `sys_role_menu` VALUES ('2', '1220');
INSERT INTO `sys_role_menu` VALUES ('2', '1221');
INSERT INTO `sys_role_menu` VALUES ('2', '1230');

-- ----------------------------
-- Table structure for sys_user
-- ----------------------------
DROP TABLE IF EXISTS `sys_user`;
CREATE TABLE `sys_user` (
  `user_id` bigint(20) NOT NULL COMMENT '用户ID',
  `dept_id` bigint(20) DEFAULT NULL COMMENT '部门ID',
  `user_name` varchar(30) NOT NULL COMMENT '用户账号',
  `nick_name` varchar(30) NOT NULL COMMENT '用户昵称',
  `user_type` varchar(10) DEFAULT 'sys_user' COMMENT '用户类型（sys_user系统用户）',
  `email` varchar(50) DEFAULT '' COMMENT '用户邮箱',
  `phonenumber` varchar(11) DEFAULT '' COMMENT '手机号码',
  `sex` char(1) DEFAULT '0' COMMENT '用户性别（0男 1女 2未知）',
  `avatar` varchar(100) DEFAULT '' COMMENT '头像地址',
  `password` varchar(100) DEFAULT '' COMMENT '密码',
  `status` char(1) DEFAULT '0' COMMENT '帐号状态（0正常 1停用）',
  `del_flag` char(1) DEFAULT '0' COMMENT '删除标志（0代表存在 2代表删除）',
  `login_ip` varchar(128) DEFAULT '' COMMENT '最后登录IP',
  `login_date` datetime DEFAULT NULL COMMENT '最后登录时间',
  `create_by` varchar(64) DEFAULT '' COMMENT '创建者',
  `create_time` datetime DEFAULT NULL COMMENT '创建时间',
  `update_by` varchar(64) DEFAULT '' COMMENT '更新者',
  `update_time` datetime DEFAULT NULL COMMENT '更新时间',
  `remark` varchar(500) DEFAULT NULL COMMENT '备注',
  PRIMARY KEY (`user_id`)
) ENGINE=InnoDB DEFAULT CHARSET=utf8mb4 COMMENT='用户信息表';

-- ----------------------------
-- Records of sys_user
-- ----------------------------
INSERT INTO `sys_user` VALUES ('1', '103', 'admin', '若依管理员', 'sys_user', 'ry@163.com', '15888888888', '1', '', '$2a$10$7JB720yubVSZvUI0rEqK/.VqGOZTH.ulu33dHOiBE8ByOhJIrdAu2', '0', '0', '127.0.0.1', '2023-09-14 08:56:35', 'admin', '2023-08-28 06:39:15', 'admin', '2023-09-14 08:56:35', '管理员');
INSERT INTO `sys_user` VALUES ('2', '105', 'ry', '若依', 'sys_user', 'ry@qq.com', '15666666666', '1', '', '$2a$10$7JB720yubVSZvUI0rEqK/.VqGOZTH.ulu33dHOiBE8ByOhJIrdAu2', '0', '0', '127.0.0.1', '2023-09-14 09:58:33', 'admin', '2023-08-28 06:39:15', 'ry', '2023-09-14 09:58:33', '测试员');
INSERT INTO `sys_user` VALUES ('1696394822808862721', '101', 'zhangsan', '张三', 'sys_user', '', '', '0', '', '$2a$10$KZQKvOD/g7ST/zyjDgD.Pe5beapAJMC91UFkspiy61VcBt4aye2Ya', '0', '0', '127.0.0.1', '2023-08-29 13:32:55', 'admin', '2023-08-29 13:30:18', 'zhangsan', '2023-08-29 13:32:55', null);

-- ----------------------------
-- Table structure for sys_user_post
-- ----------------------------
DROP TABLE IF EXISTS `sys_user_post`;
CREATE TABLE `sys_user_post` (
  `user_id` bigint(20) NOT NULL COMMENT '用户ID',
  `post_id` bigint(20) NOT NULL COMMENT '岗位ID',
  PRIMARY KEY (`user_id`,`post_id`)
) ENGINE=InnoDB DEFAULT CHARSET=utf8mb4 COMMENT='用户与岗位关联表';

-- ----------------------------
-- Records of sys_user_post
-- ----------------------------
INSERT INTO `sys_user_post` VALUES ('1', '1');
INSERT INTO `sys_user_post` VALUES ('2', '2');

-- ----------------------------
-- Table structure for sys_user_role
-- ----------------------------
DROP TABLE IF EXISTS `sys_user_role`;
CREATE TABLE `sys_user_role` (
  `user_id` bigint(20) NOT NULL COMMENT '用户ID',
  `role_id` bigint(20) NOT NULL COMMENT '角色ID',
  PRIMARY KEY (`user_id`,`role_id`)
) ENGINE=InnoDB DEFAULT CHARSET=utf8mb4 COMMENT='用户和角色关联表';

-- ----------------------------
-- Records of sys_user_role
-- ----------------------------
INSERT INTO `sys_user_role` VALUES ('1', '1');
INSERT INTO `sys_user_role` VALUES ('2', '2');
INSERT INTO `sys_user_role` VALUES ('1696394822808862721', '2');

-- ----------------------------
-- Table structure for wf_category
-- ----------------------------
DROP TABLE IF EXISTS `wf_category`;
CREATE TABLE `wf_category` (
  `category_id` bigint(20) NOT NULL AUTO_INCREMENT COMMENT '流程分类id',
  `category_name` varchar(64) DEFAULT '' COMMENT '流程分类名称',
  `code` varchar(64) DEFAULT '' COMMENT '分类编码',
  `remark` varchar(500) DEFAULT '' COMMENT '备注',
  `create_by` varchar(64) DEFAULT '' COMMENT '创建者',
  `create_time` datetime DEFAULT NULL COMMENT '创建时间',
  `update_by` varchar(64) DEFAULT '' COMMENT '更新者',
  `update_time` datetime DEFAULT NULL COMMENT '更新时间',
  `del_flag` char(1) DEFAULT '0' COMMENT '删除标志（0代表存在 2代表删除）',
  PRIMARY KEY (`category_id`)
) ENGINE=InnoDB AUTO_INCREMENT=1696342867264770050 DEFAULT CHARSET=utf8mb4 COMMENT='流程分类表';

-- ----------------------------
-- Records of wf_category
-- ----------------------------
INSERT INTO `wf_category` VALUES ('1696342867264770049', '测试流程', 'celc', '测试流程', 'admin', '2023-08-29 10:03:51', 'admin', '2023-08-29 10:03:51', '0');

-- ----------------------------
-- Table structure for wf_copy
-- ----------------------------
DROP TABLE IF EXISTS `wf_copy`;
CREATE TABLE `wf_copy` (
  `copy_id` bigint(20) NOT NULL AUTO_INCREMENT COMMENT '抄送主键',
  `title` varchar(255) DEFAULT '' COMMENT '抄送标题',
  `process_id` varchar(64) DEFAULT '' COMMENT '流程主键',
  `process_name` varchar(255) DEFAULT '' COMMENT '流程名称',
  `category_id` varchar(255) DEFAULT '' COMMENT '流程分类主键',
  `deployment_id` varchar(64) DEFAULT '' COMMENT '部署主键',
  `instance_id` varchar(64) DEFAULT '' COMMENT '流程实例主键',
  `task_id` varchar(64) DEFAULT '' COMMENT '任务主键',
  `user_id` bigint(20) DEFAULT NULL COMMENT '用户主键',
  `originator_id` bigint(20) DEFAULT NULL COMMENT '发起人主键',
  `originator_name` varchar(64) DEFAULT '' COMMENT '发起人名称',
  `create_by` varchar(64) DEFAULT '' COMMENT '创建者',
  `create_time` datetime DEFAULT NULL COMMENT '创建时间',
  `update_by` varchar(64) DEFAULT '' COMMENT '更新者',
  `update_time` datetime DEFAULT NULL COMMENT '更新时间',
  `del_flag` char(1) DEFAULT '0' COMMENT '删除标志（0代表存在 2代表删除）',
  PRIMARY KEY (`copy_id`)
) ENGINE=InnoDB DEFAULT CHARSET=utf8mb4 COMMENT='流程抄送表';

-- ----------------------------
-- Records of wf_copy
-- ----------------------------

-- ----------------------------
-- Table structure for wf_deploy_form
-- ----------------------------
DROP TABLE IF EXISTS `wf_deploy_form`;
CREATE TABLE `wf_deploy_form` (
  `deploy_id` varchar(64) NOT NULL COMMENT '流程实例主键',
  `form_key` varchar(64) NOT NULL COMMENT '表单Key',
  `node_key` varchar(64) NOT NULL COMMENT '节点Key',
  `form_name` varchar(64) DEFAULT '' COMMENT '表单名称',
  `node_name` varchar(255) DEFAULT '' COMMENT '节点名称',
  `content` longtext COMMENT '表单内容',
  PRIMARY KEY (`deploy_id`,`form_key`,`node_key`)
) ENGINE=InnoDB DEFAULT CHARSET=utf8mb4 COMMENT='流程实例关联表单';

-- ----------------------------
-- Records of wf_deploy_form
-- ----------------------------
INSERT INTO `wf_deploy_form` VALUES ('09d0ebd3-4fd1-11ee-8e54-601895569a42', 'key_1700801425771466753', 'Event_0xabok4', '上传附件表单', '', '{\"list\":[{\"id\":\"fd_1694337626863\",\"_id\":\"fd_1694337626863\",\"compType\":\"input\",\"ele\":\"el-input\",\"compName\":\"单行文本\",\"compIcon\":\"input\",\"viewType\":\"text\",\"config\":true,\"showLabel\":true,\"label\":\"单行文本\",\"labelWidth\":80,\"placeholder\":\"请输入文本\",\"required\":false,\"maxLength\":50,\"gutter\":15,\"span\":24,\"width\":\"100%\",\"clearable\":true,\"disabled\":false,\"readonly\":false,\"status\":\"normal\",\"prefix-icon\":\"\",\"suffix-icon\":\"\",\"value\":\"\",\"rules\":[],\"rulesType\":\"default\",\"prepend\":\"\",\"append\":\"\",\"classStyle\":[],\"cssStyle\":\"\",\"layout\":\"colItem\"},{\"id\":\"fd_1694337627946\",\"_id\":\"fd_1694337627946\",\"compType\":\"date\",\"ele\":\"el-date-picker\",\"compName\":\"日期\",\"compIcon\":\"date\",\"viewType\":\"text\",\"config\":true,\"showLabel\":true,\"label\":\"日期\",\"labelWidth\":80,\"placeholder\":\"请选择\",\"required\":false,\"maxLength\":50,\"gutter\":15,\"span\":24,\"clearable\":true,\"disabled\":false,\"readonly\":false,\"value\":\"\",\"rules\":[],\"type\":\"date\",\"format\":\"yyyy-MM-dd\",\"value-format\":\"yyyy-MM-dd\",\"range-separator\":\"-\",\"start-placeholder\":\"开始日期\",\"end-placeholder\":\"结束日期\",\"classStyle\":[],\"cssStyle\":\"\",\"layout\":\"colItem\"},{\"id\":\"fd_1694338372642\",\"_id\":\"fd_1694338372642\",\"compType\":\"upload\",\"ele\":\"el-upload\",\"compName\":\"附件\",\"compIcon\":\"att\",\"viewType\":\"component\",\"config\":true,\"showLabel\":true,\"label\":\"附件上传\",\"labelWidth\":80,\"gutter\":15,\"span\":24,\"required\":false,\"action\":\"https://jsonplaceholder.typicode.com/posts/\",\"multiple\":false,\"name\":\"file\",\"show-file-list\":true,\"list-type\":\"text\",\"value\":\"\",\"width\":100,\"buttonText\":\"请上传附件\",\"showTip\":false,\"tips\":\"点击按钮上传附件\",\"accept\":\".pdf, .doc, .docx, .xls, .xlsx\",\"fileSize\":10,\"headers\":{\"X-Access-Token\":\"token\"},\"classStyle\":[],\"cssStyle\":\"\",\"layout\":\"colItem\"}],\"config\":{\"version\":\"2.1.6\",\"formRef\":\"elForm\",\"formModel\":\"form\",\"rules\":\"rules\",\"size\":\"medium\",\"labelPosition\":\"right\",\"labelWidth\":80,\"formRules\":\"rules\",\"gutter\":15,\"disabled\":false,\"dynamicTableAllowed\":true,\"classStyle\":\"\"}}');
INSERT INTO `wf_deploy_form` VALUES ('2be5813c-5079-11ee-9a8a-601895569a42', 'key_1700801425771466753', 'Event_0gt7djs', '上传附件表单', '', '{\"list\":[{\"id\":\"fd_1694337626863\",\"_id\":\"fd_1694337626863\",\"compType\":\"input\",\"ele\":\"el-input\",\"compName\":\"单行文本\",\"compIcon\":\"input\",\"viewType\":\"text\",\"config\":true,\"showLabel\":true,\"label\":\"单行文本\",\"labelWidth\":80,\"placeholder\":\"请输入文本\",\"required\":false,\"maxLength\":50,\"gutter\":15,\"span\":24,\"width\":\"100%\",\"clearable\":true,\"disabled\":false,\"readonly\":false,\"status\":\"normal\",\"prefix-icon\":\"\",\"suffix-icon\":\"\",\"value\":\"\",\"rules\":[],\"rulesType\":\"default\",\"prepend\":\"\",\"append\":\"\",\"classStyle\":[],\"cssStyle\":\"\",\"layout\":\"colItem\"},{\"id\":\"fd_1694337627946\",\"_id\":\"fd_1694337627946\",\"compType\":\"date\",\"ele\":\"el-date-picker\",\"compName\":\"日期\",\"compIcon\":\"date\",\"viewType\":\"text\",\"config\":true,\"showLabel\":true,\"label\":\"日期\",\"labelWidth\":80,\"placeholder\":\"请选择\",\"required\":false,\"maxLength\":50,\"gutter\":15,\"span\":24,\"clearable\":true,\"disabled\":false,\"readonly\":false,\"value\":\"\",\"rules\":[],\"type\":\"date\",\"format\":\"yyyy-MM-dd\",\"value-format\":\"yyyy-MM-dd\",\"range-separator\":\"-\",\"start-placeholder\":\"开始日期\",\"end-placeholder\":\"结束日期\",\"classStyle\":[],\"cssStyle\":\"\",\"layout\":\"colItem\"},{\"id\":\"fd_1694419039887\",\"_id\":\"fd_1694419039887\",\"compType\":\"upload\",\"ele\":\"el-upload\",\"compName\":\"附件\",\"compIcon\":\"att\",\"viewType\":\"component\",\"config\":true,\"showLabel\":true,\"label\":\"附件上传\",\"labelWidth\":80,\"gutter\":15,\"span\":24,\"required\":false,\"action\":\"http://localhost:9060/common/upload\",\"multiple\":false,\"name\":\"file\",\"show-file-list\":true,\"list-type\":\"text\",\"value\":\"\",\"width\":100,\"buttonText\":\"请上传附件\",\"showTip\":false,\"tips\":\"点击按钮上传附件\",\"accept\":\".pdf, .doc, .docx, .xls, .xlsx\",\"fileSize\":10,\"headers\":{\"Authorization\":\"Bearer token\"},\"classStyle\":[],\"cssStyle\":\"\",\"layout\":\"colItem\"}],\"config\":{\"version\":\"2.1.6\",\"formRef\":\"elForm\",\"formModel\":\"form\",\"rules\":\"rules\",\"size\":\"medium\",\"labelPosition\":\"right\",\"labelWidth\":80,\"formRules\":\"rules\",\"gutter\":15,\"disabled\":false,\"dynamicTableAllowed\":true,\"classStyle\":\"\"}}');
INSERT INTO `wf_deploy_form` VALUES ('5f23c0cd-506d-11ee-a346-601895569a42', 'key_1700801425771466753', 'Event_0gt7djs', '上传附件表单', '', '{\"list\":[{\"id\":\"fd_1694337626863\",\"_id\":\"fd_1694337626863\",\"compType\":\"input\",\"ele\":\"el-input\",\"compName\":\"单行文本\",\"compIcon\":\"input\",\"viewType\":\"text\",\"config\":true,\"showLabel\":true,\"label\":\"单行文本\",\"labelWidth\":80,\"placeholder\":\"请输入文本\",\"required\":false,\"maxLength\":50,\"gutter\":15,\"span\":24,\"width\":\"100%\",\"clearable\":true,\"disabled\":false,\"readonly\":false,\"status\":\"normal\",\"prefix-icon\":\"\",\"suffix-icon\":\"\",\"value\":\"\",\"rules\":[],\"rulesType\":\"default\",\"prepend\":\"\",\"append\":\"\",\"classStyle\":[],\"cssStyle\":\"\",\"layout\":\"colItem\"},{\"id\":\"fd_1694337627946\",\"_id\":\"fd_1694337627946\",\"compType\":\"date\",\"ele\":\"el-date-picker\",\"compName\":\"日期\",\"compIcon\":\"date\",\"viewType\":\"text\",\"config\":true,\"showLabel\":true,\"label\":\"日期\",\"labelWidth\":80,\"placeholder\":\"请选择\",\"required\":false,\"maxLength\":50,\"gutter\":15,\"span\":24,\"clearable\":true,\"disabled\":false,\"readonly\":false,\"value\":\"\",\"rules\":[],\"type\":\"date\",\"format\":\"yyyy-MM-dd\",\"value-format\":\"yyyy-MM-dd\",\"range-separator\":\"-\",\"start-placeholder\":\"开始日期\",\"end-placeholder\":\"结束日期\",\"classStyle\":[],\"cssStyle\":\"\",\"layout\":\"colItem\"},{\"id\":\"fd_1694414044949\",\"_id\":\"fd_1694414044949\",\"compType\":\"upload\",\"ele\":\"el-upload\",\"compName\":\"附件\",\"compIcon\":\"att\",\"viewType\":\"component\",\"config\":true,\"showLabel\":true,\"label\":\"附件上传\",\"labelWidth\":80,\"gutter\":15,\"span\":24,\"required\":false,\"action\":\"http://localhost:9060/common/uploads\",\"multiple\":false,\"name\":\"file\",\"show-file-list\":true,\"list-type\":\"text\",\"value\":\"\",\"width\":100,\"buttonText\":\"请上传附件\",\"showTip\":false,\"tips\":\"点击按钮上传附件\",\"accept\":\".pdf, .doc, .docx, .xls, .xlsx\",\"fileSize\":10,\"headers\":{\"Authorization\":\"Bearer token\"},\"classStyle\":[],\"cssStyle\":\"\",\"layout\":\"colItem\"}],\"config\":{\"version\":\"2.1.6\",\"formRef\":\"elForm\",\"formModel\":\"form\",\"rules\":\"rules\",\"size\":\"medium\",\"labelPosition\":\"right\",\"labelWidth\":80,\"formRules\":\"rules\",\"gutter\":15,\"disabled\":false,\"dynamicTableAllowed\":true,\"classStyle\":\"\"}}');
INSERT INTO `wf_deploy_form` VALUES ('a692bead-4610-11ee-bc76-601895569a42', 'key_1696342713128292354', 'Event_0gt7djs', '测试上传表单', '', '{\"formRef\":\"elForm\",\"formModel\":\"formData\",\"size\":\"medium\",\"labelPosition\":\"right\",\"labelWidth\":100,\"formRules\":\"rules\",\"gutter\":15,\"disabled\":false,\"span\":24,\"formBtns\":true,\"fields\":[{\"__config__\":{\"label\":\"单行文本\",\"labelWidth\":null,\"showLabel\":true,\"changeTag\":true,\"tag\":\"el-input\",\"tagIcon\":\"input\",\"required\":true,\"layout\":\"colFormItem\",\"span\":24,\"document\":\"https://element.eleme.cn/#/zh-CN/component/input\",\"regList\":[],\"formId\":101,\"renderKey\":\"1011693274577157\"},\"__slot__\":{\"prepend\":\"\",\"append\":\"\"},\"placeholder\":\"请输入单行文本\",\"style\":{\"width\":\"100%\"},\"clearable\":true,\"prefix-icon\":\"\",\"suffix-icon\":\"\",\"maxlength\":null,\"show-word-limit\":false,\"readonly\":false,\"disabled\":false,\"__vModel__\":\"field101\"},{\"__config__\":{\"label\":\"上传\",\"tag\":\"el-upload\",\"tagIcon\":\"upload\",\"layout\":\"colFormItem\",\"defaultValue\":null,\"showLabel\":true,\"labelWidth\":null,\"required\":true,\"span\":24,\"showTip\":false,\"buttonText\":\"点击上传\",\"regList\":[],\"changeTag\":true,\"fileSize\":2,\"sizeUnit\":\"MB\",\"document\":\"https://element.eleme.cn/#/zh-CN/component/upload\",\"formId\":102,\"renderKey\":\"1021693274579012\"},\"__slot__\":{\"list-type\":true},\"action\":\"/dev-api/system/oss/upload\",\"disabled\":false,\"accept\":\"\",\"name\":\"file\",\"auto-upload\":true,\"list-type\":\"text\",\"multiple\":false,\"__vModel__\":\"field102\"}]}');
INSERT INTO `wf_deploy_form` VALUES ('e82e3919-462d-11ee-b58f-601895569a42', 'key_1696342713128292354', 'Event_0gt7djs', '测试上传表单', '', '{\"formRef\":\"elForm\",\"formModel\":\"formData\",\"size\":\"medium\",\"labelPosition\":\"right\",\"labelWidth\":100,\"formRules\":\"rules\",\"gutter\":15,\"disabled\":false,\"span\":24,\"formBtns\":true,\"fields\":[{\"__config__\":{\"label\":\"单行文本\",\"labelWidth\":null,\"showLabel\":true,\"changeTag\":true,\"tag\":\"el-input\",\"tagIcon\":\"input\",\"required\":true,\"layout\":\"colFormItem\",\"span\":24,\"document\":\"https://element.eleme.cn/#/zh-CN/component/input\",\"regList\":[],\"formId\":101,\"renderKey\":\"1011693274577157\"},\"__slot__\":{\"prepend\":\"\",\"append\":\"\"},\"placeholder\":\"请输入单行文本\",\"style\":{\"width\":\"100%\"},\"clearable\":true,\"prefix-icon\":\"\",\"suffix-icon\":\"\",\"maxlength\":null,\"show-word-limit\":false,\"readonly\":false,\"disabled\":false,\"__vModel__\":\"field101\"},{\"__config__\":{\"label\":\"上传\",\"tag\":\"el-upload\",\"tagIcon\":\"upload\",\"layout\":\"colFormItem\",\"defaultValue\":null,\"showLabel\":true,\"labelWidth\":null,\"required\":false,\"span\":24,\"showTip\":false,\"buttonText\":\"点击上传\",\"regList\":[],\"changeTag\":true,\"fileSize\":2,\"sizeUnit\":\"MB\",\"document\":\"https://element.eleme.cn/#/zh-CN/component/upload\",\"formId\":102,\"renderKey\":\"1021693274579012\"},\"__slot__\":{\"list-type\":true},\"action\":\"/dev-api/system/oss/upload\",\"disabled\":false,\"accept\":\"\",\"name\":\"file\",\"auto-upload\":true,\"list-type\":\"text\",\"multiple\":false,\"__vModel__\":\"field102\"}]}');
INSERT INTO `wf_deploy_form` VALUES ('f78e89dd-466c-11ee-a6f0-601895569a42', 'key_1696342713128292354', 'Event_0xabok4', '测试上传表单', '', '{\"formRef\":\"elForm\",\"formModel\":\"formData\",\"size\":\"medium\",\"labelPosition\":\"right\",\"labelWidth\":100,\"formRules\":\"rules\",\"gutter\":15,\"disabled\":false,\"span\":24,\"formBtns\":true,\"fields\":[{\"__config__\":{\"label\":\"单行文本\",\"labelWidth\":null,\"showLabel\":true,\"changeTag\":true,\"tag\":\"el-input\",\"tagIcon\":\"input\",\"required\":true,\"layout\":\"colFormItem\",\"span\":24,\"document\":\"https://element.eleme.cn/#/zh-CN/component/input\",\"regList\":[],\"formId\":101,\"renderKey\":\"1011693274577157\"},\"__slot__\":{\"prepend\":\"\",\"append\":\"\"},\"placeholder\":\"请输入单行文本\",\"style\":{\"width\":\"100%\"},\"clearable\":true,\"prefix-icon\":\"\",\"suffix-icon\":\"\",\"maxlength\":null,\"show-word-limit\":false,\"readonly\":false,\"disabled\":false,\"__vModel__\":\"field101\"},{\"__config__\":{\"label\":\"上传\",\"tag\":\"el-upload\",\"tagIcon\":\"upload\",\"layout\":\"colFormItem\",\"defaultValue\":null,\"showLabel\":true,\"labelWidth\":null,\"required\":false,\"span\":24,\"showTip\":false,\"buttonText\":\"点击上传\",\"regList\":[],\"changeTag\":true,\"fileSize\":2,\"sizeUnit\":\"MB\",\"document\":\"https://element.eleme.cn/#/zh-CN/component/upload\",\"formId\":102,\"renderKey\":\"1021693274579012\"},\"__slot__\":{\"list-type\":true},\"action\":\"/dev-api/system/oss/upload\",\"disabled\":false,\"accept\":\"\",\"name\":\"file\",\"auto-upload\":true,\"list-type\":\"text\",\"multiple\":false,\"__vModel__\":\"field102\"}]}');

-- ----------------------------
-- Table structure for wf_form
-- ----------------------------
DROP TABLE IF EXISTS `wf_form`;
CREATE TABLE `wf_form` (
  `form_id` bigint(20) NOT NULL AUTO_INCREMENT COMMENT '表单主键',
  `form_name` varchar(64) DEFAULT '' COMMENT '表单名称',
  `content` longtext COMMENT '表单内容',
  `create_by` varchar(64) DEFAULT '' COMMENT '创建者',
  `create_time` datetime DEFAULT NULL COMMENT '创建时间',
  `update_by` varchar(64) DEFAULT '' COMMENT '更新者',
  `update_time` datetime DEFAULT NULL COMMENT '更新时间',
  `remark` varchar(255) DEFAULT NULL COMMENT '备注',
  `del_flag` char(1) DEFAULT '0' COMMENT '删除标志（0代表存在 2代表删除）',
  PRIMARY KEY (`form_id`)
) ENGINE=InnoDB AUTO_INCREMENT=1700801425771466754 DEFAULT CHARSET=utf8mb4 COMMENT='流程表单信息表';

-- ----------------------------
-- Records of wf_form
-- ----------------------------
INSERT INTO `wf_form` VALUES ('1700794254715392001', 'aaaaa', '{\"list\":[{\"id\":\"fd_1694335910706\",\"_id\":\"fd_1694335910706\",\"compType\":\"input\",\"ele\":\"el-input\",\"compName\":\"单行文本\",\"compIcon\":\"input\",\"viewType\":\"text\",\"config\":true,\"showLabel\":true,\"label\":\"单行文本\",\"labelWidth\":80,\"placeholder\":\"请输入文本\",\"required\":false,\"maxLength\":50,\"gutter\":15,\"span\":24,\"width\":\"100%\",\"clearable\":true,\"disabled\":false,\"readonly\":false,\"status\":\"normal\",\"prefix-icon\":\"\",\"suffix-icon\":\"\",\"value\":\"\",\"rules\":[],\"rulesType\":\"default\",\"prepend\":\"\",\"append\":\"\",\"classStyle\":[],\"cssStyle\":\"\",\"layout\":\"colItem\"},{\"id\":\"fd_1694335914455\",\"_id\":\"fd_1694335914455\",\"compType\":\"date\",\"ele\":\"el-date-picker\",\"compName\":\"日期\",\"compIcon\":\"date\",\"viewType\":\"text\",\"config\":true,\"showLabel\":true,\"label\":\"日期\",\"labelWidth\":80,\"placeholder\":\"请选择\",\"required\":false,\"maxLength\":50,\"gutter\":15,\"span\":24,\"clearable\":true,\"disabled\":false,\"readonly\":false,\"value\":\"\",\"rules\":[],\"type\":\"date\",\"format\":\"yyyy-MM-dd\",\"value-format\":\"yyyy-MM-dd\",\"range-separator\":\"-\",\"start-placeholder\":\"开始日期\",\"end-placeholder\":\"结束日期\",\"classStyle\":[],\"cssStyle\":\"\",\"layout\":\"colItem\"}],\"config\":{\"version\":\"2.1.6\",\"formRef\":\"elForm\",\"formModel\":\"form\",\"rules\":\"rules\",\"size\":\"medium\",\"labelPosition\":\"right\",\"labelWidth\":80,\"formRules\":\"rules\",\"gutter\":15,\"disabled\":false,\"dynamicTableAllowed\":true,\"classStyle\":\"\"}}', 'admin', '2023-09-10 16:52:04', 'admin', '2023-09-10 16:52:04', 'aaaaa', '0');
INSERT INTO `wf_form` VALUES ('1700799756509777921', 'test', '{\"list\":[{\"id\":\"fd_1694337225774\",\"_id\":\"fd_1694337225774\",\"compType\":\"input\",\"ele\":\"el-input\",\"compName\":\"单行文本\",\"compIcon\":\"input\",\"viewType\":\"text\",\"config\":true,\"showLabel\":true,\"label\":\"单行文本\",\"labelWidth\":80,\"placeholder\":\"请输入文本\",\"required\":false,\"maxLength\":50,\"gutter\":15,\"span\":24,\"width\":\"100%\",\"clearable\":true,\"disabled\":false,\"readonly\":false,\"status\":\"normal\",\"prefix-icon\":\"\",\"suffix-icon\":\"\",\"value\":\"\",\"rules\":[],\"rulesType\":\"default\",\"prepend\":\"\",\"append\":\"\",\"classStyle\":[],\"cssStyle\":\"\",\"layout\":\"colItem\"},{\"id\":\"fd_1694337230624\",\"_id\":\"fd_1694337230624\",\"compType\":\"Switch\",\"ele\":\"el-switch\",\"compName\":\"开关\",\"label\":\"开关\",\"compIcon\":\"switch\",\"viewType\":\"component\",\"config\":true,\"showLabel\":true,\"gutter\":15,\"labelWidth\":80,\"value\":false,\"rules\":[],\"span\":24,\"disabled\":false,\"required\":false,\"active-color\":\"#409EFF\",\"inactive-color\":\"#DCDFE6\",\"active-value\":\"true\",\"inactive-value\":\"false\",\"classStyle\":[],\"cssStyle\":\"\",\"layout\":\"colItem\"},{\"id\":\"fd_1694444258291\",\"_id\":\"fd_1694444258291\",\"compType\":\"date\",\"ele\":\"el-date-picker\",\"compName\":\"日期\",\"compIcon\":\"date\",\"viewType\":\"text\",\"config\":true,\"showLabel\":true,\"label\":\"日期\",\"labelWidth\":80,\"placeholder\":\"请选择\",\"required\":false,\"maxLength\":50,\"gutter\":15,\"span\":24,\"clearable\":true,\"disabled\":false,\"readonly\":false,\"value\":\"\",\"rules\":[],\"type\":\"date\",\"format\":\"yyyy-MM-dd\",\"value-format\":\"yyyy-MM-dd\",\"range-separator\":\"-\",\"start-placeholder\":\"开始日期\",\"end-placeholder\":\"结束日期\",\"classStyle\":[],\"cssStyle\":\"\",\"layout\":\"colItem\"}],\"config\":{\"version\":\"2.1.6\",\"formRef\":\"elForm\",\"formModel\":\"form\",\"rules\":\"rules\",\"size\":\"medium\",\"labelPosition\":\"right\",\"labelWidth\":80,\"formRules\":\"rules\",\"gutter\":15,\"disabled\":false,\"dynamicTableAllowed\":true,\"classStyle\":\"\"}}', 'admin', '2023-09-10 17:13:56', 'admin', '2023-09-11 22:57:41', 'test', '0');
INSERT INTO `wf_form` VALUES ('1700801425771466753', '上传附件表单', '{\"list\":[{\"id\":\"fd_1694337626863\",\"_id\":\"fd_1694337626863\",\"compType\":\"input\",\"ele\":\"el-input\",\"compName\":\"单行文本\",\"compIcon\":\"input\",\"viewType\":\"text\",\"config\":true,\"showLabel\":true,\"label\":\"单行文本\",\"labelWidth\":80,\"placeholder\":\"请输入文本\",\"required\":false,\"maxLength\":50,\"gutter\":15,\"span\":24,\"width\":\"100%\",\"clearable\":true,\"disabled\":false,\"readonly\":false,\"status\":\"normal\",\"prefix-icon\":\"\",\"suffix-icon\":\"\",\"value\":\"\",\"rules\":[],\"rulesType\":\"default\",\"prepend\":\"\",\"append\":\"\",\"classStyle\":[],\"cssStyle\":\"\",\"layout\":\"colItem\"},{\"id\":\"fd_1694337627946\",\"_id\":\"fd_1694337627946\",\"compType\":\"date\",\"ele\":\"el-date-picker\",\"compName\":\"日期\",\"compIcon\":\"date\",\"viewType\":\"text\",\"config\":true,\"showLabel\":true,\"label\":\"日期\",\"labelWidth\":80,\"placeholder\":\"请选择\",\"required\":false,\"maxLength\":50,\"gutter\":15,\"span\":24,\"clearable\":true,\"disabled\":false,\"readonly\":false,\"value\":\"\",\"rules\":[],\"type\":\"date\",\"format\":\"yyyy-MM-dd\",\"value-format\":\"yyyy-MM-dd\",\"range-separator\":\"-\",\"start-placeholder\":\"开始日期\",\"end-placeholder\":\"结束日期\",\"classStyle\":[],\"cssStyle\":\"\",\"layout\":\"colItem\"},{\"id\":\"fd_1694419039887\",\"_id\":\"fd_1694419039887\",\"compType\":\"upload\",\"ele\":\"el-upload\",\"compName\":\"附件\",\"compIcon\":\"att\",\"viewType\":\"component\",\"config\":true,\"showLabel\":true,\"label\":\"附件上传\",\"labelWidth\":80,\"gutter\":15,\"span\":24,\"required\":false,\"action\":\"http://localhost:9060/common/upload\",\"multiple\":false,\"name\":\"file\",\"show-file-list\":true,\"list-type\":\"text\",\"value\":\"\",\"width\":100,\"buttonText\":\"请上传附件\",\"showTip\":false,\"tips\":\"点击按钮上传附件\",\"accept\":\".pdf, .doc, .docx, .xls, .xlsx\",\"fileSize\":10,\"headers\":{\"Authorization\":\"Bearer token\"},\"classStyle\":[],\"cssStyle\":\"\",\"layout\":\"colItem\"}],\"config\":{\"version\":\"2.1.6\",\"formRef\":\"elForm\",\"formModel\":\"form\",\"rules\":\"rules\",\"size\":\"medium\",\"labelPosition\":\"right\",\"labelWidth\":80,\"formRules\":\"rules\",\"gutter\":15,\"disabled\":false,\"dynamicTableAllowed\":true,\"classStyle\":\"\"}}', 'admin', '2023-09-10 17:20:34', 'admin', '2023-09-11 15:57:32', '上传附件表单', '0');
